/*******************************************************************************
 * Size: 24 px
 * Bpp: 4
 * Opts: --font /usr/share/fonts/truetype/roboto/unhinted/RobotoTTF/Roboto-Bold.ttf -r 0x20-0x7E,0x00A0-0x00FF --font /usr/share/fonts/truetype/noto/NotoSansThai-Bold.ttf -r 0x0E01-0x0E5B --size 24 --bpp 4 --format lvgl --no-compress --no-kerning --lv-include lvgl.h --lv-fallback lv_font_montserrat_24 -o src/font_thai_24.c
 ******************************************************************************/

#ifdef LV_LVGL_H_INCLUDE_SIMPLE
#include "lvgl.h"
#else
#include "lvgl.h"
#endif

#ifndef FONT_THAI_24
#define FONT_THAI_24 1
#endif

#if FONT_THAI_24

/*-----------------
 *    BITMAPS
 *----------------*/

/*Store the image of the glyphs*/
static LV_ATTRIBUTE_LARGE_CONST const uint8_t glyph_bitmap[] = {
    /* U+0020 " " */

    /* U+0021 "!" */
    0x7f, 0xff, 0x16, 0xff, 0xf1, 0x5f, 0xff, 0x5,
    0xff, 0xf0, 0x4f, 0xff, 0x4, 0xff, 0xf0, 0x3f,
    0xfe, 0x3, 0xff, 0xe0, 0x2f, 0xfd, 0x2, 0xff,
    0xd0, 0x1f, 0xfc, 0x1, 0xee, 0xb0, 0x0, 0x0,
    0x0, 0x68, 0x30, 0x5f, 0xff, 0x17, 0xff, 0xf2,
    0x1c, 0xf9, 0x0,

    /* U+0022 "\"" */
    0x4f, 0xf2, 0x6f, 0xe4, 0xff, 0x16, 0xfe, 0x4f,
    0xf0, 0x6f, 0xd4, 0xff, 0x6, 0xfb, 0x4f, 0xd0,
    0x6f, 0xa4, 0xfb, 0x6, 0xf8, 0x17, 0x50, 0x37,
    0x30,

    /* U+0023 "#" */
    0x0, 0x0, 0x8, 0xf9, 0x1, 0xff, 0x0, 0x0,
    0x0, 0xb, 0xf7, 0x4, 0xfd, 0x0, 0x0, 0x0,
    0xd, 0xf4, 0x7, 0xfb, 0x0, 0x0, 0x0, 0xf,
    0xf1, 0xa, 0xf8, 0x0, 0x0, 0x0, 0x3f, 0xe0,
    0xc, 0xf6, 0x0, 0x6, 0xff, 0xff, 0xff, 0xff,
    0xff, 0xfd, 0x6, 0xff, 0xff, 0xff, 0xff, 0xff,
    0xfd, 0x0, 0x0, 0xcf, 0x60, 0x5f, 0xc0, 0x0,
    0x0, 0x0, 0xef, 0x30, 0x8f, 0x90, 0x0, 0x0,
    0x2, 0xff, 0x0, 0xbf, 0x60, 0x0, 0x4f, 0xff,
    0xff, 0xff, 0xff, 0xff, 0xf0, 0x4f, 0xff, 0xff,
    0xff, 0xff, 0xff, 0xf0, 0x0, 0xb, 0xf8, 0x4,
    0xfe, 0x0, 0x0, 0x0, 0xd, 0xf5, 0x7, 0xfb,
    0x0, 0x0, 0x0, 0xf, 0xf2, 0x9, 0xf8, 0x0,
    0x0, 0x0, 0x2f, 0xf0, 0xc, 0xf6, 0x0, 0x0,
    0x0, 0x5f, 0xc0, 0xf, 0xf3, 0x0, 0x0,

    /* U+0024 "$" */
    0x0, 0x0, 0x2, 0x30, 0x0, 0x0, 0x0, 0x0,
    0xa, 0xf3, 0x0, 0x0, 0x0, 0x0, 0xa, 0xf3,
    0x0, 0x0, 0x0, 0x3, 0x8e, 0xfa, 0x50, 0x0,
    0x0, 0xaf, 0xff, 0xff, 0xfc, 0x10, 0x9, 0xff,
    0xff, 0xff, 0xff, 0xc0, 0x1f, 0xff, 0xb1, 0x19,
    0xff, 0xf4, 0x3f, 0xff, 0x30, 0x0, 0xef, 0xf8,
    0x3f, 0xff, 0x30, 0x0, 0x9c, 0xc7, 0x1f, 0xff,
    0xb0, 0x0, 0x0, 0x0, 0xa, 0xff, 0xfe, 0x71,
    0x0, 0x0, 0x0, 0xaf, 0xff, 0xff, 0x80, 0x0,
    0x0, 0x4, 0xcf, 0xff, 0xfd, 0x30, 0x0, 0x0,
    0x3, 0xbf, 0xff, 0xe1, 0x0, 0x0, 0x0, 0x5,
    0xff, 0xf7, 0xce, 0xe6, 0x0, 0x0, 0xdf, 0xf9,
    0xcf, 0xfb, 0x0, 0x0, 0xdf, 0xf9, 0x8f, 0xff,
    0x81, 0x17, 0xff, 0xf6, 0x1e, 0xff, 0xff, 0xff,
    0xff, 0xe0, 0x2, 0xcf, 0xff, 0xff, 0xfc, 0x20,
    0x0, 0x4, 0x8f, 0xf8, 0x40, 0x0, 0x0, 0x0,
    0xe, 0xf0, 0x0, 0x0, 0x0, 0x0, 0xe, 0xf0,
    0x0, 0x0,

    /* U+0025 "%" */
    0x5, 0xcf, 0xea, 0x20, 0x0, 0x0, 0x0, 0x0,
    0x5f, 0xff, 0xff, 0xe1, 0x0, 0x0, 0x0, 0x0,
    0xcf, 0xa0, 0x2e, 0xf6, 0x0, 0x4f, 0x60, 0x0,
    0xef, 0x60, 0xb, 0xf8, 0x0, 0xdf, 0x40, 0x0,
    0xcf, 0xa0, 0x2e, 0xf6, 0x9, 0xfa, 0x0, 0x0,
    0x5f, 0xff, 0xff, 0xe1, 0x3f, 0xe1, 0x0, 0x0,
    0x5, 0xcf, 0xeb, 0x20, 0xdf, 0x50, 0x0, 0x0,
    0x0, 0x0, 0x0, 0x8, 0xfb, 0x0, 0x0, 0x0,
    0x0, 0x0, 0x0, 0x3f, 0xf1, 0x0, 0x0, 0x0,
    0x0, 0x0, 0x0, 0xcf, 0x63, 0xbf, 0xfb, 0x30,
    0x0, 0x0, 0x7, 0xfb, 0x1f, 0xff, 0xff, 0xe1,
    0x0, 0x0, 0x2f, 0xf2, 0x8f, 0xd1, 0x1e, 0xf7,
    0x0, 0x0, 0xcf, 0x70, 0xbf, 0x80, 0x9, 0xfa,
    0x0, 0x7, 0xfc, 0x0, 0xbf, 0x80, 0x9, 0xfa,
    0x0, 0xd, 0xf2, 0x0, 0x8f, 0xd1, 0x1d, 0xf8,
    0x0, 0x0, 0x40, 0x0, 0x1f, 0xff, 0xff, 0xf1,
    0x0, 0x0, 0x0, 0x0, 0x3, 0xbf, 0xfb, 0x30,

    /* U+0026 "&" */
    0x0, 0x0, 0x7d, 0xff, 0xc4, 0x0, 0x0, 0x0,
    0x0, 0xb, 0xff, 0xff, 0xff, 0x60, 0x0, 0x0,
    0x0, 0x5f, 0xff, 0xdd, 0xff, 0xf0, 0x0, 0x0,
    0x0, 0xaf, 0xf9, 0x0, 0xbf, 0xf4, 0x0, 0x0,
    0x0, 0xbf, 0xf5, 0x0, 0xaf, 0xf3, 0x0, 0x0,
    0x0, 0x8f, 0xfb, 0x5, 0xff, 0xd0, 0x0, 0x0,
    0x0, 0x1f, 0xff, 0xcf, 0xfe, 0x20, 0x0, 0x0,
    0x0, 0x6, 0xff, 0xff, 0xc2, 0x0, 0x0, 0x0,
    0x0, 0x1b, 0xff, 0xff, 0x30, 0x3, 0x66, 0x20,
    0x1, 0xdf, 0xff, 0xff, 0xe2, 0x8, 0xff, 0x60,
    0xa, 0xff, 0xc1, 0xdf, 0xfe, 0x1c, 0xff, 0x40,
    0xf, 0xff, 0x50, 0x1e, 0xff, 0xdf, 0xff, 0x10,
    0x2f, 0xff, 0x40, 0x2, 0xef, 0xff, 0xfa, 0x0,
    0xf, 0xff, 0xc1, 0x0, 0x7f, 0xff, 0xf2, 0x0,
    0x9, 0xff, 0xff, 0xce, 0xff, 0xff, 0xf7, 0x0,
    0x0, 0xcf, 0xff, 0xff, 0xff, 0xff, 0xff, 0x40,
    0x0, 0x6, 0xcf, 0xfe, 0xc7, 0x1c, 0xff, 0xe2,

    /* U+0027 "'" */
    0x4f, 0xf3, 0x4f, 0xf3, 0x4f, 0xf2, 0x4f, 0xf1,
    0x4f, 0xf0, 0x4f, 0xf0, 0x17, 0x70,

    /* U+0028 "(" */
    0x0, 0x0, 0x0, 0x0, 0x0, 0x0, 0x87, 0x0,
    0x0, 0xbf, 0xd0, 0x0, 0xaf, 0xf3, 0x0, 0x5f,
    0xf7, 0x0, 0xd, 0xfd, 0x0, 0x5, 0xff, 0x50,
    0x0, 0xbf, 0xf0, 0x0, 0xf, 0xfc, 0x0, 0x3,
    0xff, 0x90, 0x0, 0x5f, 0xf7, 0x0, 0x6, 0xff,
    0x60, 0x0, 0x7f, 0xf5, 0x0, 0x8, 0xff, 0x50,
    0x0, 0x7f, 0xf5, 0x0, 0x5, 0xff, 0x60, 0x0,
    0x4f, 0xf8, 0x0, 0x0, 0xff, 0xb0, 0x0, 0xc,
    0xfe, 0x0, 0x0, 0x7f, 0xf4, 0x0, 0x0, 0xff,
    0xb0, 0x0, 0x8, 0xff, 0x30, 0x0, 0xd, 0xfd,
    0x10, 0x0, 0x2e, 0xfb, 0x0, 0x0, 0x2d, 0x90,
    0x0, 0x0, 0x1,

    /* U+0029 ")" */
    0x0, 0x0, 0x0, 0x0, 0x1d, 0x30, 0x0, 0x0,
    0x6f, 0xf4, 0x0, 0x0, 0xc, 0xff, 0x20, 0x0,
    0x1, 0xef, 0xc0, 0x0, 0x0, 0x7f, 0xf6, 0x0,
    0x0, 0xe, 0xfd, 0x0, 0x0, 0x9, 0xff, 0x40,
    0x0, 0x5, 0xff, 0x80, 0x0, 0x2, 0xff, 0xc0,
    0x0, 0x0, 0xff, 0xf0, 0x0, 0x0, 0xff, 0xf0,
    0x0, 0x0, 0xef, 0xf1, 0x0, 0x0, 0xef, 0xf2,
    0x0, 0x0, 0xef, 0xf1, 0x0, 0x0, 0xff, 0xf0,
    0x0, 0x1, 0xff, 0xd0, 0x0, 0x4, 0xff, 0x90,
    0x0, 0x7, 0xff, 0x50, 0x0, 0xd, 0xff, 0x0,
    0x0, 0x4f, 0xf8, 0x0, 0x0, 0xcf, 0xe1, 0x0,
    0x8, 0xff, 0x50, 0x0, 0x5f, 0xf8, 0x0, 0x0,
    0x3f, 0x70, 0x0, 0x0, 0x2, 0x0, 0x0, 0x0,

    /* U+002A "*" */
    0x0, 0x0, 0x8f, 0xb0, 0x0, 0x0, 0x0, 0x7,
    0xfa, 0x0, 0x0, 0x2, 0x0, 0x6f, 0x90, 0x1,
    0x4, 0xfc, 0x56, 0xf8, 0x39, 0xf4, 0x7f, 0xff,
    0xff, 0xff, 0xff, 0x90, 0x16, 0xaf, 0xff, 0xc8,
    0x40, 0x0, 0x8, 0xff, 0xf6, 0x0, 0x0, 0x5,
    0xff, 0x6f, 0xf3, 0x0, 0x2, 0xff, 0x70, 0x9f,
    0xe1, 0x0, 0x1b, 0xd0, 0x1, 0xeb, 0x10, 0x0,
    0x1, 0x0, 0x2, 0x0, 0x0,

    /* U+002B "+" */
    0x0, 0x0, 0x8, 0x88, 0x10, 0x0, 0x0, 0x0,
    0x1, 0xff, 0xf2, 0x0, 0x0, 0x0, 0x0, 0x1f,
    0xff, 0x20, 0x0, 0x0, 0x0, 0x1, 0xff, 0xf2,
    0x0, 0x0, 0x0, 0x0, 0x1f, 0xff, 0x20, 0x0,
    0x5, 0xff, 0xff, 0xff, 0xff, 0xff, 0xf5, 0x5f,
    0xff, 0xff, 0xff, 0xff, 0xff, 0x55, 0xff, 0xff,
    0xff, 0xff, 0xff, 0xf5, 0x1, 0x11, 0x2f, 0xff,
    0x31, 0x11, 0x0, 0x0, 0x1, 0xff, 0xf2, 0x0,
    0x0, 0x0, 0x0, 0x1f, 0xff, 0x20, 0x0, 0x0,
    0x0, 0x1, 0xff, 0xf2, 0x0, 0x0, 0x0, 0x0,
    0x1f, 0xff, 0x20, 0x0, 0x0,

    /* U+002C "," */
    0x5, 0xff, 0x70, 0x5f, 0xf7, 0x5, 0xff, 0x70,
    0x7f, 0xf5, 0xb, 0xff, 0x3, 0xff, 0x80, 0x3d,
    0xc0, 0x0, 0x0, 0x0,

    /* U+002D "-" */
    0x8c, 0xcc, 0xcc, 0xab, 0xff, 0xff, 0xfe, 0xbf,
    0xff, 0xff, 0xe0,

    /* U+002E "." */
    0x6, 0x94, 0x5, 0xff, 0xf2, 0x7f, 0xff, 0x31,
    0xcf, 0xa0,

    /* U+002F "/" */
    0x0, 0x0, 0x0, 0x1f, 0xf7, 0x0, 0x0, 0x0,
    0x6f, 0xf2, 0x0, 0x0, 0x0, 0xbf, 0xc0, 0x0,
    0x0, 0x1, 0xff, 0x70, 0x0, 0x0, 0x6, 0xff,
    0x20, 0x0, 0x0, 0xb, 0xfc, 0x0, 0x0, 0x0,
    0x1f, 0xf7, 0x0, 0x0, 0x0, 0x6f, 0xf1, 0x0,
    0x0, 0x0, 0xcf, 0xc0, 0x0, 0x0, 0x1, 0xff,
    0x60, 0x0, 0x0, 0x7, 0xff, 0x10, 0x0, 0x0,
    0xc, 0xfb, 0x0, 0x0, 0x0, 0x1f, 0xf6, 0x0,
    0x0, 0x0, 0x7f, 0xf1, 0x0, 0x0, 0x0, 0xcf,
    0xb0, 0x0, 0x0, 0x2, 0xff, 0x60, 0x0, 0x0,
    0x7, 0xff, 0x10, 0x0, 0x0, 0xd, 0xfb, 0x0,
    0x0, 0x0, 0x7, 0x83, 0x0, 0x0, 0x0,

    /* U+0030 "0" */
    0x0, 0x18, 0xdf, 0xfc, 0x60, 0x0, 0x2, 0xef,
    0xff, 0xff, 0xfc, 0x0, 0xd, 0xff, 0xfd, 0xef,
    0xff, 0xa0, 0x5f, 0xff, 0x40, 0x8, 0xff, 0xf1,
    0x9f, 0xfc, 0x0, 0x0, 0xff, 0xf6, 0xcf, 0xf9,
    0x0, 0x0, 0xcf, 0xf8, 0xdf, 0xf8, 0x0, 0x0,
    0xbf, 0xf9, 0xef, 0xf8, 0x0, 0x0, 0xbf, 0xfa,
    0xef, 0xf8, 0x0, 0x0, 0xbf, 0xfa, 0xdf, 0xf8,
    0x0, 0x0, 0xbf, 0xfa, 0xdf, 0xf8, 0x0, 0x0,
    0xbf, 0xf9, 0xcf, 0xf9, 0x0, 0x0, 0xcf, 0xf8,
    0x9f, 0xfc, 0x0, 0x0, 0xff, 0xf5, 0x5f, 0xff,
    0x50, 0x8, 0xff, 0xf1, 0xd, 0xff, 0xfd, 0xef,
    0xff, 0xa0, 0x2, 0xef, 0xff, 0xff, 0xfc, 0x0,
    0x0, 0x18, 0xdf, 0xfc, 0x60, 0x0,

    /* U+0031 "1" */
    0x0, 0x0, 0x1, 0x7c, 0x60, 0x0, 0x6b, 0xff,
    0xf6, 0xa, 0xff, 0xff, 0xff, 0x60, 0xff, 0xff,
    0xff, 0xf6, 0xf, 0xc7, 0x2f, 0xff, 0x60, 0x10,
    0x0, 0xff, 0xf6, 0x0, 0x0, 0xf, 0xff, 0x60,
    0x0, 0x0, 0xff, 0xf6, 0x0, 0x0, 0xf, 0xff,
    0x60, 0x0, 0x0, 0xff, 0xf6, 0x0, 0x0, 0xf,
    0xff, 0x60, 0x0, 0x0, 0xff, 0xf6, 0x0, 0x0,
    0xf, 0xff, 0x60, 0x0, 0x0, 0xff, 0xf6, 0x0,
    0x0, 0xf, 0xff, 0x60, 0x0, 0x0, 0xff, 0xf6,
    0x0, 0x0, 0xf, 0xff, 0x60,

    /* U+0032 "2" */
    0x0, 0x3, 0xae, 0xff, 0xd8, 0x10, 0x0, 0x6,
    0xff, 0xff, 0xff, 0xfe, 0x20, 0x4, 0xff, 0xff,
    0xce, 0xff, 0xfc, 0x0, 0xcf, 0xfd, 0x10, 0xa,
    0xff, 0xf2, 0x1f, 0xff, 0x60, 0x0, 0x3f, 0xff,
    0x41, 0x88, 0x82, 0x0, 0x2, 0xff, 0xf3, 0x0,
    0x0, 0x0, 0x0, 0x7f, 0xff, 0x0, 0x0, 0x0,
    0x0, 0x2f, 0xff, 0x80, 0x0, 0x0, 0x0, 0x1d,
    0xff, 0xc0, 0x0, 0x0, 0x0, 0xc, 0xff, 0xe1,
    0x0, 0x0, 0x0, 0xc, 0xff, 0xf3, 0x0, 0x0,
    0x0, 0xb, 0xff, 0xf3, 0x0, 0x0, 0x0, 0xb,
    0xff, 0xf4, 0x0, 0x0, 0x0, 0xb, 0xff, 0xf4,
    0x0, 0x0, 0x0, 0x9, 0xff, 0xfe, 0xcc, 0xcc,
    0xcc, 0xa0, 0xdf, 0xff, 0xff, 0xff, 0xff, 0xfd,
    0xd, 0xff, 0xff, 0xff, 0xff, 0xff, 0xd0,

    /* U+0033 "3" */
    0x0, 0x4, 0xbe, 0xfe, 0xc7, 0x0, 0x0, 0xa,
    0xff, 0xff, 0xff, 0xfe, 0x20, 0x7, 0xff, 0xff,
    0xce, 0xff, 0xfc, 0x0, 0xef, 0xfc, 0x0, 0x8,
    0xff, 0xf2, 0x8, 0x99, 0x30, 0x0, 0x1f, 0xff,
    0x40, 0x0, 0x0, 0x0, 0x3, 0xff, 0xf3, 0x0,
    0x0, 0x0, 0x3, 0xcf, 0xfc, 0x0, 0x0, 0x6,
    0xff, 0xff, 0xfd, 0x10, 0x0, 0x0, 0x6f, 0xff,
    0xff, 0x50, 0x0, 0x0, 0x4, 0xbb, 0xdf, 0xff,
    0x90, 0x0, 0x0, 0x0, 0x0, 0x6f, 0xff, 0x30,
    0x0, 0x0, 0x0, 0x0, 0xef, 0xf8, 0x2c, 0xcc,
    0x30, 0x0, 0xd, 0xff, 0x81, 0xff, 0xfb, 0x0,
    0x6, 0xff, 0xf6, 0xa, 0xff, 0xff, 0xce, 0xff,
    0xfe, 0x0, 0xb, 0xff, 0xff, 0xff, 0xfe, 0x30,
    0x0, 0x5, 0xbe, 0xfe, 0xc7, 0x0, 0x0,

    /* U+0034 "4" */
    0x0, 0x0, 0x0, 0x9, 0xff, 0xf3, 0x0, 0x0,
    0x0, 0x0, 0x3f, 0xff, 0xf3, 0x0, 0x0, 0x0,
    0x0, 0xdf, 0xff, 0xf3, 0x0, 0x0, 0x0, 0x8,
    0xff, 0xff, 0xf3, 0x0, 0x0, 0x0, 0x2f, 0xfe,
    0xff, 0xf3, 0x0, 0x0, 0x0, 0xcf, 0xf5, 0xff,
    0xf3, 0x0, 0x0, 0x7, 0xff, 0x73, 0xff, 0xf3,
    0x0, 0x0, 0x2f, 0xfc, 0x3, 0xff, 0xf3, 0x0,
    0x0, 0xcf, 0xf3, 0x3, 0xff, 0xf3, 0x0, 0x6,
    0xff, 0x80, 0x3, 0xff, 0xf3, 0x0, 0x1f, 0xff,
    0xcb, 0xbc, 0xff, 0xfc, 0xb1, 0x4f, 0xff, 0xff,
    0xff, 0xff, 0xff, 0xf2, 0x3f, 0xff, 0xff, 0xff,
    0xff, 0xff, 0xf2, 0x0, 0x0, 0x0, 0x3, 0xff,
    0xf3, 0x0, 0x0, 0x0, 0x0, 0x3, 0xff, 0xf3,
    0x0, 0x0, 0x0, 0x0, 0x3, 0xff, 0xf3, 0x0,
    0x0, 0x0, 0x0, 0x3, 0xff, 0xf3, 0x0,

    /* U+0035 "5" */
    0x6, 0xff, 0xff, 0xff, 0xff, 0xf3, 0x8, 0xff,
    0xff, 0xff, 0xff, 0xf3, 0xa, 0xff, 0xed, 0xdd,
    0xdd, 0xd2, 0xc, 0xff, 0x50, 0x0, 0x0, 0x0,
    0xe, 0xff, 0x30, 0x0, 0x0, 0x0, 0xf, 0xff,
    0x36, 0x87, 0x40, 0x0, 0x1f, 0xff, 0xff, 0xff,
    0xfc, 0x10, 0x3f, 0xff, 0xff, 0xff, 0xff, 0xc0,
    0x17, 0xbc, 0x30, 0x2b, 0xff, 0xf4, 0x0, 0x0,
    0x0, 0x0, 0xef, 0xf9, 0x0, 0x0, 0x0, 0x0,
    0xaf, 0xfb, 0x0, 0x0, 0x0, 0x0, 0xaf, 0xfc,
    0xbf, 0xfb, 0x0, 0x0, 0xdf, 0xfa, 0x7f, 0xff,
    0x40, 0x6, 0xff, 0xf5, 0x1e, 0xff, 0xfd, 0xdf,
    0xff, 0xd0, 0x3, 0xef, 0xff, 0xff, 0xfe, 0x30,
    0x0, 0x7, 0xcf, 0xfd, 0x91, 0x0,

    /* U+0036 "6" */
    0x0, 0x0, 0x7, 0xbe, 0xf5, 0x0, 0x0, 0x5,
    0xef, 0xff, 0xf5, 0x0, 0x0, 0x7f, 0xff, 0xff,
    0xd4, 0x0, 0x3, 0xff, 0xfb, 0x30, 0x0, 0x0,
    0xc, 0xff, 0xa0, 0x0, 0x0, 0x0, 0x3f, 0xff,
    0x27, 0xab, 0x82, 0x0, 0x8f, 0xfd, 0xef, 0xff,
    0xff, 0x40, 0xbf, 0xff, 0xff, 0xff, 0xff, 0xe1,
    0xcf, 0xff, 0x81, 0x19, 0xff, 0xf7, 0xcf, 0xfa,
    0x0, 0x0, 0xcf, 0xfc, 0xcf, 0xf9, 0x0, 0x0,
    0x8f, 0xfe, 0xbf, 0xfa, 0x0, 0x0, 0x8f, 0xfe,
    0x8f, 0xfe, 0x0, 0x0, 0xbf, 0xfc, 0x3f, 0xff,
    0x80, 0x4, 0xff, 0xf7, 0xa, 0xff, 0xfe, 0xdf,
    0xff, 0xe1, 0x0, 0xcf, 0xff, 0xff, 0xfe, 0x30,
    0x0, 0x6, 0xcf, 0xfd, 0x91, 0x0,

    /* U+0037 "7" */
    0x4f, 0xff, 0xff, 0xff, 0xff, 0xff, 0xc4, 0xff,
    0xff, 0xff, 0xff, 0xff, 0xfc, 0x3c, 0xcc, 0xcc,
    0xcc, 0xcf, 0xff, 0x80, 0x0, 0x0, 0x0, 0x2,
    0xff, 0xf1, 0x0, 0x0, 0x0, 0x0, 0x9f, 0xfa,
    0x0, 0x0, 0x0, 0x0, 0x1f, 0xff, 0x30, 0x0,
    0x0, 0x0, 0x8, 0xff, 0xc0, 0x0, 0x0, 0x0,
    0x0, 0xff, 0xf5, 0x0, 0x0, 0x0, 0x0, 0x7f,
    0xfe, 0x0, 0x0, 0x0, 0x0, 0xe, 0xff, 0x70,
    0x0, 0x0, 0x0, 0x6, 0xff, 0xf1, 0x0, 0x0,
    0x0, 0x0, 0xdf, 0xf9, 0x0, 0x0, 0x0, 0x0,
    0x4f, 0xff, 0x20, 0x0, 0x0, 0x0, 0xc, 0xff,
    0xb0, 0x0, 0x0, 0x0, 0x3, 0xff, 0xf4, 0x0,
    0x0, 0x0, 0x0, 0xbf, 0xfd, 0x0, 0x0, 0x0,
    0x0, 0x2f, 0xff, 0x60, 0x0, 0x0, 0x0,

    /* U+0038 "8" */
    0x0, 0x3a, 0xdf, 0xfd, 0x81, 0x0, 0x6, 0xff,
    0xff, 0xff, 0xff, 0x30, 0x2f, 0xff, 0xfc, 0xdf,
    0xff, 0xe0, 0x6f, 0xff, 0x30, 0x7, 0xff, 0xf3,
    0x7f, 0xfe, 0x0, 0x2, 0xff, 0xf3, 0x3f, 0xff,
    0x30, 0x7, 0xff, 0xf0, 0xa, 0xff, 0xfc, 0xdf,
    0xff, 0x60, 0x0, 0x9f, 0xff, 0xff, 0xf5, 0x0,
    0x7, 0xff, 0xff, 0xff, 0xff, 0x30, 0x3f, 0xff,
    0x71, 0x1a, 0xff, 0xe0, 0xaf, 0xfb, 0x0, 0x0,
    0xff, 0xf6, 0xdf, 0xf8, 0x0, 0x0, 0xcf, 0xf9,
    0xdf, 0xfa, 0x0, 0x0, 0xef, 0xf9, 0xaf, 0xff,
    0x30, 0x7, 0xff, 0xf6, 0x3f, 0xff, 0xfd, 0xdf,
    0xff, 0xe1, 0x6, 0xff, 0xff, 0xff, 0xfe, 0x30,
    0x0, 0x29, 0xdf, 0xfd, 0x81, 0x0,

    /* U+0039 "9" */
    0x0, 0x29, 0xdf, 0xeb, 0x40, 0x0, 0x4, 0xff,
    0xff, 0xff, 0xf8, 0x0, 0x1f, 0xff, 0xfd, 0xef,
    0xff, 0x60, 0x9f, 0xff, 0x30, 0xa, 0xff, 0xe0,
    0xdf, 0xf9, 0x0, 0x1, 0xff, 0xf3, 0xff, 0xf6,
    0x0, 0x0, 0xef, 0xf6, 0xef, 0xf8, 0x0, 0x0,
    0xdf, 0xf8, 0xbf, 0xfe, 0x10, 0x3, 0xff, 0xf8,
    0x5f, 0xff, 0xeb, 0xbf, 0xff, 0xf7, 0xa, 0xff,
    0xff, 0xff, 0xff, 0xf6, 0x0, 0x6c, 0xff, 0xb3,
    0xff, 0xf4, 0x0, 0x0, 0x0, 0x5, 0xff, 0xf0,
    0x0, 0x0, 0x0, 0x1d, 0xff, 0x90, 0x0, 0x0,
    0x4, 0xdf, 0xff, 0x20, 0x0, 0x5d, 0xff, 0xff,
    0xf5, 0x0, 0x0, 0x7f, 0xff, 0xfe, 0x50, 0x0,
    0x0, 0x7f, 0xeb, 0x60, 0x0, 0x0,

    /* U+003A ":" */
    0x1c, 0xf9, 0x7, 0xff, 0xf3, 0x5f, 0xff, 0x10,
    0x69, 0x40, 0x0, 0x0, 0x0, 0x0, 0x0, 0x0,
    0x0, 0x0, 0x0, 0x0, 0x0, 0x0, 0x0, 0x69,
    0x40, 0x5f, 0xff, 0x17, 0xff, 0xf3, 0x1c, 0xf9,
    0x0,

    /* U+003B ";" */
    0x3, 0xdf, 0x70, 0xa, 0xff, 0xf0, 0x9, 0xff,
    0xe0, 0x0, 0x79, 0x20, 0x0, 0x0, 0x0, 0x0,
    0x0, 0x0, 0x0, 0x0, 0x0, 0x0, 0x0, 0x0,
    0x0, 0x0, 0x0, 0x0, 0x0, 0x0, 0x1, 0xdd,
    0xa0, 0x1, 0xff, 0xc0, 0x1, 0xff, 0xb0, 0x2,
    0xff, 0x90, 0x6, 0xff, 0x50, 0xd, 0xfd, 0x0,
    0x1d, 0xf3, 0x0, 0x0, 0x20, 0x0,

    /* U+003C "<" */
    0x0, 0x0, 0x0, 0x0, 0x17, 0x90, 0x0, 0x0,
    0x3, 0xaf, 0xfb, 0x0, 0x0, 0x5c, 0xff, 0xff,
    0xb0, 0x17, 0xef, 0xff, 0xff, 0xb4, 0x4f, 0xff,
    0xff, 0xd7, 0x10, 0x5, 0xff, 0xfa, 0x20, 0x0,
    0x0, 0x5f, 0xff, 0xfc, 0x61, 0x0, 0x0, 0x6d,
    0xff, 0xff, 0xfb, 0x50, 0x0, 0x4, 0xbf, 0xff,
    0xff, 0xb0, 0x0, 0x0, 0x29, 0xff, 0xfb, 0x0,
    0x0, 0x0, 0x0, 0x7d, 0xb0, 0x0, 0x0, 0x0,
    0x0, 0x2,

    /* U+003D "=" */
    0x4c, 0xcc, 0xcc, 0xcc, 0xcc, 0xc0, 0x6f, 0xff,
    0xff, 0xff, 0xff, 0xf1, 0x6f, 0xff, 0xff, 0xff,
    0xff, 0xf1, 0x0, 0x0, 0x0, 0x0, 0x0, 0x0,
    0x0, 0x0, 0x0, 0x0, 0x0, 0x0, 0x4c, 0xcc,
    0xcc, 0xcc, 0xcc, 0xc0, 0x6f, 0xff, 0xff, 0xff,
    0xff, 0xf1, 0x6f, 0xff, 0xff, 0xff, 0xff, 0xf1,

    /* U+003E ">" */
    0x88, 0x20, 0x0, 0x0, 0x0, 0x9, 0xff, 0xb4,
    0x0, 0x0, 0x0, 0x9f, 0xff, 0xfd, 0x60, 0x0,
    0x3, 0xaf, 0xff, 0xff, 0xf9, 0x20, 0x0, 0x5,
    0xbf, 0xff, 0xff, 0x80, 0x0, 0x0, 0x18, 0xff,
    0xfa, 0x0, 0x0, 0x5b, 0xff, 0xff, 0xa0, 0x4a,
    0xff, 0xff, 0xfe, 0x82, 0x9f, 0xff, 0xff, 0xd6,
    0x0, 0x9, 0xff, 0xfa, 0x30, 0x0, 0x0, 0x9e,
    0x81, 0x0, 0x0, 0x0, 0x2, 0x0, 0x0, 0x0,
    0x0, 0x0,

    /* U+003F "?" */
    0x0, 0x29, 0xdf, 0xfd, 0x81, 0x0, 0x4, 0xff,
    0xff, 0xff, 0xfe, 0x20, 0xe, 0xff, 0xfd, 0xef,
    0xff, 0xa0, 0x4f, 0xff, 0x60, 0xa, 0xff, 0xf0,
    0x4b, 0xbb, 0x0, 0x5, 0xff, 0xf0, 0x0, 0x0,
    0x0, 0x7, 0xff, 0xe0, 0x0, 0x0, 0x0, 0x3f,
    0xff, 0x70, 0x0, 0x0, 0x4, 0xff, 0xfa, 0x0,
    0x0, 0x0, 0x2f, 0xff, 0xa0, 0x0, 0x0, 0x0,
    0x9f, 0xfb, 0x0, 0x0, 0x0, 0x0, 0xdf, 0xf4,
    0x0, 0x0, 0x0, 0x0, 0x9a, 0xa1, 0x0, 0x0,
    0x0, 0x0, 0x0, 0x0, 0x0, 0x0, 0x0, 0x0,
    0x39, 0x50, 0x0, 0x0, 0x0, 0x1, 0xff, 0xf5,
    0x0, 0x0, 0x0, 0x3, 0xff, 0xf7, 0x0, 0x0,
    0x0, 0x0, 0x9f, 0xc1, 0x0, 0x0,

    /* U+0040 "@" */
    0x0, 0x0, 0x0, 0x4, 0xad, 0xff, 0xec, 0x82,
    0x0, 0x0, 0x0, 0x0, 0x0, 0x3c, 0xff, 0xff,
    0xff, 0xff, 0xfa, 0x0, 0x0, 0x0, 0x0, 0x5f,
    0xfd, 0x61, 0x0, 0x3, 0x8f, 0xfc, 0x10, 0x0,
    0x0, 0x4f, 0xfa, 0x0, 0x0, 0x0, 0x0, 0x1d,
    0xfb, 0x0, 0x0, 0x1e, 0xfa, 0x0, 0x0, 0x0,
    0x0, 0x0, 0x1f, 0xf5, 0x0, 0x9, 0xfe, 0x0,
    0x0, 0x7d, 0xfe, 0xa2, 0x0, 0x7f, 0xb0, 0x1,
    0xff, 0x60, 0x0, 0xbf, 0xff, 0xff, 0xf1, 0x1,
    0xff, 0x10, 0x6f, 0xf0, 0x0, 0x8f, 0xf7, 0x17,
    0xff, 0x0, 0xd, 0xf4, 0xa, 0xfa, 0x0, 0x1f,
    0xf8, 0x0, 0x6f, 0xe0, 0x0, 0xbf, 0x60, 0xdf,
    0x80, 0x7, 0xff, 0x10, 0x8, 0xfd, 0x0, 0xa,
    0xf7, 0xf, 0xf6, 0x0, 0xbf, 0xd0, 0x0, 0x9f,
    0xb0, 0x0, 0xaf, 0x70, 0xff, 0x40, 0xe, 0xfb,
    0x0, 0xb, 0xfa, 0x0, 0xc, 0xf5, 0xf, 0xf4,
    0x0, 0xff, 0xa0, 0x0, 0xcf, 0x90, 0x0, 0xef,
    0x20, 0xff, 0x50, 0xe, 0xfc, 0x0, 0x2f, 0xf8,
    0x0, 0x5f, 0xd0, 0xc, 0xf8, 0x0, 0xaf, 0xf6,
    0x3c, 0xff, 0xb0, 0x2d, 0xf6, 0x0, 0x9f, 0xc0,
    0x3, 0xff, 0xff, 0xfa, 0xff, 0xff, 0xfa, 0x0,
    0x4, 0xff, 0x30, 0x5, 0xdf, 0xd5, 0x7, 0xef,
    0xd7, 0x0, 0x0, 0xd, 0xfc, 0x0, 0x0, 0x0,
    0x0, 0x0, 0x0, 0x0, 0x0, 0x0, 0x3f, 0xfc,
    0x10, 0x0, 0x0, 0x0, 0x0, 0x0, 0x0, 0x0,
    0x0, 0x6f, 0xff, 0x84, 0x11, 0x24, 0x85, 0x0,
    0x0, 0x0, 0x0, 0x0, 0x4d, 0xff, 0xff, 0xff,
    0xff, 0xa0, 0x0, 0x0, 0x0, 0x0, 0x0, 0x5,
    0xad, 0xef, 0xec, 0x82, 0x0, 0x0, 0x0,

    /* U+0041 "A" */
    0x0, 0x0, 0x0, 0xbf, 0xfe, 0x0, 0x0, 0x0,
    0x0, 0x0, 0x0, 0x1f, 0xff, 0xf4, 0x0, 0x0,
    0x0, 0x0, 0x0, 0x7, 0xff, 0xff, 0xa0, 0x0,
    0x0, 0x0, 0x0, 0x0, 0xdf, 0xff, 0xff, 0x0,
    0x0, 0x0, 0x0, 0x0, 0x3f, 0xff, 0xef, 0xf6,
    0x0, 0x0, 0x0, 0x0, 0x9, 0xff, 0xb8, 0xff,
    0xc0, 0x0, 0x0, 0x0, 0x0, 0xff, 0xf6, 0x3f,
    0xff, 0x20, 0x0, 0x0, 0x0, 0x5f, 0xff, 0x10,
    0xef, 0xf8, 0x0, 0x0, 0x0, 0xb, 0xff, 0xc0,
    0x9, 0xff, 0xe0, 0x0, 0x0, 0x1, 0xff, 0xf6,
    0x0, 0x4f, 0xff, 0x40, 0x0, 0x0, 0x7f, 0xff,
    0x10, 0x0, 0xef, 0xfa, 0x0, 0x0, 0xd, 0xff,
    0xff, 0xff, 0xff, 0xff, 0xf0, 0x0, 0x3, 0xff,
    0xff, 0xff, 0xff, 0xff, 0xff, 0x60, 0x0, 0x9f,
    0xff, 0xee, 0xee, 0xee, 0xff, 0xfc, 0x0, 0xf,
    0xff, 0xc0, 0x0, 0x0, 0x9, 0xff, 0xf2, 0x5,
    0xff, 0xf6, 0x0, 0x0, 0x0, 0x3f, 0xff, 0x80,
    0xbf, 0xff, 0x0, 0x0, 0x0, 0x0, 0xdf, 0xfe,
    0x0,

    /* U+0042 "B" */
    0x7f, 0xff, 0xff, 0xff, 0xd9, 0x30, 0x0, 0x7f,
    0xff, 0xff, 0xff, 0xff, 0xf9, 0x0, 0x7f, 0xff,
    0xee, 0xef, 0xff, 0xff, 0x50, 0x7f, 0xff, 0x0,
    0x0, 0x6f, 0xff, 0xb0, 0x7f, 0xff, 0x0, 0x0,
    0xc, 0xff, 0xc0, 0x7f, 0xff, 0x0, 0x0, 0xd,
    0xff, 0xb0, 0x7f, 0xff, 0x0, 0x1, 0x8f, 0xff,
    0x40, 0x7f, 0xff, 0xff, 0xff, 0xff, 0xf7, 0x0,
    0x7f, 0xff, 0xff, 0xff, 0xff, 0xd5, 0x0, 0x7f,
    0xff, 0x98, 0x89, 0xcf, 0xff, 0x60, 0x7f, 0xff,
    0x0, 0x0, 0xa, 0xff, 0xe0, 0x7f, 0xff, 0x0,
    0x0, 0x5, 0xff, 0xf2, 0x7f, 0xff, 0x0, 0x0,
    0x6, 0xff, 0xf2, 0x7f, 0xff, 0x0, 0x0, 0x2e,
    0xff, 0xf0, 0x7f, 0xff, 0xdd, 0xde, 0xff, 0xff,
    0x90, 0x7f, 0xff, 0xff, 0xff, 0xff, 0xfc, 0x0,
    0x7f, 0xff, 0xff, 0xff, 0xeb, 0x50, 0x0,

    /* U+0043 "C" */
    0x0, 0x1, 0x8d, 0xff, 0xea, 0x50, 0x0, 0x0,
    0x5f, 0xff, 0xff, 0xff, 0xfb, 0x0, 0x4, 0xff,
    0xff, 0xfe, 0xff, 0xff, 0xa0, 0xe, 0xff, 0xe4,
    0x0, 0x1a, 0xff, 0xf4, 0x6f, 0xff, 0x40, 0x0,
    0x0, 0xef, 0xfa, 0xbf, 0xfd, 0x0, 0x0, 0x0,
    0x9e, 0xec, 0xef, 0xfa, 0x0, 0x0, 0x0, 0x0,
    0x0, 0xff, 0xf9, 0x0, 0x0, 0x0, 0x0, 0x0,
    0xff, 0xf9, 0x0, 0x0, 0x0, 0x0, 0x0, 0xff,
    0xf9, 0x0, 0x0, 0x0, 0x0, 0x0, 0xef, 0xfa,
    0x0, 0x0, 0x0, 0x0, 0x0, 0xbf, 0xfd, 0x0,
    0x0, 0x0, 0x8c, 0xca, 0x6f, 0xff, 0x30, 0x0,
    0x0, 0xef, 0xfb, 0xf, 0xff, 0xd3, 0x0, 0x2b,
    0xff, 0xf5, 0x5, 0xff, 0xff, 0xff, 0xff, 0xff,
    0xb0, 0x0, 0x6f, 0xff, 0xff, 0xff, 0xfb, 0x0,
    0x0, 0x2, 0x9d, 0xff, 0xea, 0x50, 0x0,

    /* U+0044 "D" */
    0x7f, 0xff, 0xff, 0xfd, 0x82, 0x0, 0x0, 0x7f,
    0xff, 0xff, 0xff, 0xff, 0x80, 0x0, 0x7f, 0xff,
    0xee, 0xff, 0xff, 0xf9, 0x0, 0x7f, 0xff, 0x0,
    0x2, 0xbf, 0xff, 0x50, 0x7f, 0xff, 0x0, 0x0,
    0xd, 0xff, 0xd0, 0x7f, 0xff, 0x0, 0x0, 0x6,
    0xff, 0xf3, 0x7f, 0xff, 0x0, 0x0, 0x2, 0xff,
    0xf6, 0x7f, 0xff, 0x0, 0x0, 0x0, 0xff, 0xf8,
    0x7f, 0xff, 0x0, 0x0, 0x0, 0xff, 0xf9, 0x7f,
    0xff, 0x0, 0x0, 0x0, 0xff, 0xf8, 0x7f, 0xff,
    0x0, 0x0, 0x2, 0xff, 0xf6, 0x7f, 0xff, 0x0,
    0x0, 0x6, 0xff, 0xf3, 0x7f, 0xff, 0x0, 0x0,
    0xd, 0xff, 0xd0, 0x7f, 0xff, 0x0, 0x3, 0xcf,
    0xff, 0x50, 0x7f, 0xff, 0xdd, 0xef, 0xff, 0xf9,
    0x0, 0x7f, 0xff, 0xff, 0xff, 0xff, 0x80, 0x0,
    0x7f, 0xff, 0xff, 0xfd, 0x82, 0x0, 0x0,

    /* U+0045 "E" */
    0x7f, 0xff, 0xff, 0xff, 0xff, 0xff, 0x7f, 0xff,
    0xff, 0xff, 0xff, 0xff, 0x7f, 0xff, 0xee, 0xee,
    0xee, 0xed, 0x7f, 0xff, 0x0, 0x0, 0x0, 0x0,
    0x7f, 0xff, 0x0, 0x0, 0x0, 0x0, 0x7f, 0xff,
    0x0, 0x0, 0x0, 0x0, 0x7f, 0xff, 0x0, 0x0,
    0x0, 0x0, 0x7f, 0xff, 0xff, 0xff, 0xff, 0xc0,
    0x7f, 0xff, 0xff, 0xff, 0xff, 0xc0, 0x7f, 0xff,
    0xcc, 0xcc, 0xcc, 0x90, 0x7f, 0xff, 0x0, 0x0,
    0x0, 0x0, 0x7f, 0xff, 0x0, 0x0, 0x0, 0x0,
    0x7f, 0xff, 0x0, 0x0, 0x0, 0x0, 0x7f, 0xff,
    0x0, 0x0, 0x0, 0x0, 0x7f, 0xff, 0xdd, 0xdd,
    0xdd, 0xdd, 0x7f, 0xff, 0xff, 0xff, 0xff, 0xff,
    0x7f, 0xff, 0xff, 0xff, 0xff, 0xff,

    /* U+0046 "F" */
    0x7f, 0xff, 0xff, 0xff, 0xff, 0xfa, 0x7f, 0xff,
    0xff, 0xff, 0xff, 0xfa, 0x7f, 0xff, 0xee, 0xee,
    0xee, 0xe8, 0x7f, 0xff, 0x0, 0x0, 0x0, 0x0,
    0x7f, 0xff, 0x0, 0x0, 0x0, 0x0, 0x7f, 0xff,
    0x0, 0x0, 0x0, 0x0, 0x7f, 0xff, 0x0, 0x0,
    0x0, 0x0, 0x7f, 0xff, 0xdd, 0xdd, 0xdd, 0xa0,
    0x7f, 0xff, 0xff, 0xff, 0xff, 0xc0, 0x7f, 0xff,
    0xff, 0xff, 0xff, 0xc0, 0x7f, 0xff, 0x0, 0x0,
    0x0, 0x0, 0x7f, 0xff, 0x0, 0x0, 0x0, 0x0,
    0x7f, 0xff, 0x0, 0x0, 0x0, 0x0, 0x7f, 0xff,
    0x0, 0x0, 0x0, 0x0, 0x7f, 0xff, 0x0, 0x0,
    0x0, 0x0, 0x7f, 0xff, 0x0, 0x0, 0x0, 0x0,
    0x7f, 0xff, 0x0, 0x0, 0x0, 0x0,

    /* U+0047 "G" */
    0x0, 0x1, 0x8c, 0xef, 0xec, 0x70, 0x0, 0x0,
    0x4, 0xff, 0xff, 0xff, 0xff, 0xe2, 0x0, 0x3,
    0xff, 0xff, 0xfe, 0xff, 0xff, 0xe0, 0x0, 0xef,
    0xff, 0x50, 0x0, 0x8f, 0xff, 0x70, 0x5f, 0xff,
    0x60, 0x0, 0x0, 0xbf, 0xfd, 0x9, 0xff, 0xf0,
    0x0, 0x0, 0x3, 0x88, 0x70, 0xcf, 0xfc, 0x0,
    0x0, 0x0, 0x0, 0x0, 0xd, 0xff, 0xb0, 0x0,
    0x0, 0x0, 0x0, 0x0, 0xef, 0xfa, 0x0, 0xa,
    0xff, 0xff, 0xff, 0xd, 0xff, 0xb0, 0x0, 0xaf,
    0xff, 0xff, 0xf0, 0xcf, 0xfc, 0x0, 0x6, 0x99,
    0xcf, 0xff, 0x9, 0xff, 0xf0, 0x0, 0x0, 0x7,
    0xff, 0xf0, 0x5f, 0xff, 0x70, 0x0, 0x0, 0x7f,
    0xff, 0x0, 0xdf, 0xff, 0x70, 0x0, 0x1b, 0xff,
    0xf0, 0x3, 0xff, 0xff, 0xfe, 0xef, 0xff, 0xfe,
    0x0, 0x3, 0xef, 0xff, 0xff, 0xff, 0xfc, 0x20,
    0x0, 0x0, 0x7c, 0xef, 0xfd, 0xa5, 0x0, 0x0,

    /* U+0048 "H" */
    0x7f, 0xff, 0x0, 0x0, 0x0, 0x1f, 0xff, 0x67,
    0xff, 0xf0, 0x0, 0x0, 0x1, 0xff, 0xf6, 0x7f,
    0xff, 0x0, 0x0, 0x0, 0x1f, 0xff, 0x67, 0xff,
    0xf0, 0x0, 0x0, 0x1, 0xff, 0xf6, 0x7f, 0xff,
    0x0, 0x0, 0x0, 0x1f, 0xff, 0x67, 0xff, 0xf0,
    0x0, 0x0, 0x1, 0xff, 0xf6, 0x7f, 0xff, 0x0,
    0x0, 0x0, 0x1f, 0xff, 0x67, 0xff, 0xff, 0xff,
    0xff, 0xff, 0xff, 0xf6, 0x7f, 0xff, 0xff, 0xff,
    0xff, 0xff, 0xff, 0x67, 0xff, 0xfd, 0xdd, 0xdd,
    0xdd, 0xff, 0xf6, 0x7f, 0xff, 0x0, 0x0, 0x0,
    0x1f, 0xff, 0x67, 0xff, 0xf0, 0x0, 0x0, 0x1,
    0xff, 0xf6, 0x7f, 0xff, 0x0, 0x0, 0x0, 0x1f,
    0xff, 0x67, 0xff, 0xf0, 0x0, 0x0, 0x1, 0xff,
    0xf6, 0x7f, 0xff, 0x0, 0x0, 0x0, 0x1f, 0xff,
    0x67, 0xff, 0xf0, 0x0, 0x0, 0x1, 0xff, 0xf6,
    0x7f, 0xff, 0x0, 0x0, 0x0, 0x1f, 0xff, 0x60,

    /* U+0049 "I" */
    0x4f, 0xff, 0x44, 0xff, 0xf4, 0x4f, 0xff, 0x44,
    0xff, 0xf4, 0x4f, 0xff, 0x44, 0xff, 0xf4, 0x4f,
    0xff, 0x44, 0xff, 0xf4, 0x4f, 0xff, 0x44, 0xff,
    0xf4, 0x4f, 0xff, 0x44, 0xff, 0xf4, 0x4f, 0xff,
    0x44, 0xff, 0xf4, 0x4f, 0xff, 0x44, 0xff, 0xf4,
    0x4f, 0xff, 0x40,

    /* U+004A "J" */
    0x0, 0x0, 0x0, 0x0, 0x9f, 0xff, 0x0, 0x0,
    0x0, 0x0, 0x9f, 0xff, 0x0, 0x0, 0x0, 0x0,
    0x9f, 0xff, 0x0, 0x0, 0x0, 0x0, 0x9f, 0xff,
    0x0, 0x0, 0x0, 0x0, 0x9f, 0xff, 0x0, 0x0,
    0x0, 0x0, 0x9f, 0xff, 0x0, 0x0, 0x0, 0x0,
    0x9f, 0xff, 0x0, 0x0, 0x0, 0x0, 0x9f, 0xff,
    0x0, 0x0, 0x0, 0x0, 0x9f, 0xff, 0x0, 0x0,
    0x0, 0x0, 0x9f, 0xff, 0x0, 0x0, 0x0, 0x0,
    0x9f, 0xff, 0x13, 0x33, 0x0, 0x0, 0x9f, 0xfe,
    0x7f, 0xff, 0x10, 0x0, 0xbf, 0xfd, 0x4f, 0xff,
    0x90, 0x5, 0xff, 0xf9, 0xd, 0xff, 0xff, 0xef,
    0xff, 0xf2, 0x3, 0xef, 0xff, 0xff, 0xff, 0x50,
    0x0, 0x18, 0xcf, 0xfd, 0x92, 0x0,

    /* U+004B "K" */
    0x7f, 0xff, 0x0, 0x0, 0x7, 0xff, 0xfd, 0x7,
    0xff, 0xf0, 0x0, 0x3, 0xff, 0xfe, 0x20, 0x7f,
    0xff, 0x0, 0x1, 0xef, 0xff, 0x40, 0x7, 0xff,
    0xf0, 0x0, 0xcf, 0xff, 0x70, 0x0, 0x7f, 0xff,
    0x0, 0x8f, 0xff, 0xa0, 0x0, 0x7, 0xff, 0xf0,
    0x5f, 0xff, 0xd0, 0x0, 0x0, 0x7f, 0xff, 0x2f,
    0xff, 0xe2, 0x0, 0x0, 0x7, 0xff, 0xfd, 0xff,
    0xf6, 0x0, 0x0, 0x0, 0x7f, 0xff, 0xff, 0xff,
    0xd0, 0x0, 0x0, 0x7, 0xff, 0xff, 0xff, 0xff,
    0x80, 0x0, 0x0, 0x7f, 0xff, 0xf9, 0xdf, 0xff,
    0x20, 0x0, 0x7, 0xff, 0xfa, 0x4, 0xff, 0xfc,
    0x0, 0x0, 0x7f, 0xff, 0x0, 0xa, 0xff, 0xf7,
    0x0, 0x7, 0xff, 0xf0, 0x0, 0x1e, 0xff, 0xf2,
    0x0, 0x7f, 0xff, 0x0, 0x0, 0x5f, 0xff, 0xc0,
    0x7, 0xff, 0xf0, 0x0, 0x0, 0xbf, 0xff, 0x70,
    0x7f, 0xff, 0x0, 0x0, 0x1, 0xff, 0xff, 0x20,

    /* U+004C "L" */
    0x7f, 0xff, 0x0, 0x0, 0x0, 0x0, 0x7f, 0xff,
    0x0, 0x0, 0x0, 0x0, 0x7f, 0xff, 0x0, 0x0,
    0x0, 0x0, 0x7f, 0xff, 0x0, 0x0, 0x0, 0x0,
    0x7f, 0xff, 0x0, 0x0, 0x0, 0x0, 0x7f, 0xff,
    0x0, 0x0, 0x0, 0x0, 0x7f, 0xff, 0x0, 0x0,
    0x0, 0x0, 0x7f, 0xff, 0x0, 0x0, 0x0, 0x0,
    0x7f, 0xff, 0x0, 0x0, 0x0, 0x0, 0x7f, 0xff,
    0x0, 0x0, 0x0, 0x0, 0x7f, 0xff, 0x0, 0x0,
    0x0, 0x0, 0x7f, 0xff, 0x0, 0x0, 0x0, 0x0,
    0x7f, 0xff, 0x0, 0x0, 0x0, 0x0, 0x7f, 0xff,
    0x0, 0x0, 0x0, 0x0, 0x7f, 0xff, 0xdd, 0xdd,
    0xdd, 0xd6, 0x7f, 0xff, 0xff, 0xff, 0xff, 0xf8,
    0x7f, 0xff, 0xff, 0xff, 0xff, 0xf8,

    /* U+004D "M" */
    0x7f, 0xff, 0xf4, 0x0, 0x0, 0x0, 0x4, 0xff,
    0xff, 0x77, 0xff, 0xff, 0xa0, 0x0, 0x0, 0x0,
    0xaf, 0xff, 0xf7, 0x7f, 0xff, 0xff, 0x0, 0x0,
    0x0, 0xf, 0xff, 0xff, 0x77, 0xff, 0xff, 0xf5,
    0x0, 0x0, 0x5, 0xff, 0xff, 0xf7, 0x7f, 0xfe,
    0xff, 0xb0, 0x0, 0x0, 0xbf, 0xfe, 0xff, 0x77,
    0xff, 0xce, 0xff, 0x10, 0x0, 0x1f, 0xfe, 0xcf,
    0xf7, 0x7f, 0xfc, 0x8f, 0xf6, 0x0, 0x6, 0xff,
    0x8c, 0xff, 0x77, 0xff, 0xd2, 0xff, 0xc0, 0x0,
    0xcf, 0xf2, 0xdf, 0xf7, 0x7f, 0xfe, 0xc, 0xff,
    0x10, 0x1f, 0xfc, 0xe, 0xff, 0x77, 0xff, 0xe0,
    0x6f, 0xf7, 0x7, 0xff, 0x60, 0xef, 0xf7, 0x7f,
    0xff, 0x1, 0xff, 0xd0, 0xdf, 0xf1, 0xf, 0xff,
    0x77, 0xff, 0xf0, 0xb, 0xff, 0x5f, 0xfb, 0x0,
    0xff, 0xf7, 0x7f, 0xff, 0x0, 0x5f, 0xfe, 0xff,
    0x50, 0xf, 0xff, 0x77, 0xff, 0xf0, 0x0, 0xff,
    0xff, 0xf0, 0x0, 0xff, 0xf7, 0x7f, 0xff, 0x0,
    0x9, 0xff, 0xf9, 0x0, 0xf, 0xff, 0x77, 0xff,
    0xf0, 0x0, 0x4f, 0xff, 0x30, 0x0, 0xff, 0xf7,
    0x7f, 0xff, 0x0, 0x0, 0xef, 0xe0, 0x0, 0xf,
    0xff, 0x70,

    /* U+004E "N" */
    0x7f, 0xff, 0x50, 0x0, 0x0, 0x1f, 0xff, 0x67,
    0xff, 0xfe, 0x0, 0x0, 0x1, 0xff, 0xf6, 0x7f,
    0xff, 0xf9, 0x0, 0x0, 0x1f, 0xff, 0x67, 0xff,
    0xff, 0xf3, 0x0, 0x1, 0xff, 0xf6, 0x7f, 0xff,
    0xff, 0xc0, 0x0, 0x1f, 0xff, 0x67, 0xff, 0xff,
    0xff, 0x60, 0x1, 0xff, 0xf6, 0x7f, 0xff, 0x9f,
    0xfe, 0x10, 0x1f, 0xff, 0x67, 0xff, 0xf1, 0xdf,
    0xfa, 0x1, 0xff, 0xf6, 0x7f, 0xff, 0x4, 0xff,
    0xf3, 0x1f, 0xff, 0x67, 0xff, 0xf0, 0xb, 0xff,
    0xd2, 0xff, 0xf6, 0x7f, 0xff, 0x0, 0x1f, 0xff,
    0x9f, 0xff, 0x67, 0xff, 0xf0, 0x0, 0x7f, 0xff,
    0xff, 0xf6, 0x7f, 0xff, 0x0, 0x0, 0xdf, 0xff,
    0xff, 0x67, 0xff, 0xf0, 0x0, 0x4, 0xff, 0xff,
    0xf6, 0x7f, 0xff, 0x0, 0x0, 0xa, 0xff, 0xff,
    0x67, 0xff, 0xf0, 0x0, 0x0, 0x1e, 0xff, 0xf6,
    0x7f, 0xff, 0x0, 0x0, 0x0, 0x6f, 0xff, 0x60,

    /* U+004F "O" */
    0x0, 0x0, 0x7c, 0xef, 0xea, 0x40, 0x0, 0x0,
    0x4, 0xef, 0xff, 0xff, 0xff, 0xa0, 0x0, 0x3,
    0xff, 0xff, 0xff, 0xff, 0xff, 0xb0, 0x0, 0xdf,
    0xff, 0x60, 0x2, 0xbf, 0xff, 0x70, 0x5f, 0xff,
    0x60, 0x0, 0x0, 0xdf, 0xfe, 0xa, 0xff, 0xe0,
    0x0, 0x0, 0x6, 0xff, 0xf3, 0xdf, 0xfb, 0x0,
    0x0, 0x0, 0x2f, 0xff, 0x6f, 0xff, 0x90, 0x0,
    0x0, 0x0, 0xff, 0xf7, 0xff, 0xf9, 0x0, 0x0,
    0x0, 0xf, 0xff, 0x8f, 0xff, 0x90, 0x0, 0x0,
    0x0, 0xff, 0xf8, 0xdf, 0xfb, 0x0, 0x0, 0x0,
    0x2f, 0xff, 0x6a, 0xff, 0xe0, 0x0, 0x0, 0x6,
    0xff, 0xf3, 0x5f, 0xff, 0x60, 0x0, 0x0, 0xdf,
    0xfe, 0x0, 0xdf, 0xff, 0x60, 0x1, 0xbf, 0xff,
    0x70, 0x3, 0xff, 0xff, 0xfe, 0xff, 0xff, 0xc0,
    0x0, 0x4, 0xef, 0xff, 0xff, 0xff, 0xb0, 0x0,
    0x0, 0x0, 0x7c, 0xef, 0xea, 0x40, 0x0, 0x0,

    /* U+0050 "P" */
    0x7f, 0xff, 0xff, 0xff, 0xeb, 0x50, 0x0, 0x7f,
    0xff, 0xff, 0xff, 0xff, 0xfb, 0x0, 0x7f, 0xff,
    0xee, 0xee, 0xff, 0xff, 0xa0, 0x7f, 0xff, 0x0,
    0x0, 0x2d, 0xff, 0xf3, 0x7f, 0xff, 0x0, 0x0,
    0x3, 0xff, 0xf7, 0x7f, 0xff, 0x0, 0x0, 0x0,
    0xff, 0xf9, 0x7f, 0xff, 0x0, 0x0, 0x1, 0xff,
    0xf8, 0x7f, 0xff, 0x0, 0x0, 0x1b, 0xff, 0xf4,
    0x7f, 0xff, 0xdd, 0xde, 0xff, 0xff, 0xc0, 0x7f,
    0xff, 0xff, 0xff, 0xff, 0xfc, 0x10, 0x7f, 0xff,
    0xff, 0xff, 0xeb, 0x60, 0x0, 0x7f, 0xff, 0x0,
    0x0, 0x0, 0x0, 0x0, 0x7f, 0xff, 0x0, 0x0,
    0x0, 0x0, 0x0, 0x7f, 0xff, 0x0, 0x0, 0x0,
    0x0, 0x0, 0x7f, 0xff, 0x0, 0x0, 0x0, 0x0,
    0x0, 0x7f, 0xff, 0x0, 0x0, 0x0, 0x0, 0x0,
    0x7f, 0xff, 0x0, 0x0, 0x0, 0x0, 0x0,

    /* U+0051 "Q" */
    0x0, 0x0, 0x17, 0xce, 0xfe, 0xa4, 0x0, 0x0,
    0x0, 0x4, 0xef, 0xff, 0xff, 0xff, 0xa0, 0x0,
    0x0, 0x3f, 0xff, 0xff, 0xff, 0xff, 0xfb, 0x0,
    0x0, 0xef, 0xff, 0x60, 0x2, 0xbf, 0xff, 0x60,
    0x6, 0xff, 0xf6, 0x0, 0x0, 0xd, 0xff, 0xe0,
    0xb, 0xff, 0xe0, 0x0, 0x0, 0x6, 0xff, 0xf3,
    0xe, 0xff, 0xa0, 0x0, 0x0, 0x2, 0xff, 0xf6,
    0xf, 0xff, 0x90, 0x0, 0x0, 0x1, 0xff, 0xf7,
    0xf, 0xff, 0x80, 0x0, 0x0, 0x0, 0xff, 0xf8,
    0xf, 0xff, 0x90, 0x0, 0x0, 0x1, 0xff, 0xf7,
    0xe, 0xff, 0xa0, 0x0, 0x0, 0x2, 0xff, 0xf6,
    0xb, 0xff, 0xe0, 0x0, 0x0, 0x6, 0xff, 0xf2,
    0x6, 0xff, 0xf6, 0x0, 0x0, 0xd, 0xff, 0xd0,
    0x0, 0xef, 0xff, 0x60, 0x2, 0xbf, 0xff, 0x50,
    0x0, 0x3f, 0xff, 0xff, 0xef, 0xff, 0xfb, 0x0,
    0x0, 0x4, 0xef, 0xff, 0xff, 0xff, 0xd0, 0x0,
    0x0, 0x0, 0x17, 0xce, 0xff, 0xff, 0xfb, 0x0,
    0x0, 0x0, 0x0, 0x0, 0x0, 0xaf, 0xff, 0xd2,
    0x0, 0x0, 0x0, 0x0, 0x0, 0x7, 0xff, 0xa0,
    0x0, 0x0, 0x0, 0x0, 0x0, 0x0, 0x48, 0x0,

    /* U+0052 "R" */
    0x7f, 0xff, 0xff, 0xff, 0xda, 0x40, 0x0, 0x7f,
    0xff, 0xff, 0xff, 0xff, 0xf9, 0x0, 0x7f, 0xff,
    0xee, 0xef, 0xff, 0xff, 0x70, 0x7f, 0xff, 0x0,
    0x0, 0x4f, 0xff, 0xe0, 0x7f, 0xff, 0x0, 0x0,
    0x8, 0xff, 0xf2, 0x7f, 0xff, 0x0, 0x0, 0x6,
    0xff, 0xf2, 0x7f, 0xff, 0x0, 0x0, 0x9, 0xff,
    0xf0, 0x7f, 0xff, 0x0, 0x1, 0x6f, 0xff, 0xa0,
    0x7f, 0xff, 0xff, 0xff, 0xff, 0xfe, 0x20, 0x7f,
    0xff, 0xff, 0xff, 0xff, 0xc2, 0x0, 0x7f, 0xff,
    0xdd, 0xdf, 0xff, 0x60, 0x0, 0x7f, 0xff, 0x0,
    0xc, 0xff, 0xe0, 0x0, 0x7f, 0xff, 0x0, 0x4,
    0xff, 0xf7, 0x0, 0x7f, 0xff, 0x0, 0x0, 0xcf,
    0xfe, 0x0, 0x7f, 0xff, 0x0, 0x0, 0x4f, 0xff,
    0x80, 0x7f, 0xff, 0x0, 0x0, 0xb, 0xff, 0xf1,
    0x7f, 0xff, 0x0, 0x0, 0x3, 0xff, 0xf9,

    /* U+0053 "S" */
    0x0, 0x0, 0x7c, 0xef, 0xfc, 0x81, 0x0, 0x0,
    0x3e, 0xff, 0xff, 0xff, 0xfe, 0x40, 0x1, 0xef,
    0xff, 0xfd, 0xff, 0xff, 0xf2, 0x7, 0xff, 0xf8,
    0x0, 0x6, 0xff, 0xf9, 0xa, 0xff, 0xe0, 0x0,
    0x0, 0xcf, 0xfd, 0x8, 0xff, 0xf3, 0x0, 0x0,
    0x12, 0x22, 0x3, 0xff, 0xff, 0x82, 0x0, 0x0,
    0x0, 0x0, 0x6f, 0xff, 0xff, 0xc7, 0x10, 0x0,
    0x0, 0x2, 0xbf, 0xff, 0xff, 0xf8, 0x0, 0x0,
    0x0, 0x2, 0x8e, 0xff, 0xff, 0xb0, 0x0, 0x0,
    0x0, 0x0, 0x4c, 0xff, 0xf7, 0x17, 0x77, 0x20,
    0x0, 0x0, 0xdf, 0xfc, 0x1f, 0xff, 0x80, 0x0,
    0x0, 0xaf, 0xfe, 0xc, 0xff, 0xf5, 0x0, 0x3,
    0xff, 0xfc, 0x3, 0xff, 0xff, 0xfd, 0xef, 0xff,
    0xf5, 0x0, 0x4e, 0xff, 0xff, 0xff, 0xff, 0x80,
    0x0, 0x0, 0x6b, 0xef, 0xfd, 0x93, 0x0,

    /* U+0054 "T" */
    0x8f, 0xff, 0xff, 0xff, 0xff, 0xff, 0xff, 0x68,
    0xff, 0xff, 0xff, 0xff, 0xff, 0xff, 0xf6, 0x7e,
    0xee, 0xee, 0xff, 0xfe, 0xee, 0xee, 0x50, 0x0,
    0x0, 0x5f, 0xff, 0x20, 0x0, 0x0, 0x0, 0x0,
    0x5, 0xff, 0xf2, 0x0, 0x0, 0x0, 0x0, 0x0,
    0x5f, 0xff, 0x20, 0x0, 0x0, 0x0, 0x0, 0x5,
    0xff, 0xf2, 0x0, 0x0, 0x0, 0x0, 0x0, 0x5f,
    0xff, 0x20, 0x0, 0x0, 0x0, 0x0, 0x5, 0xff,
    0xf2, 0x0, 0x0, 0x0, 0x0, 0x0, 0x5f, 0xff,
    0x20, 0x0, 0x0, 0x0, 0x0, 0x5, 0xff, 0xf2,
    0x0, 0x0, 0x0, 0x0, 0x0, 0x5f, 0xff, 0x20,
    0x0, 0x0, 0x0, 0x0, 0x5, 0xff, 0xf2, 0x0,
    0x0, 0x0, 0x0, 0x0, 0x5f, 0xff, 0x20, 0x0,
    0x0, 0x0, 0x0, 0x5, 0xff, 0xf2, 0x0, 0x0,
    0x0, 0x0, 0x0, 0x5f, 0xff, 0x20, 0x0, 0x0,
    0x0, 0x0, 0x5, 0xff, 0xf2, 0x0, 0x0, 0x0,

    /* U+0055 "U" */
    0xaf, 0xfe, 0x0, 0x0, 0x1, 0xff, 0xf7, 0xaf,
    0xfe, 0x0, 0x0, 0x1, 0xff, 0xf7, 0xaf, 0xfe,
    0x0, 0x0, 0x1, 0xff, 0xf7, 0xaf, 0xfe, 0x0,
    0x0, 0x1, 0xff, 0xf7, 0xaf, 0xfe, 0x0, 0x0,
    0x1, 0xff, 0xf7, 0xaf, 0xfe, 0x0, 0x0, 0x1,
    0xff, 0xf7, 0xaf, 0xfe, 0x0, 0x0, 0x1, 0xff,
    0xf7, 0xaf, 0xfe, 0x0, 0x0, 0x1, 0xff, 0xf7,
    0xaf, 0xfe, 0x0, 0x0, 0x1, 0xff, 0xf7, 0xaf,
    0xfe, 0x0, 0x0, 0x1, 0xff, 0xf7, 0xaf, 0xfe,
    0x0, 0x0, 0x1, 0xff, 0xf7, 0x9f, 0xff, 0x0,
    0x0, 0x2, 0xff, 0xf6, 0x7f, 0xff, 0x20, 0x0,
    0x5, 0xff, 0xf4, 0x3f, 0xff, 0xc2, 0x0, 0x3e,
    0xff, 0xf0, 0xa, 0xff, 0xff, 0xef, 0xff, 0xff,
    0x70, 0x0, 0xbf, 0xff, 0xff, 0xff, 0xf8, 0x0,
    0x0, 0x4, 0xae, 0xff, 0xd9, 0x30, 0x0,

    /* U+0056 "V" */
    0xbf, 0xff, 0x20, 0x0, 0x0, 0x7, 0xff, 0xf7,
    0x6f, 0xff, 0x60, 0x0, 0x0, 0xc, 0xff, 0xf1,
    0x1f, 0xff, 0xb0, 0x0, 0x0, 0x1f, 0xff, 0xb0,
    0xb, 0xff, 0xf0, 0x0, 0x0, 0x5f, 0xff, 0x60,
    0x5, 0xff, 0xf5, 0x0, 0x0, 0xaf, 0xff, 0x10,
    0x0, 0xff, 0xfa, 0x0, 0x0, 0xff, 0xfb, 0x0,
    0x0, 0xaf, 0xfe, 0x0, 0x4, 0xff, 0xf5, 0x0,
    0x0, 0x4f, 0xff, 0x40, 0x9, 0xff, 0xf0, 0x0,
    0x0, 0xe, 0xff, 0x80, 0xd, 0xff, 0xa0, 0x0,
    0x0, 0x9, 0xff, 0xd0, 0x2f, 0xff, 0x40, 0x0,
    0x0, 0x4, 0xff, 0xf2, 0x7f, 0xfe, 0x0, 0x0,
    0x0, 0x0, 0xef, 0xf7, 0xcf, 0xf9, 0x0, 0x0,
    0x0, 0x0, 0x8f, 0xfd, 0xff, 0xf3, 0x0, 0x0,
    0x0, 0x0, 0x3f, 0xff, 0xff, 0xe0, 0x0, 0x0,
    0x0, 0x0, 0xd, 0xff, 0xff, 0x80, 0x0, 0x0,
    0x0, 0x0, 0x8, 0xff, 0xff, 0x30, 0x0, 0x0,
    0x0, 0x0, 0x2, 0xff, 0xfd, 0x0, 0x0, 0x0,

    /* U+0057 "W" */
    0x7f, 0xff, 0x0, 0x0, 0x1f, 0xff, 0x20, 0x0,
    0xf, 0xff, 0x74, 0xff, 0xf3, 0x0, 0x5, 0xff,
    0xf5, 0x0, 0x2, 0xff, 0xf4, 0xf, 0xff, 0x60,
    0x0, 0x8f, 0xff, 0x90, 0x0, 0x5f, 0xff, 0x0,
    0xdf, 0xf9, 0x0, 0xc, 0xff, 0xfd, 0x0, 0x8,
    0xff, 0xd0, 0x9, 0xff, 0xc0, 0x0, 0xff, 0xff,
    0xf1, 0x0, 0xbf, 0xf9, 0x0, 0x5f, 0xff, 0x0,
    0x4f, 0xff, 0xff, 0x40, 0xe, 0xff, 0x60, 0x2,
    0xff, 0xf2, 0x7, 0xff, 0x9f, 0xf8, 0x1, 0xff,
    0xf2, 0x0, 0xe, 0xff, 0x50, 0xbf, 0xf1, 0xff,
    0xc0, 0x4f, 0xff, 0x0, 0x0, 0xbf, 0xf8, 0xf,
    0xfd, 0xc, 0xff, 0x7, 0xff, 0xb0, 0x0, 0x7,
    0xff, 0xb2, 0xff, 0x90, 0x8f, 0xf3, 0xaf, 0xf8,
    0x0, 0x0, 0x4f, 0xfe, 0x6f, 0xf5, 0x4, 0xff,
    0x7e, 0xff, 0x40, 0x0, 0x0, 0xff, 0xfc, 0xff,
    0x10, 0xf, 0xfc, 0xff, 0xf1, 0x0, 0x0, 0xc,
    0xff, 0xff, 0xd0, 0x0, 0xcf, 0xff, 0xfd, 0x0,
    0x0, 0x0, 0x9f, 0xff, 0xf9, 0x0, 0x8, 0xff,
    0xff, 0x90, 0x0, 0x0, 0x5, 0xff, 0xff, 0x50,
    0x0, 0x5f, 0xff, 0xf6, 0x0, 0x0, 0x0, 0x2f,
    0xff, 0xf1, 0x0, 0x1, 0xff, 0xff, 0x20, 0x0,
    0x0, 0x0, 0xef, 0xfd, 0x0, 0x0, 0xd, 0xff,
    0xf0, 0x0, 0x0,

    /* U+0058 "X" */
    0x4f, 0xff, 0xb0, 0x0, 0x0, 0x7f, 0xff, 0x90,
    0xbf, 0xff, 0x40, 0x0, 0x1e, 0xff, 0xe1, 0x2,
    0xff, 0xfc, 0x0, 0x8, 0xff, 0xf6, 0x0, 0x8,
    0xff, 0xf5, 0x1, 0xff, 0xfc, 0x0, 0x0, 0xe,
    0xff, 0xd0, 0xaf, 0xff, 0x30, 0x0, 0x0, 0x5f,
    0xff, 0x9f, 0xff, 0xa0, 0x0, 0x0, 0x0, 0xcf,
    0xff, 0xff, 0xf1, 0x0, 0x0, 0x0, 0x3, 0xff,
    0xff, 0xf7, 0x0, 0x0, 0x0, 0x0, 0xc, 0xff,
    0xff, 0x10, 0x0, 0x0, 0x0, 0x4, 0xff, 0xff,
    0xf8, 0x0, 0x0, 0x0, 0x0, 0xdf, 0xff, 0xff,
    0xf2, 0x0, 0x0, 0x0, 0x7f, 0xff, 0x8f, 0xff,
    0xb0, 0x0, 0x0, 0x1f, 0xff, 0xd0, 0x9f, 0xff,
    0x50, 0x0, 0xa, 0xff, 0xf4, 0x1, 0xff, 0xfe,
    0x0, 0x3, 0xff, 0xfb, 0x0, 0x7, 0xff, 0xf8,
    0x0, 0xdf, 0xff, 0x30, 0x0, 0xe, 0xff, 0xf2,
    0x7f, 0xff, 0xa0, 0x0, 0x0, 0x5f, 0xff, 0xb0,

    /* U+0059 "Y" */
    0xbf, 0xff, 0x10, 0x0, 0x0, 0x4f, 0xff, 0x83,
    0xff, 0xf9, 0x0, 0x0, 0xb, 0xff, 0xf1, 0xa,
    0xff, 0xf1, 0x0, 0x3, 0xff, 0xf8, 0x0, 0x2f,
    0xff, 0x70, 0x0, 0xaf, 0xfe, 0x10, 0x0, 0xaf,
    0xfe, 0x0, 0x2f, 0xff, 0x70, 0x0, 0x2, 0xff,
    0xf6, 0x9, 0xff, 0xe0, 0x0, 0x0, 0x9, 0xff,
    0xd1, 0xff, 0xf7, 0x0, 0x0, 0x0, 0x1f, 0xff,
    0xcf, 0xfe, 0x0, 0x0, 0x0, 0x0, 0x9f, 0xff,
    0xff, 0x60, 0x0, 0x0, 0x0, 0x1, 0xff, 0xff,
    0xd0, 0x0, 0x0, 0x0, 0x0, 0x8, 0xff, 0xf6,
    0x0, 0x0, 0x0, 0x0, 0x0, 0x5f, 0xff, 0x30,
    0x0, 0x0, 0x0, 0x0, 0x5, 0xff, 0xf3, 0x0,
    0x0, 0x0, 0x0, 0x0, 0x5f, 0xff, 0x30, 0x0,
    0x0, 0x0, 0x0, 0x5, 0xff, 0xf3, 0x0, 0x0,
    0x0, 0x0, 0x0, 0x5f, 0xff, 0x30, 0x0, 0x0,
    0x0, 0x0, 0x5, 0xff, 0xf3, 0x0, 0x0, 0x0,

    /* U+005A "Z" */
    0x2f, 0xff, 0xff, 0xff, 0xff, 0xff, 0xfa, 0x2f,
    0xff, 0xff, 0xff, 0xff, 0xff, 0xfa, 0x1e, 0xee,
    0xee, 0xee, 0xef, 0xff, 0xf5, 0x0, 0x0, 0x0,
    0x0, 0x2f, 0xff, 0xa0, 0x0, 0x0, 0x0, 0x0,
    0xcf, 0xfe, 0x10, 0x0, 0x0, 0x0, 0x8, 0xff,
    0xf4, 0x0, 0x0, 0x0, 0x0, 0x3f, 0xff, 0x90,
    0x0, 0x0, 0x0, 0x0, 0xdf, 0xfd, 0x0, 0x0,
    0x0, 0x0, 0xa, 0xff, 0xf3, 0x0, 0x0, 0x0,
    0x0, 0x5f, 0xff, 0x70, 0x0, 0x0, 0x0, 0x1,
    0xef, 0xfc, 0x0, 0x0, 0x0, 0x0, 0xb, 0xff,
    0xf2, 0x0, 0x0, 0x0, 0x0, 0x6f, 0xff, 0x60,
    0x0, 0x0, 0x0, 0x2, 0xff, 0xfb, 0x0, 0x0,
    0x0, 0x0, 0xc, 0xff, 0xfe, 0xdd, 0xdd, 0xdd,
    0xdb, 0x2f, 0xff, 0xff, 0xff, 0xff, 0xff, 0xfd,
    0x2f, 0xff, 0xff, 0xff, 0xff, 0xff, 0xfd,

    /* U+005B "[" */
    0x9f, 0xff, 0xf7, 0x9f, 0xff, 0xf7, 0x9f, 0xfe,
    0xa4, 0x9f, 0xfd, 0x0, 0x9f, 0xfd, 0x0, 0x9f,
    0xfd, 0x0, 0x9f, 0xfd, 0x0, 0x9f, 0xfd, 0x0,
    0x9f, 0xfd, 0x0, 0x9f, 0xfd, 0x0, 0x9f, 0xfd,
    0x0, 0x9f, 0xfd, 0x0, 0x9f, 0xfd, 0x0, 0x9f,
    0xfd, 0x0, 0x9f, 0xfd, 0x0, 0x9f, 0xfd, 0x0,
    0x9f, 0xfd, 0x0, 0x9f, 0xfd, 0x0, 0x9f, 0xfd,
    0x0, 0x9f, 0xfd, 0x0, 0x9f, 0xfd, 0x0, 0x9f,
    0xfe, 0xa4, 0x9f, 0xff, 0xf7, 0x9f, 0xff, 0xf7,

    /* U+005C "\\" */
    0xcf, 0xfa, 0x0, 0x0, 0x0, 0x6, 0xff, 0xf1,
    0x0, 0x0, 0x0, 0x1f, 0xff, 0x60, 0x0, 0x0,
    0x0, 0xaf, 0xfc, 0x0, 0x0, 0x0, 0x4, 0xff,
    0xf2, 0x0, 0x0, 0x0, 0xe, 0xff, 0x90, 0x0,
    0x0, 0x0, 0x7f, 0xfe, 0x0, 0x0, 0x0, 0x1,
    0xff, 0xf5, 0x0, 0x0, 0x0, 0xb, 0xff, 0xb0,
    0x0, 0x0, 0x0, 0x5f, 0xff, 0x10, 0x0, 0x0,
    0x0, 0xef, 0xf7, 0x0, 0x0, 0x0, 0x9, 0xff,
    0xd0, 0x0, 0x0, 0x0, 0x2f, 0xff, 0x40, 0x0,
    0x0, 0x0, 0xcf, 0xfa, 0x0, 0x0, 0x0, 0x6,
    0xff, 0xf1, 0x0, 0x0, 0x0, 0x1f, 0xff, 0x60,
    0x0, 0x0, 0x0, 0xaf, 0xfc, 0x0, 0x0, 0x0,
    0x4, 0xff, 0xf3, 0x0, 0x0, 0x0, 0x7, 0x88,
    0x30,

    /* U+005D "]" */
    0xdf, 0xff, 0xf3, 0xdf, 0xff, 0xf3, 0x8a, 0xff,
    0xf3, 0x2, 0xff, 0xf3, 0x2, 0xff, 0xf3, 0x2,
    0xff, 0xf3, 0x2, 0xff, 0xf3, 0x2, 0xff, 0xf3,
    0x2, 0xff, 0xf3, 0x2, 0xff, 0xf3, 0x2, 0xff,
    0xf3, 0x2, 0xff, 0xf3, 0x2, 0xff, 0xf3, 0x2,
    0xff, 0xf3, 0x2, 0xff, 0xf3, 0x2, 0xff, 0xf3,
    0x2, 0xff, 0xf3, 0x2, 0xff, 0xf3, 0x2, 0xff,
    0xf3, 0x2, 0xff, 0xf3, 0x2, 0xff, 0xf3, 0x8a,
    0xff, 0xf3, 0xdf, 0xff, 0xf3, 0xdf, 0xff, 0xf3,

    /* U+005E "^" */
    0x0, 0x0, 0x78, 0x40, 0x0, 0x0, 0x6, 0xff,
    0xe0, 0x0, 0x0, 0xc, 0xff, 0xf5, 0x0, 0x0,
    0x3f, 0xff, 0xfb, 0x0, 0x0, 0x9f, 0xe7, 0xff,
    0x20, 0x1, 0xff, 0x91, 0xff, 0x80, 0x7, 0xff,
    0x20, 0xaf, 0xe0, 0xd, 0xfc, 0x0, 0x4f, 0xf5,
    0x4f, 0xf6, 0x0, 0xe, 0xfc,

    /* U+005F "_" */
    0xaa, 0xaa, 0xaa, 0xaa, 0xaa, 0x7f, 0xff, 0xff,
    0xff, 0xff, 0xfb, 0xff, 0xff, 0xff, 0xff, 0xff,
    0xb0,

    /* U+0060 "`" */
    0x19, 0xaa, 0x50, 0x0, 0x6f, 0xfe, 0x10, 0x0,
    0x7f, 0xfa, 0x0, 0x0, 0x9f, 0xf4,

    /* U+0061 "a" */
    0x0, 0x6, 0xbe, 0xfe, 0xa3, 0x0, 0x0, 0xb,
    0xff, 0xff, 0xff, 0xf7, 0x0, 0x8, 0xff, 0xfa,
    0x8d, 0xff, 0xf2, 0x0, 0xcf, 0xf9, 0x0, 0x1f,
    0xff, 0x70, 0x0, 0x0, 0x0, 0x0, 0xdf, 0xf8,
    0x0, 0x1, 0x8c, 0xef, 0xff, 0xff, 0x90, 0x3,
    0xef, 0xff, 0xff, 0xff, 0xf9, 0x0, 0xdf, 0xfd,
    0x30, 0xd, 0xff, 0x90, 0x1f, 0xff, 0x40, 0x0,
    0xdf, 0xf9, 0x2, 0xff, 0xf5, 0x0, 0x3f, 0xff,
    0x90, 0xe, 0xff, 0xfa, 0xbf, 0xff, 0xf9, 0x0,
    0x5f, 0xff, 0xff, 0xff, 0xff, 0xa0, 0x0, 0x4b,
    0xff, 0xc6, 0x7f, 0xfe, 0x0,

    /* U+0062 "b" */
    0xbf, 0xfb, 0x0, 0x0, 0x0, 0x0, 0xbf, 0xfb,
    0x0, 0x0, 0x0, 0x0, 0xbf, 0xfb, 0x0, 0x0,
    0x0, 0x0, 0xbf, 0xfb, 0x0, 0x0, 0x0, 0x0,
    0xbf, 0xfb, 0x0, 0x0, 0x0, 0x0, 0xbf, 0xfb,
    0x4c, 0xfe, 0xb3, 0x0, 0xbf, 0xfe, 0xff, 0xff,
    0xff, 0x40, 0xbf, 0xff, 0xfc, 0xdf, 0xff, 0xd0,
    0xbf, 0xff, 0x20, 0x6, 0xff, 0xf4, 0xbf, 0xfb,
    0x0, 0x0, 0xef, 0xf8, 0xbf, 0xfb, 0x0, 0x0,
    0xbf, 0xfa, 0xbf, 0xfb, 0x0, 0x0, 0xaf, 0xfb,
    0xbf, 0xfb, 0x0, 0x0, 0xbf, 0xfa, 0xbf, 0xfb,
    0x0, 0x0, 0xef, 0xf8, 0xbf, 0xff, 0x20, 0x5,
    0xff, 0xf4, 0xbf, 0xff, 0xfc, 0xdf, 0xff, 0xd0,
    0xbf, 0xfd, 0xff, 0xff, 0xff, 0x40, 0xbf, 0xf6,
    0x4c, 0xfe, 0xb3, 0x0,

    /* U+0063 "c" */
    0x0, 0x3, 0xae, 0xfe, 0xb4, 0x0, 0x0, 0x6f,
    0xff, 0xff, 0xff, 0x80, 0x3, 0xff, 0xfe, 0xce,
    0xff, 0xf4, 0xb, 0xff, 0xd0, 0x0, 0xcf, 0xfa,
    0xf, 0xff, 0x70, 0x0, 0x5e, 0xec, 0x2f, 0xff,
    0x40, 0x0, 0x0, 0x0, 0x3f, 0xff, 0x30, 0x0,
    0x0, 0x0, 0x2f, 0xff, 0x30, 0x0, 0x0, 0x0,
    0xf, 0xff, 0x60, 0x0, 0x39, 0x98, 0xb, 0xff,
    0xd0, 0x0, 0xbf, 0xfb, 0x3, 0xff, 0xfe, 0xce,
    0xff, 0xf5, 0x0, 0x6f, 0xff, 0xff, 0xff, 0x80,
    0x0, 0x3, 0xae, 0xfe, 0xb4, 0x0,

    /* U+0064 "d" */
    0x0, 0x0, 0x0, 0x0, 0x3f, 0xff, 0x30, 0x0,
    0x0, 0x0, 0x3, 0xff, 0xf3, 0x0, 0x0, 0x0,
    0x0, 0x3f, 0xff, 0x30, 0x0, 0x0, 0x0, 0x3,
    0xff, 0xf3, 0x0, 0x0, 0x0, 0x0, 0x3f, 0xff,
    0x30, 0x0, 0x7d, 0xfe, 0x94, 0xff, 0xf3, 0x0,
    0xaf, 0xff, 0xff, 0xef, 0xff, 0x30, 0x5f, 0xff,
    0xfc, 0xef, 0xff, 0xf3, 0xc, 0xff, 0xe1, 0x0,
    0x9f, 0xff, 0x30, 0xff, 0xf7, 0x0, 0x3, 0xff,
    0xf3, 0x2f, 0xff, 0x40, 0x0, 0x3f, 0xff, 0x33,
    0xff, 0xf3, 0x0, 0x3, 0xff, 0xf3, 0x2f, 0xff,
    0x40, 0x0, 0x3f, 0xff, 0x30, 0xff, 0xf7, 0x0,
    0x3, 0xff, 0xf3, 0xc, 0xff, 0xd1, 0x0, 0xaf,
    0xff, 0x30, 0x5f, 0xff, 0xfc, 0xef, 0xff, 0xf3,
    0x0, 0xaf, 0xff, 0xff, 0xdf, 0xff, 0x30, 0x0,
    0x7d, 0xfe, 0x91, 0xef, 0xf3,

    /* U+0065 "e" */
    0x0, 0x1, 0x9d, 0xff, 0xc6, 0x0, 0x0, 0x4,
    0xff, 0xff, 0xff, 0xfb, 0x0, 0x1, 0xef, 0xff,
    0xcd, 0xff, 0xf8, 0x0, 0x9f, 0xfe, 0x20, 0x7,
    0xff, 0xe0, 0xe, 0xff, 0x70, 0x0, 0xf, 0xff,
    0x31, 0xff, 0xff, 0xff, 0xff, 0xff, 0xf5, 0x2f,
    0xff, 0xff, 0xff, 0xff, 0xff, 0x51, 0xff, 0xf9,
    0x55, 0x55, 0x55, 0x51, 0xe, 0xff, 0xa0, 0x0,
    0x0, 0x0, 0x0, 0x9f, 0xff, 0x60, 0x0, 0x6e,
    0x20, 0x1, 0xef, 0xff, 0xec, 0xef, 0xfd, 0x0,
    0x3, 0xef, 0xff, 0xff, 0xff, 0x40, 0x0, 0x1,
    0x8d, 0xff, 0xd8, 0x10, 0x0,

    /* U+0066 "f" */
    0x0, 0x1, 0x8d, 0xfe, 0x70, 0x1, 0xdf, 0xff,
    0xf9, 0x0, 0x8f, 0xff, 0xec, 0x70, 0xb, 0xff,
    0xd0, 0x0, 0x0, 0xcf, 0xfa, 0x0, 0xa, 0xff,
    0xff, 0xff, 0xf2, 0xaf, 0xff, 0xff, 0xff, 0x25,
    0x7e, 0xff, 0xc7, 0x71, 0x0, 0xcf, 0xfa, 0x0,
    0x0, 0xc, 0xff, 0xa0, 0x0, 0x0, 0xcf, 0xfa,
    0x0, 0x0, 0xc, 0xff, 0xa0, 0x0, 0x0, 0xcf,
    0xfa, 0x0, 0x0, 0xc, 0xff, 0xa0, 0x0, 0x0,
    0xcf, 0xfa, 0x0, 0x0, 0xc, 0xff, 0xa0, 0x0,
    0x0, 0xcf, 0xfa, 0x0, 0x0, 0xc, 0xff, 0xa0,
    0x0,

    /* U+0067 "g" */
    0x0, 0x5, 0xcf, 0xfb, 0x3b, 0xff, 0x60, 0x8,
    0xff, 0xff, 0xff, 0xef, 0xf6, 0x4, 0xff, 0xff,
    0xcd, 0xff, 0xff, 0x60, 0xbf, 0xff, 0x20, 0x5,
    0xff, 0xf6, 0xf, 0xff, 0x90, 0x0, 0xf, 0xff,
    0x62, 0xff, 0xf4, 0x0, 0x0, 0xff, 0xf6, 0x2f,
    0xff, 0x30, 0x0, 0xf, 0xff, 0x62, 0xff, 0xf4,
    0x0, 0x0, 0xff, 0xf6, 0xf, 0xff, 0x80, 0x0,
    0xf, 0xff, 0x60, 0xbf, 0xff, 0x20, 0x5, 0xff,
    0xf6, 0x4, 0xff, 0xff, 0xcd, 0xff, 0xff, 0x60,
    0x8, 0xff, 0xff, 0xff, 0xff, 0xf6, 0x0, 0x5,
    0xcf, 0xfb, 0x2f, 0xff, 0x60, 0x0, 0x0, 0x0,
    0x2, 0xff, 0xf4, 0x0, 0x6b, 0x10, 0x0, 0xbf,
    0xff, 0x10, 0x2f, 0xff, 0xbb, 0xef, 0xff, 0x90,
    0x1, 0xcf, 0xff, 0xff, 0xff, 0xb0, 0x0, 0x0,
    0x6b, 0xef, 0xeb, 0x50, 0x0,

    /* U+0068 "h" */
    0xcf, 0xfa, 0x0, 0x0, 0x0, 0x0, 0xcf, 0xfa,
    0x0, 0x0, 0x0, 0x0, 0xcf, 0xfa, 0x0, 0x0,
    0x0, 0x0, 0xcf, 0xfa, 0x0, 0x0, 0x0, 0x0,
    0xcf, 0xfa, 0x0, 0x0, 0x0, 0x0, 0xcf, 0xfa,
    0x3b, 0xff, 0xc4, 0x0, 0xcf, 0xfd, 0xff, 0xff,
    0xff, 0x40, 0xcf, 0xff, 0xfc, 0xef, 0xff, 0xd0,
    0xcf, 0xfd, 0x10, 0x9, 0xff, 0xf1, 0xcf, 0xfa,
    0x0, 0x4, 0xff, 0xf2, 0xcf, 0xfa, 0x0, 0x3,
    0xff, 0xf3, 0xcf, 0xfa, 0x0, 0x3, 0xff, 0xf3,
    0xcf, 0xfa, 0x0, 0x3, 0xff, 0xf3, 0xcf, 0xfa,
    0x0, 0x3, 0xff, 0xf3, 0xcf, 0xfa, 0x0, 0x3,
    0xff, 0xf3, 0xcf, 0xfa, 0x0, 0x3, 0xff, 0xf3,
    0xcf, 0xfa, 0x0, 0x3, 0xff, 0xf3, 0xcf, 0xfa,
    0x0, 0x3, 0xff, 0xf3,

    /* U+0069 "i" */
    0x3d, 0xf7, 0xa, 0xff, 0xf0, 0x8f, 0xfd, 0x0,
    0x67, 0x10, 0x0, 0x0, 0x8, 0xff, 0xe0, 0x8f,
    0xfe, 0x8, 0xff, 0xe0, 0x8f, 0xfe, 0x8, 0xff,
    0xe0, 0x8f, 0xfe, 0x8, 0xff, 0xe0, 0x8f, 0xfe,
    0x8, 0xff, 0xe0, 0x8f, 0xfe, 0x8, 0xff, 0xe0,
    0x8f, 0xfe, 0x8, 0xff, 0xe0,

    /* U+006A "j" */
    0x0, 0x3, 0xde, 0x60, 0x0, 0xb, 0xff, 0xf0,
    0x0, 0x9, 0xff, 0xc0, 0x0, 0x0, 0x67, 0x10,
    0x0, 0x0, 0x0, 0x0, 0x0, 0x8, 0xff, 0xe0,
    0x0, 0x8, 0xff, 0xe0, 0x0, 0x8, 0xff, 0xe0,
    0x0, 0x8, 0xff, 0xe0, 0x0, 0x8, 0xff, 0xe0,
    0x0, 0x8, 0xff, 0xe0, 0x0, 0x8, 0xff, 0xe0,
    0x0, 0x8, 0xff, 0xe0, 0x0, 0x8, 0xff, 0xe0,
    0x0, 0x8, 0xff, 0xe0, 0x0, 0x8, 0xff, 0xe0,
    0x0, 0x8, 0xff, 0xe0, 0x0, 0x8, 0xff, 0xe0,
    0x0, 0x8, 0xff, 0xe0, 0x0, 0xc, 0xff, 0xc0,
    0x1d, 0xef, 0xff, 0x80, 0x2f, 0xff, 0xfe, 0x10,
    0x1d, 0xfe, 0xa2, 0x0,

    /* U+006B "k" */
    0xbf, 0xfb, 0x0, 0x0, 0x0, 0x0, 0xb, 0xff,
    0xb0, 0x0, 0x0, 0x0, 0x0, 0xbf, 0xfb, 0x0,
    0x0, 0x0, 0x0, 0xb, 0xff, 0xb0, 0x0, 0x0,
    0x0, 0x0, 0xbf, 0xfb, 0x0, 0x0, 0x0, 0x0,
    0xb, 0xff, 0xb0, 0x0, 0xcf, 0xff, 0x40, 0xbf,
    0xfb, 0x0, 0xaf, 0xff, 0x60, 0xb, 0xff, 0xb0,
    0x7f, 0xff, 0x80, 0x0, 0xbf, 0xfb, 0x5f, 0xff,
    0xb0, 0x0, 0xb, 0xff, 0xdf, 0xff, 0xc0, 0x0,
    0x0, 0xbf, 0xff, 0xff, 0xf4, 0x0, 0x0, 0xb,
    0xff, 0xff, 0xff, 0xc0, 0x0, 0x0, 0xbf, 0xff,
    0xff, 0xff, 0x70, 0x0, 0xb, 0xff, 0xf3, 0xaf,
    0xff, 0x20, 0x0, 0xbf, 0xfb, 0x1, 0xef, 0xfc,
    0x0, 0xb, 0xff, 0xb0, 0x6, 0xff, 0xf6, 0x0,
    0xbf, 0xfb, 0x0, 0xc, 0xff, 0xf2, 0xb, 0xff,
    0xb0, 0x0, 0x2f, 0xff, 0xb0,

    /* U+006C "l" */
    0x8f, 0xfe, 0x8f, 0xfe, 0x8f, 0xfe, 0x8f, 0xfe,
    0x8f, 0xfe, 0x8f, 0xfe, 0x8f, 0xfe, 0x8f, 0xfe,
    0x8f, 0xfe, 0x8f, 0xfe, 0x8f, 0xfe, 0x8f, 0xfe,
    0x8f, 0xfe, 0x8f, 0xfe, 0x8f, 0xfe, 0x8f, 0xfe,
    0x8f, 0xfe, 0x8f, 0xfe,

    /* U+006D "m" */
    0xbf, 0xf8, 0x4b, 0xef, 0xd6, 0x2, 0xae, 0xfd,
    0x80, 0xb, 0xff, 0xef, 0xff, 0xff, 0xf9, 0xff,
    0xff, 0xff, 0xa0, 0xbf, 0xff, 0xd8, 0xaf, 0xff,
    0xff, 0xa9, 0xef, 0xff, 0x2b, 0xff, 0xd0, 0x0,
    0x8f, 0xff, 0x60, 0x2, 0xff, 0xf6, 0xbf, 0xfb,
    0x0, 0x5, 0xff, 0xf1, 0x0, 0xf, 0xff, 0x7b,
    0xff, 0xb0, 0x0, 0x4f, 0xff, 0x10, 0x0, 0xef,
    0xf7, 0xbf, 0xfb, 0x0, 0x4, 0xff, 0xf1, 0x0,
    0xe, 0xff, 0x7b, 0xff, 0xb0, 0x0, 0x4f, 0xff,
    0x10, 0x0, 0xef, 0xf7, 0xbf, 0xfb, 0x0, 0x4,
    0xff, 0xf1, 0x0, 0xe, 0xff, 0x7b, 0xff, 0xb0,
    0x0, 0x4f, 0xff, 0x10, 0x0, 0xef, 0xf7, 0xbf,
    0xfb, 0x0, 0x4, 0xff, 0xf1, 0x0, 0xe, 0xff,
    0x7b, 0xff, 0xb0, 0x0, 0x4f, 0xff, 0x10, 0x0,
    0xef, 0xf7, 0xbf, 0xfb, 0x0, 0x4, 0xff, 0xf1,
    0x0, 0xe, 0xff, 0x70,

    /* U+006E "n" */
    0xcf, 0xf7, 0x4b, 0xff, 0xc5, 0x0, 0xcf, 0xfd,
    0xff, 0xff, 0xff, 0x50, 0xcf, 0xff, 0xd8, 0xaf,
    0xff, 0xd0, 0xcf, 0xfd, 0x0, 0x7, 0xff, 0xf1,
    0xcf, 0xfa, 0x0, 0x3, 0xff, 0xf2, 0xcf, 0xfa,
    0x0, 0x3, 0xff, 0xf3, 0xcf, 0xfa, 0x0, 0x3,
    0xff, 0xf3, 0xcf, 0xfa, 0x0, 0x3, 0xff, 0xf3,
    0xcf, 0xfa, 0x0, 0x3, 0xff, 0xf3, 0xcf, 0xfa,
    0x0, 0x3, 0xff, 0xf3, 0xcf, 0xfa, 0x0, 0x3,
    0xff, 0xf3, 0xcf, 0xfa, 0x0, 0x3, 0xff, 0xf3,
    0xcf, 0xfa, 0x0, 0x3, 0xff, 0xf3,

    /* U+006F "o" */
    0x0, 0x2, 0x9d, 0xff, 0xc6, 0x0, 0x0, 0x5,
    0xff, 0xff, 0xff, 0xfc, 0x10, 0x2, 0xff, 0xff,
    0xcd, 0xff, 0xfb, 0x0, 0xaf, 0xfe, 0x10, 0x7,
    0xff, 0xf3, 0xf, 0xff, 0x80, 0x0, 0xe, 0xff,
    0x82, 0xff, 0xf4, 0x0, 0x0, 0xbf, 0xfb, 0x3f,
    0xff, 0x30, 0x0, 0x9, 0xff, 0xc2, 0xff, 0xf4,
    0x0, 0x0, 0xbf, 0xfb, 0xf, 0xff, 0x70, 0x0,
    0xe, 0xff, 0x80, 0xaf, 0xfe, 0x20, 0x7, 0xff,
    0xf3, 0x2, 0xff, 0xff, 0xcd, 0xff, 0xfb, 0x0,
    0x5, 0xff, 0xff, 0xff, 0xfc, 0x10, 0x0, 0x2,
    0x9e, 0xff, 0xc7, 0x0, 0x0,

    /* U+0070 "p" */
    0xbf, 0xf8, 0x6d, 0xfe, 0xb3, 0x0, 0xbf, 0xff,
    0xff, 0xff, 0xff, 0x30, 0xbf, 0xff, 0xd9, 0x9f,
    0xff, 0xd0, 0xbf, 0xfd, 0x0, 0x5, 0xff, 0xf4,
    0xbf, 0xfb, 0x0, 0x0, 0xef, 0xf8, 0xbf, 0xfb,
    0x0, 0x0, 0xbf, 0xfa, 0xbf, 0xfb, 0x0, 0x0,
    0xaf, 0xfb, 0xbf, 0xfb, 0x0, 0x0, 0xcf, 0xfa,
    0xbf, 0xfb, 0x0, 0x0, 0xff, 0xf8, 0xbf, 0xff,
    0x20, 0x7, 0xff, 0xf4, 0xbf, 0xff, 0xfc, 0xdf,
    0xff, 0xd0, 0xbf, 0xfe, 0xff, 0xff, 0xff, 0x30,
    0xbf, 0xfb, 0x4c, 0xfe, 0xa2, 0x0, 0xbf, 0xfb,
    0x0, 0x0, 0x0, 0x0, 0xbf, 0xfb, 0x0, 0x0,
    0x0, 0x0, 0xbf, 0xfb, 0x0, 0x0, 0x0, 0x0,
    0xbf, 0xfb, 0x0, 0x0, 0x0, 0x0, 0xbf, 0xfb,
    0x0, 0x0, 0x0, 0x0,

    /* U+0071 "q" */
    0x0, 0x7, 0xdf, 0xe9, 0x1d, 0xff, 0x30, 0xa,
    0xff, 0xff, 0xfd, 0xff, 0xf3, 0x5, 0xff, 0xff,
    0xce, 0xff, 0xff, 0x30, 0xcf, 0xfe, 0x10, 0x8,
    0xff, 0xf3, 0xf, 0xff, 0x70, 0x0, 0x3f, 0xff,
    0x32, 0xff, 0xf4, 0x0, 0x3, 0xff, 0xf3, 0x3f,
    0xff, 0x30, 0x0, 0x3f, 0xff, 0x32, 0xff, 0xf4,
    0x0, 0x3, 0xff, 0xf3, 0xf, 0xff, 0x70, 0x0,
    0x3f, 0xff, 0x30, 0xcf, 0xfe, 0x10, 0x9, 0xff,
    0xf3, 0x5, 0xff, 0xff, 0xce, 0xff, 0xff, 0x30,
    0xa, 0xff, 0xff, 0xff, 0xff, 0xf3, 0x0, 0x7,
    0xdf, 0xe9, 0x4f, 0xff, 0x30, 0x0, 0x0, 0x0,
    0x3, 0xff, 0xf3, 0x0, 0x0, 0x0, 0x0, 0x3f,
    0xff, 0x30, 0x0, 0x0, 0x0, 0x3, 0xff, 0xf3,
    0x0, 0x0, 0x0, 0x0, 0x3f, 0xff, 0x30, 0x0,
    0x0, 0x0, 0x3, 0xff, 0xf3,

    /* U+0072 "r" */
    0x0, 0x0, 0x0, 0x0, 0xbf, 0xf8, 0x6d, 0xf7,
    0xbf, 0xfe, 0xff, 0xf7, 0xbf, 0xff, 0xff, 0xf7,
    0xbf, 0xff, 0x82, 0x11, 0xbf, 0xfc, 0x0, 0x0,
    0xbf, 0xfb, 0x0, 0x0, 0xbf, 0xfb, 0x0, 0x0,
    0xbf, 0xfb, 0x0, 0x0, 0xbf, 0xfb, 0x0, 0x0,
    0xbf, 0xfb, 0x0, 0x0, 0xbf, 0xfb, 0x0, 0x0,
    0xbf, 0xfb, 0x0, 0x0, 0xbf, 0xfb, 0x0, 0x0,

    /* U+0073 "s" */
    0x0, 0x7, 0xdf, 0xfe, 0xa2, 0x0, 0x1, 0xdf,
    0xff, 0xff, 0xff, 0x50, 0x9, 0xff, 0xe8, 0x7d,
    0xff, 0xf1, 0xe, 0xff, 0x60, 0x1, 0xff, 0xf5,
    0xd, 0xff, 0xb1, 0x0, 0x1, 0x10, 0x7, 0xff,
    0xff, 0xc8, 0x30, 0x0, 0x0, 0x7e, 0xff, 0xff,
    0xfc, 0x30, 0x0, 0x0, 0x5a, 0xef, 0xff, 0xf1,
    0x14, 0x43, 0x0, 0x4, 0xff, 0xf6, 0x3f, 0xff,
    0x20, 0x0, 0xef, 0xf6, 0xd, 0xff, 0xe8, 0x7b,
    0xff, 0xf2, 0x2, 0xef, 0xff, 0xff, 0xff, 0x70,
    0x0, 0x18, 0xdf, 0xfe, 0xa3, 0x0,

    /* U+0074 "t" */
    0x0, 0xff, 0xf6, 0x0, 0x0, 0xff, 0xf6, 0x0,
    0x0, 0xff, 0xf6, 0x0, 0xef, 0xff, 0xff, 0xf8,
    0xef, 0xff, 0xff, 0xf8, 0x67, 0xff, 0xfa, 0x74,
    0x0, 0xff, 0xf6, 0x0, 0x0, 0xff, 0xf6, 0x0,
    0x0, 0xff, 0xf6, 0x0, 0x0, 0xff, 0xf6, 0x0,
    0x0, 0xff, 0xf6, 0x0, 0x0, 0xff, 0xf6, 0x0,
    0x0, 0xff, 0xf8, 0x0, 0x0, 0xef, 0xff, 0xd9,
    0x0, 0x7f, 0xff, 0xfa, 0x0, 0x6, 0xdf, 0xe8,

    /* U+0075 "u" */
    0xcf, 0xfa, 0x0, 0x3, 0xff, 0xf3, 0xcf, 0xfa,
    0x0, 0x3, 0xff, 0xf3, 0xcf, 0xfa, 0x0, 0x3,
    0xff, 0xf3, 0xcf, 0xfa, 0x0, 0x3, 0xff, 0xf3,
    0xcf, 0xfa, 0x0, 0x3, 0xff, 0xf3, 0xcf, 0xfa,
    0x0, 0x3, 0xff, 0xf3, 0xcf, 0xfa, 0x0, 0x3,
    0xff, 0xf3, 0xcf, 0xfa, 0x0, 0x3, 0xff, 0xf3,
    0xcf, 0xfa, 0x0, 0x3, 0xff, 0xf3, 0xaf, 0xfe,
    0x10, 0x9, 0xff, 0xf3, 0x6f, 0xff, 0xfc, 0xef,
    0xff, 0xf3, 0xd, 0xff, 0xff, 0xfd, 0xff, 0xf3,
    0x1, 0x9e, 0xfe, 0x81, 0xff, 0xf3,

    /* U+0076 "v" */
    0xaf, 0xfd, 0x0, 0x0, 0xbf, 0xfc, 0x5f, 0xff,
    0x10, 0x0, 0xff, 0xf7, 0xf, 0xff, 0x60, 0x4,
    0xff, 0xf1, 0xb, 0xff, 0xa0, 0x8, 0xff, 0xc0,
    0x5, 0xff, 0xe0, 0xc, 0xff, 0x70, 0x0, 0xff,
    0xf2, 0x1f, 0xff, 0x20, 0x0, 0xbf, 0xf7, 0x5f,
    0xfc, 0x0, 0x0, 0x6f, 0xfb, 0x9f, 0xf7, 0x0,
    0x0, 0x1f, 0xff, 0xef, 0xf2, 0x0, 0x0, 0xb,
    0xff, 0xff, 0xd0, 0x0, 0x0, 0x6, 0xff, 0xff,
    0x70, 0x0, 0x0, 0x1, 0xff, 0xff, 0x20, 0x0,
    0x0, 0x0, 0xbf, 0xfd, 0x0, 0x0,

    /* U+0077 "w" */
    0x8f, 0xfb, 0x0, 0x9, 0xff, 0x20, 0x1, 0xff,
    0xf2, 0x4f, 0xfe, 0x0, 0xd, 0xff, 0x70, 0x4,
    0xff, 0xe0, 0xf, 0xff, 0x10, 0x1f, 0xff, 0xb0,
    0x8, 0xff, 0xa0, 0xc, 0xff, 0x40, 0x6f, 0xff,
    0xf0, 0xb, 0xff, 0x60, 0x8, 0xff, 0x80, 0xaf,
    0xff, 0xf4, 0xe, 0xff, 0x20, 0x4, 0xff, 0xb0,
    0xef, 0xaf, 0xf9, 0x1f, 0xfe, 0x0, 0x1, 0xff,
    0xe3, 0xff, 0x4b, 0xfd, 0x4f, 0xfa, 0x0, 0x0,
    0xcf, 0xfa, 0xff, 0x6, 0xff, 0xaf, 0xf6, 0x0,
    0x0, 0x8f, 0xff, 0xfb, 0x1, 0xff, 0xff, 0xf2,
    0x0, 0x0, 0x4f, 0xff, 0xf6, 0x0, 0xdf, 0xff,
    0xe0, 0x0, 0x0, 0x1f, 0xff, 0xf2, 0x0, 0x8f,
    0xff, 0xa0, 0x0, 0x0, 0xd, 0xff, 0xd0, 0x0,
    0x3f, 0xff, 0x60, 0x0, 0x0, 0x9, 0xff, 0x80,
    0x0, 0xe, 0xff, 0x20, 0x0,

    /* U+0078 "x" */
    0x5f, 0xff, 0x50, 0x1, 0xef, 0xf9, 0x0, 0xbf,
    0xfd, 0x0, 0x9f, 0xff, 0x10, 0x2, 0xff, 0xf6,
    0x2f, 0xff, 0x70, 0x0, 0x9, 0xff, 0xeb, 0xff,
    0xd0, 0x0, 0x0, 0x1f, 0xff, 0xff, 0xf5, 0x0,
    0x0, 0x0, 0x7f, 0xff, 0xfc, 0x0, 0x0, 0x0,
    0x2, 0xff, 0xff, 0x60, 0x0, 0x0, 0x0, 0xaf,
    0xff, 0xfe, 0x0, 0x0, 0x0, 0x3f, 0xff, 0xff,
    0xf7, 0x0, 0x0, 0xc, 0xff, 0xc8, 0xff, 0xf1,
    0x0, 0x5, 0xff, 0xf4, 0xe, 0xff, 0x90, 0x0,
    0xdf, 0xfb, 0x0, 0x6f, 0xff, 0x30, 0x7f, 0xff,
    0x20, 0x0, 0xdf, 0xfb, 0x0,

    /* U+0079 "y" */
    0xcf, 0xfd, 0x0, 0x0, 0xcf, 0xfd, 0x7, 0xff,
    0xf2, 0x0, 0x1f, 0xff, 0x70, 0x1f, 0xff, 0x60,
    0x5, 0xff, 0xf2, 0x0, 0xbf, 0xfb, 0x0, 0xaf,
    0xfc, 0x0, 0x6, 0xff, 0xf0, 0xe, 0xff, 0x70,
    0x0, 0x1f, 0xff, 0x43, 0xff, 0xf1, 0x0, 0x0,
    0xbf, 0xf9, 0x8f, 0xfc, 0x0, 0x0, 0x5, 0xff,
    0xec, 0xff, 0x60, 0x0, 0x0, 0xf, 0xff, 0xff,
    0xf1, 0x0, 0x0, 0x0, 0xaf, 0xff, 0xfb, 0x0,
    0x0, 0x0, 0x5, 0xff, 0xff, 0x60, 0x0, 0x0,
    0x0, 0xf, 0xff, 0xf1, 0x0, 0x0, 0x0, 0x0,
    0xaf, 0xfb, 0x0, 0x0, 0x0, 0x0, 0xc, 0xff,
    0x50, 0x0, 0x0, 0x0, 0x4, 0xff, 0xf0, 0x0,
    0x0, 0x0, 0x7d, 0xff, 0xf9, 0x0, 0x0, 0x0,
    0x9, 0xff, 0xfe, 0x10, 0x0, 0x0, 0x0, 0x8f,
    0xea, 0x20, 0x0, 0x0, 0x0,

    /* U+007A "z" */
    0xf, 0xff, 0xff, 0xff, 0xff, 0xf3, 0xf, 0xff,
    0xff, 0xff, 0xff, 0xf3, 0xb, 0xbb, 0xbb, 0xcf,
    0xff, 0xd0, 0x0, 0x0, 0x0, 0xbf, 0xff, 0x20,
    0x0, 0x0, 0x6, 0xff, 0xf6, 0x0, 0x0, 0x0,
    0x3f, 0xff, 0xa0, 0x0, 0x0, 0x0, 0xdf, 0xfd,
    0x0, 0x0, 0x0, 0xa, 0xff, 0xf3, 0x0, 0x0,
    0x0, 0x5f, 0xff, 0x70, 0x0, 0x0, 0x2, 0xff,
    0xfb, 0x0, 0x0, 0x0, 0xc, 0xff, 0xfd, 0xcc,
    0xcc, 0xc4, 0x2f, 0xff, 0xff, 0xff, 0xff, 0xf6,
    0x2f, 0xff, 0xff, 0xff, 0xff, 0xf6,

    /* U+007B "{" */
    0x0, 0x0, 0x3, 0x90, 0x0, 0x0, 0x9f, 0xf4,
    0x0, 0x7, 0xff, 0xc2, 0x0, 0xe, 0xff, 0x20,
    0x0, 0x3f, 0xfd, 0x0, 0x0, 0x4f, 0xfb, 0x0,
    0x0, 0x5f, 0xfb, 0x0, 0x0, 0x5f, 0xfb, 0x0,
    0x0, 0x6f, 0xfa, 0x0, 0x0, 0xaf, 0xf7, 0x0,
    0x3a, 0xff, 0xe1, 0x0, 0x7f, 0xfe, 0x20, 0x0,
    0x7f, 0xff, 0x80, 0x0, 0x3, 0xef, 0xf4, 0x0,
    0x0, 0x7f, 0xf9, 0x0, 0x0, 0x5f, 0xfa, 0x0,
    0x0, 0x5f, 0xfb, 0x0, 0x0, 0x5f, 0xfb, 0x0,
    0x0, 0x4f, 0xfc, 0x0, 0x0, 0x1f, 0xfe, 0x0,
    0x0, 0xb, 0xff, 0x60, 0x0, 0x3, 0xff, 0xf5,
    0x0, 0x0, 0x3c, 0xf2, 0x0, 0x0, 0x0, 0x20,

    /* U+007C "|" */
    0xff, 0x1f, 0xf1, 0xff, 0x1f, 0xf1, 0xff, 0x1f,
    0xf1, 0xff, 0x1f, 0xf1, 0xff, 0x1f, 0xf1, 0xff,
    0x1f, 0xf1, 0xff, 0x1f, 0xf1, 0xff, 0x1f, 0xf1,
    0xff, 0x1f, 0xf1, 0xff, 0x1f, 0xf1, 0x55, 0x0,

    /* U+007D "}" */
    0x9, 0x20, 0x0, 0x0, 0x5f, 0xf8, 0x0, 0x0,
    0x2d, 0xff, 0x60, 0x0, 0x3, 0xff, 0xd0, 0x0,
    0x0, 0xef, 0xf1, 0x0, 0x0, 0xcf, 0xf3, 0x0,
    0x0, 0xcf, 0xf4, 0x0, 0x0, 0xcf, 0xf4, 0x0,
    0x0, 0xbf, 0xf5, 0x0, 0x0, 0x8f, 0xf9, 0x0,
    0x0, 0x2f, 0xff, 0xa2, 0x0, 0x3, 0xef, 0xf5,
    0x0, 0x9, 0xff, 0xf5, 0x0, 0x5f, 0xfe, 0x30,
    0x0, 0xaf, 0xf6, 0x0, 0x0, 0xcf, 0xf4, 0x0,
    0x0, 0xcf, 0xf4, 0x0, 0x0, 0xcf, 0xf4, 0x0,
    0x0, 0xdf, 0xf3, 0x0, 0x0, 0xff, 0xf0, 0x0,
    0x7, 0xff, 0xa0, 0x0, 0x6f, 0xff, 0x20, 0x0,
    0x3f, 0xc2, 0x0, 0x0, 0x2, 0x0, 0x0, 0x0,

    /* U+007E "~" */
    0x1, 0x9e, 0xfc, 0x40, 0x0, 0x2a, 0xa2, 0xd,
    0xff, 0xff, 0xf9, 0x0, 0x9f, 0xf3, 0x6f, 0xff,
    0xdf, 0xff, 0xfd, 0xff, 0xe0, 0xaf, 0xf2, 0x3,
    0xdf, 0xff, 0xff, 0x50, 0x7a, 0x80, 0x0, 0x8,
    0xef, 0xd5, 0x0,

    /* U+00A0 " " */

    /* U+00A1 "¡" */
    0x1c, 0xfa, 0x6, 0xff, 0xf3, 0x4f, 0xff, 0x20,
    0x58, 0x40, 0x0, 0x0, 0x0, 0xee, 0xb0, 0xf,
    0xfd, 0x1, 0xff, 0xe0, 0x1f, 0xfe, 0x2, 0xff,
    0xf0, 0x2f, 0xff, 0x3, 0xff, 0xf0, 0x3f, 0xff,
    0x14, 0xff, 0xf1, 0x4f, 0xff, 0x25, 0xff, 0xf2,
    0x6f, 0xff, 0x30,

    /* U+00A2 "¢" */
    0x0, 0x0, 0x4, 0x40, 0x0, 0x0, 0x0, 0x0,
    0x2f, 0xf3, 0x0, 0x0, 0x0, 0x0, 0x2f, 0xf3,
    0x0, 0x0, 0x0, 0x3, 0x9f, 0xf9, 0x30, 0x0,
    0x0, 0xaf, 0xff, 0xff, 0xf9, 0x0, 0xa, 0xff,
    0xff, 0xff, 0xff, 0x80, 0x3f, 0xff, 0x80, 0x1a,
    0xff, 0xf0, 0x8f, 0xfe, 0x0, 0x0, 0xff, 0xf3,
    0xbf, 0xfa, 0x0, 0x0, 0x23, 0x30, 0xdf, 0xf9,
    0x0, 0x0, 0x0, 0x0, 0xcf, 0xf9, 0x0, 0x0,
    0x0, 0x0, 0xaf, 0xfb, 0x0, 0x0, 0x34, 0x41,
    0x6f, 0xff, 0x10, 0x2, 0xff, 0xf3, 0x1f, 0xff,
    0xd7, 0x7e, 0xff, 0xd0, 0x5, 0xff, 0xff, 0xff,
    0xff, 0x40, 0x0, 0x4d, 0xff, 0xff, 0xc3, 0x0,
    0x0, 0x0, 0x4f, 0xf4, 0x0, 0x0, 0x0, 0x0,
    0x2f, 0xf3, 0x0, 0x0, 0x0, 0x0, 0x2f, 0xf3,
    0x0, 0x0,

    /* U+00A3 "£" */
    0x0, 0x0, 0x7c, 0xff, 0xea, 0x30, 0x0, 0x0,
    0xcf, 0xff, 0xff, 0xff, 0x50, 0x0, 0x9f, 0xff,
    0xfe, 0xff, 0xff, 0x10, 0xf, 0xff, 0xd1, 0x4,
    0xff, 0xf6, 0x1, 0xff, 0xf7, 0x0, 0x9, 0xaa,
    0x50, 0x1f, 0xff, 0x60, 0x0, 0x0, 0x0, 0x0,
    0xff, 0xf7, 0x0, 0x0, 0x0, 0xa, 0xcf, 0xff,
    0xec, 0xcc, 0x10, 0x0, 0xdf, 0xff, 0xff, 0xff,
    0xf2, 0x0, 0xd, 0xff, 0xff, 0xff, 0xff, 0x20,
    0x0, 0x0, 0xef, 0xfa, 0x0, 0x0, 0x0, 0x0,
    0xe, 0xff, 0xa0, 0x0, 0x0, 0x0, 0x0, 0xef,
    0xf9, 0x0, 0x0, 0x0, 0x0, 0x1f, 0xff, 0x40,
    0x0, 0x0, 0x0, 0xaf, 0xff, 0xfd, 0xdd, 0xdd,
    0xdd, 0x8c, 0xff, 0xff, 0xff, 0xff, 0xff, 0xf9,
    0xcf, 0xff, 0xff, 0xff, 0xff, 0xff, 0x90,

    /* U+00A4 "¤" */
    0x0, 0x10, 0x0, 0x0, 0x0, 0x0, 0x0, 0x10,
    0x4, 0xf6, 0x5, 0xbe, 0xfe, 0xa3, 0xa, 0xd1,
    0xc, 0xff, 0xdf, 0xff, 0xff, 0xff, 0xdf, 0xf8,
    0x1, 0xdf, 0xff, 0xa5, 0x46, 0xcf, 0xff, 0xa0,
    0x0, 0x9f, 0xf4, 0x0, 0x0, 0x8, 0xff, 0x40,
    0x1, 0xff, 0x60, 0x0, 0x0, 0x0, 0xbf, 0xb0,
    0x6, 0xfe, 0x0, 0x0, 0x0, 0x0, 0x3f, 0xf1,
    0x9, 0xfa, 0x0, 0x0, 0x0, 0x0, 0xf, 0xf3,
    0xa, 0xf9, 0x0, 0x0, 0x0, 0x0, 0xe, 0xf4,
    0x9, 0xfa, 0x0, 0x0, 0x0, 0x0, 0xf, 0xf3,
    0x6, 0xfe, 0x0, 0x0, 0x0, 0x0, 0x3f, 0xf1,
    0x1, 0xff, 0x60, 0x0, 0x0, 0x0, 0xbf, 0xb0,
    0x0, 0xaf, 0xf4, 0x0, 0x0, 0x8, 0xff, 0x50,
    0x3, 0xff, 0xff, 0xa5, 0x46, 0xcf, 0xff, 0xd1,
    0xc, 0xfe, 0xcf, 0xff, 0xff, 0xff, 0xbf, 0xf8,
    0x1, 0xc3, 0x5, 0xbe, 0xfe, 0xa3, 0x7, 0xa0,
    0x0, 0x0, 0x0, 0x0, 0x0, 0x0, 0x0, 0x0,

    /* U+00A5 "¥" */
    0xaf, 0xff, 0x10, 0x0, 0x2f, 0xff, 0x72, 0xff,
    0xf7, 0x0, 0x8, 0xff, 0xf1, 0xb, 0xff, 0xd0,
    0x0, 0xef, 0xf8, 0x0, 0x3f, 0xff, 0x40, 0x6f,
    0xff, 0x10, 0x0, 0xbf, 0xfb, 0xc, 0xff, 0x90,
    0x0, 0x4, 0xff, 0xf5, 0xff, 0xf2, 0x0, 0x0,
    0xc, 0xff, 0xff, 0xfa, 0x0, 0x0, 0x0, 0x5f,
    0xff, 0xff, 0x30, 0x0, 0xf, 0xff, 0xff, 0xff,
    0xff, 0xf8, 0x0, 0xff, 0xff, 0xff, 0xff, 0xff,
    0x80, 0x0, 0x0, 0x6f, 0xff, 0x20, 0x0, 0x0,
    0x0, 0x6, 0xff, 0xf2, 0x0, 0x0, 0xf, 0xff,
    0xff, 0xff, 0xff, 0xf8, 0x0, 0xff, 0xff, 0xff,
    0xff, 0xff, 0x80, 0x0, 0x0, 0x5f, 0xff, 0x20,
    0x0, 0x0, 0x0, 0x5, 0xff, 0xf2, 0x0, 0x0,
    0x0, 0x0, 0x5f, 0xff, 0x20, 0x0, 0x0,

    /* U+00A6 "¦" */
    0x8f, 0xf8, 0x8f, 0xf8, 0x8f, 0xf8, 0x8f, 0xf8,
    0x8f, 0xf8, 0x8f, 0xf8, 0x8f, 0xf8, 0x8f, 0xf8,
    0x7f, 0xf8, 0x0, 0x0, 0x0, 0x0, 0x8f, 0xf8,
    0x8f, 0xf8, 0x8f, 0xf8, 0x8f, 0xf8, 0x8f, 0xf8,
    0x8f, 0xf8, 0x8f, 0xf8, 0x8f, 0xf8, 0x8f, 0xf8,
    0x36, 0x63,

    /* U+00A7 "§" */
    0x0, 0x18, 0xcf, 0xfe, 0xc7, 0x10, 0x0, 0x4f,
    0xff, 0xff, 0xff, 0xfe, 0x30, 0x1f, 0xff, 0xfd,
    0xce, 0xff, 0xfe, 0x7, 0xff, 0xf4, 0x0, 0x7,
    0xff, 0xf5, 0x8f, 0xfd, 0x0, 0x0, 0xd, 0xff,
    0x86, 0xff, 0xf6, 0x0, 0x0, 0x0, 0x0, 0x1e,
    0xff, 0xfe, 0x95, 0x10, 0x0, 0x0, 0x4f, 0xff,
    0xff, 0xff, 0xa3, 0x0, 0x1e, 0xff, 0xbf, 0xff,
    0xff, 0xf9, 0xa, 0xff, 0xa0, 0x4, 0xaf, 0xff,
    0xf6, 0xdf, 0xf8, 0x0, 0x0, 0x2e, 0xff, 0xbd,
    0xff, 0xe2, 0x0, 0x0, 0x9f, 0xfc, 0x8f, 0xff,
    0xfb, 0x51, 0xc, 0xff, 0x90, 0xbf, 0xff, 0xff,
    0xfe, 0xff, 0xe2, 0x0, 0x5c, 0xff, 0xff, 0xff,
    0xf3, 0x0, 0x0, 0x2, 0x6b, 0xff, 0xff, 0xd0,
    0x0, 0x0, 0x0, 0x1, 0x9f, 0xff, 0x5b, 0xdd,
    0x70, 0x0, 0x0, 0xff, 0xf7, 0xbf, 0xfe, 0x20,
    0x0, 0x4f, 0xff, 0x65, 0xff, 0xff, 0xdc, 0xdf,
    0xff, 0xf1, 0x7, 0xff, 0xff, 0xff, 0xff, 0xf5,
    0x0, 0x2, 0x9c, 0xef, 0xfc, 0x81, 0x0,

    /* U+00A8 "¨" */
    0x6f, 0xc0, 0x0, 0xaf, 0x90, 0xdf, 0xf4, 0x1,
    0xff, 0xf0, 0x6f, 0xc0, 0x0, 0xaf, 0x90,

    /* U+00A9 "©" */
    0x0, 0x0, 0x0, 0x1, 0x10, 0x0, 0x0, 0x0,
    0x0, 0x0, 0x2, 0x9e, 0xff, 0xfd, 0x70, 0x0,
    0x0, 0x0, 0x7, 0xfe, 0x96, 0x57, 0xbf, 0xe3,
    0x0, 0x0, 0x9, 0xf8, 0x0, 0x0, 0x0, 0x2c,
    0xf4, 0x0, 0x6, 0xf6, 0x0, 0x48, 0x86, 0x0,
    0xb, 0xe1, 0x1, 0xfa, 0x0, 0x9f, 0xff, 0xfe,
    0x30, 0x1e, 0xb0, 0x7f, 0x10, 0x5f, 0xc2, 0x6,
    0xfd, 0x0, 0x7f, 0x2b, 0xb0, 0xb, 0xf2, 0x0,
    0xc, 0xf1, 0x1, 0xf6, 0xe8, 0x0, 0xee, 0x0,
    0x0, 0x0, 0x0, 0xe, 0x9f, 0x70, 0xe, 0xe0,
    0x0, 0x0, 0x0, 0x0, 0xca, 0xe8, 0x0, 0xee,
    0x0, 0x0, 0x0, 0x0, 0xe, 0x9c, 0xb0, 0xb,
    0xf2, 0x0, 0xc, 0xf1, 0x0, 0xf7, 0x8f, 0x10,
    0x6f, 0xc2, 0x5, 0xfd, 0x0, 0x6f, 0x32, 0xf8,
    0x0, 0xaf, 0xff, 0xfe, 0x40, 0xd, 0xc0, 0x8,
    0xf4, 0x0, 0x48, 0x86, 0x10, 0x9, 0xf3, 0x0,
    0xb, 0xf5, 0x0, 0x0, 0x0, 0xa, 0xf6, 0x0,
    0x0, 0xa, 0xfc, 0x63, 0x24, 0x8e, 0xf6, 0x0,
    0x0, 0x0, 0x5, 0xcf, 0xff, 0xff, 0xa2, 0x0,
    0x0, 0x0, 0x0, 0x0, 0x14, 0x43, 0x0, 0x0,
    0x0, 0x0,

    /* U+00AA "ª" */
    0x1, 0x9d, 0xfd, 0x60, 0x0, 0xcf, 0xec, 0xff,
    0x60, 0x1d, 0xd0, 0x5, 0xfb, 0x0, 0x0, 0x0,
    0x3f, 0xd0, 0x4, 0xcf, 0xff, 0xfd, 0x2, 0xff,
    0x74, 0x6f, 0xd0, 0x5f, 0xb0, 0x4, 0xfd, 0x2,
    0xff, 0xbc, 0xff, 0xe0, 0x5, 0xdf, 0xd5, 0xff,
    0x0,

    /* U+00AB "«" */
    0x0, 0x0, 0x66, 0x10, 0x36, 0x50, 0x0, 0x7f,
    0xc0, 0x1e, 0xf5, 0x0, 0x3f, 0xf3, 0xa, 0xfb,
    0x0, 0xd, 0xfa, 0x6, 0xff, 0x20, 0x9, 0xff,
    0x12, 0xff, 0x90, 0x0, 0xef, 0xb0, 0x7f, 0xf4,
    0x0, 0x5, 0xff, 0x40, 0xcf, 0xc0, 0x0, 0x9,
    0xfd, 0x2, 0xff, 0x60, 0x0, 0xd, 0xf7, 0x5,
    0xfe, 0x10, 0x0, 0x3f, 0xf1, 0xa, 0xf9,

    /* U+00AC "¬" */
    0x0, 0x0, 0x0, 0x0, 0x0, 0x8, 0xff, 0xff,
    0xff, 0xff, 0xf4, 0x8f, 0xff, 0xff, 0xff, 0xff,
    0x40, 0x0, 0x0, 0x0, 0x1f, 0xf4, 0x0, 0x0,
    0x0, 0x1, 0xff, 0x40, 0x0, 0x0, 0x0, 0x1f,
    0xf4,

    /* U+00AD "­" */
    0x8c, 0xcc, 0xcc, 0xab, 0xff, 0xff, 0xfe, 0xbf,
    0xff, 0xff, 0xe0,

    /* U+00AE "®" */
    0x0, 0x0, 0x0, 0x1, 0x10, 0x0, 0x0, 0x0,
    0x0, 0x0, 0x2, 0x9e, 0xff, 0xfd, 0x70, 0x0,
    0x0, 0x0, 0x7, 0xfe, 0x96, 0x57, 0xbf, 0xe3,
    0x0, 0x0, 0x9, 0xf8, 0x0, 0x0, 0x0, 0x2c,
    0xf4, 0x0, 0x6, 0xf6, 0x19, 0x99, 0x86, 0x0,
    0xb, 0xe1, 0x1, 0xfa, 0x1, 0xff, 0xff, 0xfe,
    0x30, 0x1e, 0xb0, 0x7f, 0x10, 0x1f, 0xa0, 0x4,
    0xfc, 0x0, 0x7f, 0x2b, 0xb0, 0x1, 0xfa, 0x0,
    0xd, 0xf0, 0x1, 0xf6, 0xe8, 0x0, 0x1f, 0xa0,
    0x5, 0xfc, 0x0, 0xe, 0x9f, 0x70, 0x1, 0xff,
    0xff, 0xfe, 0x10, 0x0, 0xca, 0xe8, 0x0, 0x1f,
    0xd9, 0x9d, 0xf8, 0x0, 0xe, 0x9c, 0xb0, 0x1,
    0xfa, 0x0, 0xe, 0xd0, 0x0, 0xf7, 0x8f, 0x10,
    0x1f, 0xa0, 0x0, 0xdf, 0x0, 0x6f, 0x32, 0xf8,
    0x1, 0xfa, 0x0, 0xc, 0xf0, 0xd, 0xc0, 0x8,
    0xf4, 0x7, 0x40, 0x0, 0x57, 0x19, 0xf3, 0x0,
    0xb, 0xf5, 0x0, 0x0, 0x0, 0xa, 0xf6, 0x0,
    0x0, 0xa, 0xfc, 0x63, 0x24, 0x8e, 0xf6, 0x0,
    0x0, 0x0, 0x5, 0xcf, 0xff, 0xff, 0xa2, 0x0,
    0x0, 0x0, 0x0, 0x0, 0x14, 0x43, 0x0, 0x0,
    0x0, 0x0,

    /* U+00AF "¯" */
    0xf, 0xff, 0xff, 0xff, 0xf0, 0xf, 0xff, 0xff,
    0xff, 0xf1,

    /* U+00B0 "°" */
    0x0, 0x7b, 0x92, 0x0, 0xbf, 0xff, 0xe1, 0x4f,
    0xa1, 0x6f, 0x97, 0xf3, 0x0, 0xfc, 0x5f, 0x70,
    0x2f, 0xa0, 0xef, 0xcf, 0xf3, 0x2, 0xbf, 0xd5,
    0x0,

    /* U+00B1 "±" */
    0x0, 0x0, 0x33, 0x20, 0x0, 0x0, 0x0, 0xf,
    0xff, 0x0, 0x0, 0x0, 0x0, 0xff, 0xf0, 0x0,
    0x0, 0x0, 0xf, 0xff, 0x0, 0x0, 0x0, 0x0,
    0xff, 0xf0, 0x0, 0xf, 0xff, 0xff, 0xff, 0xff,
    0xfc, 0xff, 0xff, 0xff, 0xff, 0xff, 0xcc, 0xdd,
    0xdf, 0xff, 0xdd, 0xda, 0x0, 0x0, 0xff, 0xf0,
    0x0, 0x0, 0x0, 0xf, 0xff, 0x0, 0x0, 0x0,
    0x0, 0xff, 0xf0, 0x0, 0x0, 0x0, 0xf, 0xff,
    0x0, 0x0, 0x0, 0x0, 0x0, 0x0, 0x0, 0x8,
    0xcc, 0xcc, 0xcc, 0xcc, 0xc5, 0xaf, 0xff, 0xff,
    0xff, 0xff, 0x7a, 0xff, 0xff, 0xff, 0xff, 0xf7,

    /* U+00B2 "²" */
    0x1, 0x9e, 0xfd, 0x70, 0x0, 0xcf, 0xff, 0xff,
    0x70, 0x3f, 0xf4, 0xa, 0xfc, 0x0, 0x22, 0x0,
    0xcf, 0xb0, 0x0, 0x0, 0xaf, 0xf3, 0x0, 0x1,
    0xcf, 0xe3, 0x0, 0x2, 0xef, 0xb1, 0x0, 0x1,
    0xff, 0xfe, 0xee, 0xe2, 0x2f, 0xff, 0xff, 0xff,
    0x20,

    /* U+00B3 "³" */
    0x2, 0xae, 0xfd, 0x81, 0x0, 0xef, 0xff, 0xff,
    0xb0, 0x2a, 0xa3, 0x9, 0xfe, 0x0, 0x0, 0x79,
    0xef, 0x70, 0x0, 0xc, 0xff, 0xd3, 0x0, 0x0,
    0x0, 0x8f, 0xe0, 0x5d, 0xd2, 0x7, 0xff, 0x11,
    0xff, 0xff, 0xff, 0xc0, 0x3, 0xae, 0xfd, 0x80,
    0x0,

    /* U+00B4 "´" */
    0x0, 0x7a, 0xa8, 0x0, 0x3f, 0xff, 0x30, 0xd,
    0xff, 0x40, 0x7, 0xff, 0x60, 0x0,

    /* U+00B5 "µ" */
    0x5f, 0xff, 0x0, 0x0, 0x7f, 0xfe, 0x5f, 0xff,
    0x0, 0x0, 0x7f, 0xfe, 0x5f, 0xff, 0x0, 0x0,
    0x7f, 0xfe, 0x5f, 0xff, 0x0, 0x0, 0x7f, 0xfe,
    0x5f, 0xff, 0x0, 0x0, 0x7f, 0xfe, 0x5f, 0xff,
    0x0, 0x0, 0x7f, 0xfe, 0x5f, 0xff, 0x0, 0x0,
    0x7f, 0xfe, 0x5f, 0xff, 0x0, 0x0, 0x7f, 0xfe,
    0x5f, 0xff, 0x20, 0x0, 0x7f, 0xfe, 0x5f, 0xff,
    0x80, 0x1, 0xdf, 0xfe, 0x5f, 0xff, 0xfe, 0xdf,
    0xff, 0xfe, 0x5f, 0xff, 0xff, 0xff, 0xff, 0xfe,
    0x5f, 0xff, 0xdf, 0xeb, 0x7f, 0xfe, 0x5f, 0xff,
    0x0, 0x0, 0x0, 0x0, 0x5f, 0xff, 0x0, 0x0,
    0x0, 0x0, 0x5f, 0xff, 0x0, 0x0, 0x0, 0x0,
    0x5f, 0xff, 0x0, 0x0, 0x0, 0x0, 0x5f, 0xff,
    0x0, 0x0, 0x0, 0x0,

    /* U+00B6 "¶" */
    0x0, 0x4, 0xae, 0xff, 0xff, 0x30, 0x7, 0xff,
    0xff, 0xff, 0xf3, 0x4, 0xff, 0xff, 0xff, 0xff,
    0x30, 0xcf, 0xff, 0xff, 0xff, 0xf3, 0xf, 0xff,
    0xff, 0xff, 0xff, 0x31, 0xff, 0xff, 0xff, 0xff,
    0xf3, 0xf, 0xff, 0xff, 0xff, 0xff, 0x30, 0xcf,
    0xff, 0xff, 0xff, 0xf3, 0x5, 0xff, 0xff, 0xff,
    0xff, 0x30, 0x8, 0xff, 0xff, 0xff, 0xf3, 0x0,
    0x5, 0xbf, 0xff, 0xff, 0x30, 0x0, 0x0, 0x0,
    0x6f, 0xf3, 0x0, 0x0, 0x0, 0x6, 0xff, 0x30,
    0x0, 0x0, 0x0, 0x6f, 0xf3, 0x0, 0x0, 0x0,
    0x6, 0xff, 0x30, 0x0, 0x0, 0x0, 0x6f, 0xf3,
    0x0, 0x0, 0x0, 0x6, 0xff, 0x30,

    /* U+00B7 "·" */
    0x5, 0x96, 0x2, 0xff, 0xf4, 0x4f, 0xff, 0x60,
    0xaf, 0xb0,

    /* U+00B8 "¸" */
    0x6b, 0xb0, 0xb, 0xff, 0xc1, 0x6, 0xff, 0x90,
    0x6f, 0xfa, 0x7f, 0xff, 0x46, 0xeb, 0x30,

    /* U+00B9 "¹" */
    0x0, 0x0, 0x0, 0x0, 0x5a, 0xf3, 0x5f, 0xff,
    0xf3, 0x6e, 0xcf, 0xf3, 0x0, 0x3f, 0xf3, 0x0,
    0x3f, 0xf3, 0x0, 0x3f, 0xf3, 0x0, 0x3f, 0xf3,
    0x0, 0x3f, 0xf3, 0x0, 0x3f, 0xf3,

    /* U+00BA "º" */
    0x0, 0x8e, 0xfd, 0x80, 0x0, 0xcf, 0xec, 0xff,
    0xb0, 0x5f, 0xd1, 0x1, 0xef, 0x38, 0xf8, 0x0,
    0x9, 0xf7, 0x9f, 0x70, 0x0, 0x8f, 0x89, 0xf8,
    0x0, 0x9, 0xf7, 0x5f, 0xd0, 0x1, 0xef, 0x30,
    0xcf, 0xeb, 0xef, 0xb0, 0x0, 0x9e, 0xfe, 0x80,
    0x0,

    /* U+00BB "»" */
    0x56, 0x20, 0x16, 0x60, 0x0, 0x7, 0xfd, 0x0,
    0xdf, 0x70, 0x0, 0xd, 0xf9, 0x3, 0xff, 0x30,
    0x0, 0x4f, 0xf4, 0xa, 0xfd, 0x0, 0x0, 0xaf,
    0xe1, 0x1f, 0xf9, 0x0, 0x5, 0xff, 0x50, 0xcf,
    0xe0, 0x0, 0xdf, 0xb0, 0x4f, 0xf4, 0x0, 0x8f,
    0xe1, 0xd, 0xf9, 0x0, 0x2f, 0xf4, 0x7, 0xfd,
    0x0, 0xb, 0xf8, 0x2, 0xff, 0x20, 0x0,

    /* U+00BC "¼" */
    0x0, 0x0, 0x0, 0x0, 0x0, 0x0, 0x0, 0x0,
    0x1, 0x6c, 0xc0, 0x0, 0x0, 0x0, 0x0, 0x0,
    0xaf, 0xff, 0xc0, 0x0, 0x0, 0x17, 0x0, 0x0,
    0xde, 0xef, 0xc0, 0x0, 0x0, 0xaf, 0x70, 0x0,
    0x10, 0x9f, 0xc0, 0x0, 0x4, 0xfd, 0x0, 0x0,
    0x0, 0x9f, 0xc0, 0x0, 0xe, 0xf4, 0x0, 0x0,
    0x0, 0x9f, 0xc0, 0x0, 0x9f, 0xa0, 0x0, 0x0,
    0x0, 0x9f, 0xc0, 0x3, 0xfe, 0x10, 0x0, 0x0,
    0x0, 0x9f, 0xc0, 0xc, 0xf6, 0x1, 0x44, 0x10,
    0x0, 0x9f, 0xc0, 0x7f, 0xc0, 0xb, 0xff, 0x40,
    0x0, 0x12, 0x11, 0xff, 0x20, 0x7f, 0xff, 0x40,
    0x0, 0x0, 0xb, 0xf8, 0x3, 0xff, 0xff, 0x40,
    0x0, 0x0, 0x5f, 0xd0, 0xd, 0xf5, 0xff, 0x40,
    0x0, 0x0, 0xef, 0x40, 0xaf, 0x62, 0xff, 0x40,
    0x0, 0x9, 0xfa, 0x3, 0xff, 0xff, 0xff, 0xf4,
    0x0, 0x1f, 0xe1, 0x3, 0xff, 0xff, 0xff, 0xf4,
    0x0, 0x1, 0x30, 0x0, 0x0, 0x2, 0xff, 0x40,
    0x0, 0x0, 0x0, 0x0, 0x0, 0x2, 0xff, 0x40,

    /* U+00BD "½" */
    0x0, 0x2, 0x76, 0x0, 0x0, 0x0, 0x0, 0x0,
    0x0, 0x7, 0xcf, 0xf9, 0x0, 0x0, 0x1, 0x0,
    0x0, 0x0, 0xf, 0xff, 0xf9, 0x0, 0x0, 0xd,
    0xc0, 0x0, 0x0, 0x7, 0x3d, 0xf9, 0x0, 0x0,
    0x9f, 0xa0, 0x0, 0x0, 0x0, 0xc, 0xf9, 0x0,
    0x3, 0xfe, 0x10, 0x0, 0x0, 0x0, 0xc, 0xf9,
    0x0, 0xd, 0xf5, 0x0, 0x0, 0x0, 0x0, 0xc,
    0xf9, 0x0, 0x7f, 0xb0, 0x0, 0x0, 0x0, 0x0,
    0xc, 0xf9, 0x2, 0xff, 0x10, 0x0, 0x0, 0x0,
    0x0, 0xc, 0xf9, 0xc, 0xf6, 0x7, 0xdf, 0xd8,
    0x0, 0x0, 0x6, 0x84, 0x6f, 0xc0, 0x9f, 0xff,
    0xff, 0xa0, 0x0, 0x0, 0x1, 0xff, 0x20, 0xff,
    0x70, 0x7f, 0xf0, 0x0, 0x0, 0xa, 0xf8, 0x0,
    0x22, 0x0, 0xaf, 0xe0, 0x0, 0x0, 0x5f, 0xd0,
    0x0, 0x0, 0x8, 0xff, 0x50, 0x0, 0x1, 0xef,
    0x30, 0x0, 0x0, 0xaf, 0xf5, 0x0, 0x0, 0x8,
    0xf9, 0x0, 0x0, 0x1c, 0xfd, 0x20, 0x0, 0x0,
    0x0, 0x60, 0x0, 0x0, 0xdf, 0xff, 0xff, 0xf4,
    0x0, 0x0, 0x0, 0x0, 0x0, 0xff, 0xff, 0xff,
    0xf5,

    /* U+00BE "¾" */
    0x5, 0xcf, 0xec, 0x50, 0x0, 0x0, 0x0, 0x0,
    0x0, 0x6f, 0xff, 0xff, 0xf4, 0x0, 0x0, 0x1,
    0x0, 0x0, 0x7a, 0x80, 0x1f, 0xf7, 0x0, 0x0,
    0x9f, 0x40, 0x0, 0x0, 0x2a, 0xcf, 0xd1, 0x0,
    0x4, 0xfe, 0x0, 0x0, 0x0, 0x4f, 0xff, 0x90,
    0x0, 0xd, 0xf4, 0x0, 0x0, 0x0, 0x0, 0x2e,
    0xf7, 0x0, 0x8f, 0xa0, 0x0, 0x0, 0xbe, 0xa0,
    0x1e, 0xf9, 0x3, 0xfe, 0x10, 0x0, 0x0, 0x8f,
    0xff, 0xff, 0xf4, 0xc, 0xf6, 0x1, 0x44, 0x0,
    0x6, 0xcf, 0xeb, 0x40, 0x7f, 0xb0, 0xd, 0xff,
    0x20, 0x0, 0x0, 0x0, 0x2, 0xff, 0x20, 0x9f,
    0xff, 0x20, 0x0, 0x0, 0x0, 0xb, 0xf7, 0x5,
    0xfe, 0xff, 0x20, 0x0, 0x0, 0x0, 0x6f, 0xc0,
    0x1e, 0xe6, 0xff, 0x20, 0x0, 0x0, 0x1, 0xef,
    0x30, 0xcf, 0x34, 0xff, 0x20, 0x0, 0x0, 0xa,
    0xf8, 0x6, 0xff, 0xff, 0xff, 0xf2, 0x0, 0x0,
    0x2f, 0xd0, 0x6, 0xff, 0xff, 0xff, 0xf2, 0x0,
    0x0, 0x2, 0x30, 0x0, 0x0, 0x4, 0xff, 0x20,
    0x0, 0x0, 0x0, 0x0, 0x0, 0x0, 0x4, 0xff,
    0x20,

    /* U+00BF "¿" */
    0x0, 0x0, 0x1c, 0xf9, 0x0, 0x0, 0x0, 0x0,
    0x7f, 0xff, 0x20, 0x0, 0x0, 0x0, 0x6f, 0xff,
    0x10, 0x0, 0x0, 0x0, 0x6, 0x93, 0x0, 0x0,
    0x0, 0x0, 0x0, 0x0, 0x0, 0x0, 0x0, 0x0,
    0x18, 0x86, 0x0, 0x0, 0x0, 0x0, 0x4f, 0xfb,
    0x0, 0x0, 0x0, 0x0, 0xaf, 0xf9, 0x0, 0x0,
    0x0, 0x7, 0xff, 0xf4, 0x0, 0x0, 0x0, 0x6f,
    0xff, 0x90, 0x0, 0x0, 0x3, 0xff, 0xfb, 0x0,
    0x0, 0x0, 0xc, 0xff, 0xd0, 0x0, 0x0, 0x0,
    0x1f, 0xff, 0x50, 0x0, 0x0, 0x0, 0x2f, 0xff,
    0x40, 0x0, 0xee, 0xe5, 0xf, 0xff, 0x90, 0x7,
    0xff, 0xf3, 0xb, 0xff, 0xfd, 0xdf, 0xff, 0xd0,
    0x2, 0xef, 0xff, 0xff, 0xfe, 0x30, 0x0, 0x18,
    0xdf, 0xfd, 0x81, 0x0,

    /* U+00C0 "À" */
    0x0, 0x0, 0x9a, 0xa7, 0x0, 0x0, 0x0, 0x0,
    0x0, 0x0, 0x3, 0xff, 0xf3, 0x0, 0x0, 0x0,
    0x0, 0x0, 0x0, 0x5, 0xff, 0xd0, 0x0, 0x0,
    0x0, 0x0, 0x0, 0x0, 0x6, 0xff, 0x70, 0x0,
    0x0, 0x0, 0x0, 0x0, 0x0, 0x0, 0x0, 0x0,
    0x0, 0x0, 0x0, 0x0, 0x0, 0xb, 0xff, 0xe0,
    0x0, 0x0, 0x0, 0x0, 0x0, 0x1, 0xff, 0xff,
    0x40, 0x0, 0x0, 0x0, 0x0, 0x0, 0x7f, 0xff,
    0xfa, 0x0, 0x0, 0x0, 0x0, 0x0, 0xd, 0xff,
    0xff, 0xf0, 0x0, 0x0, 0x0, 0x0, 0x3, 0xff,
    0xfe, 0xff, 0x60, 0x0, 0x0, 0x0, 0x0, 0x9f,
    0xfb, 0x8f, 0xfc, 0x0, 0x0, 0x0, 0x0, 0xf,
    0xff, 0x63, 0xff, 0xf2, 0x0, 0x0, 0x0, 0x5,
    0xff, 0xf1, 0xe, 0xff, 0x80, 0x0, 0x0, 0x0,
    0xbf, 0xfc, 0x0, 0x9f, 0xfe, 0x0, 0x0, 0x0,
    0x1f, 0xff, 0x60, 0x4, 0xff, 0xf4, 0x0, 0x0,
    0x7, 0xff, 0xf1, 0x0, 0xe, 0xff, 0xa0, 0x0,
    0x0, 0xdf, 0xff, 0xff, 0xff, 0xff, 0xff, 0x0,
    0x0, 0x3f, 0xff, 0xff, 0xff, 0xff, 0xff, 0xf6,
    0x0, 0x9, 0xff, 0xfe, 0xee, 0xee, 0xef, 0xff,
    0xc0, 0x0, 0xff, 0xfc, 0x0, 0x0, 0x0, 0x9f,
    0xff, 0x20, 0x5f, 0xff, 0x60, 0x0, 0x0, 0x3,
    0xff, 0xf8, 0xb, 0xff, 0xf0, 0x0, 0x0, 0x0,
    0xd, 0xff, 0xe0,

    /* U+00C1 "Á" */
    0x0, 0x0, 0x0, 0x0, 0x4a, 0xaa, 0x20, 0x0,
    0x0, 0x0, 0x0, 0x0, 0xe, 0xff, 0x70, 0x0,
    0x0, 0x0, 0x0, 0x0, 0x8, 0xff, 0x90, 0x0,
    0x0, 0x0, 0x0, 0x0, 0x3, 0xff, 0xa0, 0x0,
    0x0, 0x0, 0x0, 0x0, 0x0, 0x0, 0x0, 0x0,
    0x0, 0x0, 0x0, 0x0, 0x0, 0xb, 0xff, 0xe0,
    0x0, 0x0, 0x0, 0x0, 0x0, 0x1, 0xff, 0xff,
    0x40, 0x0, 0x0, 0x0, 0x0, 0x0, 0x7f, 0xff,
    0xfa, 0x0, 0x0, 0x0, 0x0, 0x0, 0xd, 0xff,
    0xff, 0xf0, 0x0, 0x0, 0x0, 0x0, 0x3, 0xff,
    0xfe, 0xff, 0x60, 0x0, 0x0, 0x0, 0x0, 0x9f,
    0xfb, 0x8f, 0xfc, 0x0, 0x0, 0x0, 0x0, 0xf,
    0xff, 0x63, 0xff, 0xf2, 0x0, 0x0, 0x0, 0x5,
    0xff, 0xf1, 0xe, 0xff, 0x80, 0x0, 0x0, 0x0,
    0xbf, 0xfc, 0x0, 0x9f, 0xfe, 0x0, 0x0, 0x0,
    0x1f, 0xff, 0x60, 0x4, 0xff, 0xf4, 0x0, 0x0,
    0x7, 0xff, 0xf1, 0x0, 0xe, 0xff, 0xa0, 0x0,
    0x0, 0xdf, 0xff, 0xff, 0xff, 0xff, 0xff, 0x0,
    0x0, 0x3f, 0xff, 0xff, 0xff, 0xff, 0xff, 0xf6,
    0x0, 0x9, 0xff, 0xfe, 0xee, 0xee, 0xef, 0xff,
    0xc0, 0x0, 0xff, 0xfc, 0x0, 0x0, 0x0, 0x9f,
    0xff, 0x20, 0x5f, 0xff, 0x60, 0x0, 0x0, 0x3,
    0xff, 0xf8, 0xb, 0xff, 0xf0, 0x0, 0x0, 0x0,
    0xd, 0xff, 0xe0,

    /* U+00C2 "Â" */
    0x0, 0x0, 0x0, 0x6f, 0xf9, 0x0, 0x0, 0x0,
    0x0, 0x0, 0x0, 0x6f, 0xff, 0xf9, 0x0, 0x0,
    0x0, 0x0, 0x0, 0x7f, 0xf6, 0x3e, 0xf9, 0x0,
    0x0, 0x0, 0x0, 0x18, 0x84, 0x0, 0x28, 0x82,
    0x0, 0x0, 0x0, 0x0, 0x0, 0x0, 0x0, 0x0,
    0x0, 0x0, 0x0, 0x0, 0x0, 0xb, 0xff, 0xe0,
    0x0, 0x0, 0x0, 0x0, 0x0, 0x1, 0xff, 0xff,
    0x40, 0x0, 0x0, 0x0, 0x0, 0x0, 0x7f, 0xff,
    0xfa, 0x0, 0x0, 0x0, 0x0, 0x0, 0xd, 0xff,
    0xff, 0xf0, 0x0, 0x0, 0x0, 0x0, 0x3, 0xff,
    0xfe, 0xff, 0x60, 0x0, 0x0, 0x0, 0x0, 0x9f,
    0xfb, 0x8f, 0xfc, 0x0, 0x0, 0x0, 0x0, 0xf,
    0xff, 0x63, 0xff, 0xf2, 0x0, 0x0, 0x0, 0x5,
    0xff, 0xf1, 0xe, 0xff, 0x80, 0x0, 0x0, 0x0,
    0xbf, 0xfc, 0x0, 0x9f, 0xfe, 0x0, 0x0, 0x0,
    0x1f, 0xff, 0x60, 0x4, 0xff, 0xf4, 0x0, 0x0,
    0x7, 0xff, 0xf1, 0x0, 0xe, 0xff, 0xa0, 0x0,
    0x0, 0xdf, 0xff, 0xff, 0xff, 0xff, 0xff, 0x0,
    0x0, 0x3f, 0xff, 0xff, 0xff, 0xff, 0xff, 0xf6,
    0x0, 0x9, 0xff, 0xfe, 0xee, 0xee, 0xef, 0xff,
    0xc0, 0x0, 0xff, 0xfc, 0x0, 0x0, 0x0, 0x9f,
    0xff, 0x20, 0x5f, 0xff, 0x60, 0x0, 0x0, 0x3,
    0xff, 0xf8, 0xb, 0xff, 0xf0, 0x0, 0x0, 0x0,
    0xd, 0xff, 0xe0,

    /* U+00C3 "Ã" */
    0x0, 0x0, 0x0, 0x0, 0x0, 0x0, 0x0, 0x0,
    0x0, 0x0, 0x2, 0xcf, 0xb4, 0xa, 0xf6, 0x0,
    0x0, 0x0, 0x0, 0xdf, 0xff, 0xff, 0xff, 0x20,
    0x0, 0x0, 0x0, 0x3f, 0xe3, 0x5c, 0xff, 0x60,
    0x0, 0x0, 0x0, 0x0, 0x21, 0x0, 0x1, 0x0,
    0x0, 0x0, 0x0, 0x0, 0x0, 0x0, 0x0, 0x0,
    0x0, 0x0, 0x0, 0x0, 0x0, 0x0, 0xbf, 0xfe,
    0x0, 0x0, 0x0, 0x0, 0x0, 0x0, 0x1f, 0xff,
    0xf4, 0x0, 0x0, 0x0, 0x0, 0x0, 0x7, 0xff,
    0xff, 0xa0, 0x0, 0x0, 0x0, 0x0, 0x0, 0xdf,
    0xff, 0xff, 0x0, 0x0, 0x0, 0x0, 0x0, 0x3f,
    0xff, 0xef, 0xf6, 0x0, 0x0, 0x0, 0x0, 0x9,
    0xff, 0xb8, 0xff, 0xc0, 0x0, 0x0, 0x0, 0x0,
    0xff, 0xf6, 0x3f, 0xff, 0x20, 0x0, 0x0, 0x0,
    0x5f, 0xff, 0x10, 0xef, 0xf8, 0x0, 0x0, 0x0,
    0xb, 0xff, 0xc0, 0x9, 0xff, 0xe0, 0x0, 0x0,
    0x1, 0xff, 0xf6, 0x0, 0x4f, 0xff, 0x40, 0x0,
    0x0, 0x7f, 0xff, 0x10, 0x0, 0xef, 0xfa, 0x0,
    0x0, 0xd, 0xff, 0xff, 0xff, 0xff, 0xff, 0xf0,
    0x0, 0x3, 0xff, 0xff, 0xff, 0xff, 0xff, 0xff,
    0x60, 0x0, 0x9f, 0xff, 0xee, 0xee, 0xee, 0xff,
    0xfc, 0x0, 0xf, 0xff, 0xc0, 0x0, 0x0, 0x9,
    0xff, 0xf2, 0x5, 0xff, 0xf6, 0x0, 0x0, 0x0,
    0x3f, 0xff, 0x80, 0xbf, 0xff, 0x0, 0x0, 0x0,
    0x0, 0xdf, 0xfe, 0x0,

    /* U+00C4 "Ä" */
    0x0, 0x1, 0xcf, 0x60, 0x3, 0xed, 0x30, 0x0,
    0x0, 0x0, 0x5f, 0xfd, 0x0, 0x9f, 0xf8, 0x0,
    0x0, 0x0, 0x1, 0xce, 0x60, 0x3, 0xed, 0x20,
    0x0, 0x0, 0x0, 0x0, 0x0, 0x0, 0x0, 0x0,
    0x0, 0x0, 0x0, 0x0, 0x0, 0xbf, 0xfe, 0x0,
    0x0, 0x0, 0x0, 0x0, 0x0, 0x1f, 0xff, 0xf4,
    0x0, 0x0, 0x0, 0x0, 0x0, 0x7, 0xff, 0xff,
    0xa0, 0x0, 0x0, 0x0, 0x0, 0x0, 0xdf, 0xff,
    0xff, 0x0, 0x0, 0x0, 0x0, 0x0, 0x3f, 0xff,
    0xef, 0xf6, 0x0, 0x0, 0x0, 0x0, 0x9, 0xff,
    0xb8, 0xff, 0xc0, 0x0, 0x0, 0x0, 0x0, 0xff,
    0xf6, 0x3f, 0xff, 0x20, 0x0, 0x0, 0x0, 0x5f,
    0xff, 0x10, 0xef, 0xf8, 0x0, 0x0, 0x0, 0xb,
    0xff, 0xc0, 0x9, 0xff, 0xe0, 0x0, 0x0, 0x1,
    0xff, 0xf6, 0x0, 0x4f, 0xff, 0x40, 0x0, 0x0,
    0x7f, 0xff, 0x10, 0x0, 0xef, 0xfa, 0x0, 0x0,
    0xd, 0xff, 0xff, 0xff, 0xff, 0xff, 0xf0, 0x0,
    0x3, 0xff, 0xff, 0xff, 0xff, 0xff, 0xff, 0x60,
    0x0, 0x9f, 0xff, 0xee, 0xee, 0xee, 0xff, 0xfc,
    0x0, 0xf, 0xff, 0xc0, 0x0, 0x0, 0x9, 0xff,
    0xf2, 0x5, 0xff, 0xf6, 0x0, 0x0, 0x0, 0x3f,
    0xff, 0x80, 0xbf, 0xff, 0x0, 0x0, 0x0, 0x0,
    0xdf, 0xfe, 0x0,

    /* U+00C5 "Å" */
    0x0, 0x0, 0x0, 0x5d, 0xe8, 0x0, 0x0, 0x0,
    0x0, 0x0, 0x0, 0x3f, 0x64, 0xe7, 0x0, 0x0,
    0x0, 0x0, 0x0, 0x6, 0xe0, 0xa, 0xb0, 0x0,
    0x0, 0x0, 0x0, 0x0, 0x4f, 0x31, 0xd8, 0x0,
    0x0, 0x0, 0x0, 0x0, 0x0, 0x8f, 0xfb, 0x0,
    0x0, 0x0, 0x0, 0x0, 0x0, 0x0, 0x1, 0x0,
    0x0, 0x0, 0x0, 0x0, 0x0, 0x0, 0xbf, 0xfe,
    0x0, 0x0, 0x0, 0x0, 0x0, 0x0, 0x1f, 0xff,
    0xf4, 0x0, 0x0, 0x0, 0x0, 0x0, 0x7, 0xff,
    0xff, 0xa0, 0x0, 0x0, 0x0, 0x0, 0x0, 0xdf,
    0xff, 0xff, 0x0, 0x0, 0x0, 0x0, 0x0, 0x3f,
    0xff, 0xef, 0xf6, 0x0, 0x0, 0x0, 0x0, 0x9,
    0xff, 0xb8, 0xff, 0xc0, 0x0, 0x0, 0x0, 0x0,
    0xff, 0xf6, 0x3f, 0xff, 0x20, 0x0, 0x0, 0x0,
    0x5f, 0xff, 0x10, 0xef, 0xf8, 0x0, 0x0, 0x0,
    0xb, 0xff, 0xc0, 0x9, 0xff, 0xe0, 0x0, 0x0,
    0x1, 0xff, 0xf6, 0x0, 0x4f, 0xff, 0x40, 0x0,
    0x0, 0x7f, 0xff, 0x10, 0x0, 0xef, 0xfa, 0x0,
    0x0, 0xd, 0xff, 0xff, 0xff, 0xff, 0xff, 0xf0,
    0x0, 0x3, 0xff, 0xff, 0xff, 0xff, 0xff, 0xff,
    0x60, 0x0, 0x9f, 0xff, 0xee, 0xee, 0xee, 0xff,
    0xfc, 0x0, 0xf, 0xff, 0xc0, 0x0, 0x0, 0x9,
    0xff, 0xf2, 0x5, 0xff, 0xf6, 0x0, 0x0, 0x0,
    0x3f, 0xff, 0x80, 0xbf, 0xff, 0x0, 0x0, 0x0,
    0x0, 0xdf, 0xfe, 0x0,

    /* U+00C6 "Æ" */
    0x0, 0x0, 0x0, 0x0, 0x1f, 0xff, 0xff, 0xff,
    0xff, 0xff, 0xf2, 0x0, 0x0, 0x0, 0x0, 0x9f,
    0xff, 0xff, 0xff, 0xff, 0xff, 0xf2, 0x0, 0x0,
    0x0, 0x2, 0xff, 0xff, 0xff, 0xdc, 0xcc, 0xcc,
    0xc1, 0x0, 0x0, 0x0, 0xa, 0xff, 0xff, 0xff,
    0x20, 0x0, 0x0, 0x0, 0x0, 0x0, 0x0, 0x3f,
    0xff, 0x8f, 0xff, 0x30, 0x0, 0x0, 0x0, 0x0,
    0x0, 0x0, 0xbf, 0xfc, 0x2f, 0xff, 0x40, 0x0,
    0x0, 0x0, 0x0, 0x0, 0x4, 0xff, 0xf4, 0x1f,
    0xff, 0x40, 0x0, 0x0, 0x0, 0x0, 0x0, 0xc,
    0xff, 0xc0, 0xf, 0xff, 0xff, 0xff, 0xff, 0x30,
    0x0, 0x0, 0x5f, 0xff, 0x40, 0xf, 0xff, 0xff,
    0xff, 0xff, 0x30, 0x0, 0x0, 0xdf, 0xfb, 0x0,
    0xf, 0xff, 0xec, 0xcc, 0xcc, 0x20, 0x0, 0x7,
    0xff, 0xff, 0xee, 0xef, 0xff, 0x70, 0x0, 0x0,
    0x0, 0x0, 0xe, 0xff, 0xff, 0xff, 0xff, 0xff,
    0x80, 0x0, 0x0, 0x0, 0x0, 0x8f, 0xff, 0xff,
    0xff, 0xff, 0xff, 0x80, 0x0, 0x0, 0x0, 0x1,
    0xff, 0xfb, 0x0, 0x0, 0xc, 0xff, 0x90, 0x0,
    0x0, 0x0, 0x9, 0xff, 0xf3, 0x0, 0x0, 0xc,
    0xff, 0xec, 0xcc, 0xcc, 0xca, 0x2f, 0xff, 0xc0,
    0x0, 0x0, 0xb, 0xff, 0xff, 0xff, 0xff, 0xfe,
    0xbf, 0xff, 0x40, 0x0, 0x0, 0xa, 0xff, 0xff,
    0xff, 0xff, 0xfe,

    /* U+00C7 "Ç" */
    0x0, 0x1, 0x8d, 0xff, 0xea, 0x50, 0x0, 0x0,
    0x5f, 0xff, 0xff, 0xff, 0xfb, 0x0, 0x4, 0xff,
    0xff, 0xfe, 0xff, 0xff, 0xa0, 0xe, 0xff, 0xe4,
    0x0, 0x1a, 0xff, 0xf4, 0x6f, 0xff, 0x40, 0x0,
    0x0, 0xef, 0xfa, 0xbf, 0xfd, 0x0, 0x0, 0x0,
    0x9e, 0xec, 0xef, 0xfa, 0x0, 0x0, 0x0, 0x0,
    0x0, 0xff, 0xf9, 0x0, 0x0, 0x0, 0x0, 0x0,
    0xff, 0xf9, 0x0, 0x0, 0x0, 0x0, 0x0, 0xff,
    0xf9, 0x0, 0x0, 0x0, 0x0, 0x0, 0xef, 0xfa,
    0x0, 0x0, 0x0, 0x0, 0x0, 0xbf, 0xfd, 0x0,
    0x0, 0x0, 0x8c, 0xca, 0x6f, 0xff, 0x30, 0x0,
    0x0, 0xef, 0xfb, 0xf, 0xff, 0xd3, 0x0, 0x2b,
    0xff, 0xf5, 0x5, 0xff, 0xff, 0xff, 0xff, 0xff,
    0xb0, 0x0, 0x6f, 0xff, 0xff, 0xff, 0xfb, 0x0,
    0x0, 0x2, 0x9e, 0xff, 0xfa, 0x50, 0x0, 0x0,
    0x0, 0x6, 0xff, 0x91, 0x0, 0x0, 0x0, 0x0,
    0x2, 0x7f, 0xfc, 0x0, 0x0, 0x0, 0x0, 0x0,
    0x1f, 0xfe, 0x0, 0x0, 0x0, 0x0, 0x3, 0xff,
    0xf9, 0x0, 0x0, 0x0, 0x0, 0x2, 0xfc, 0x70,
    0x0, 0x0,

    /* U+00C8 "È" */
    0x0, 0x6a, 0xa9, 0x0, 0x0, 0x0, 0x0, 0xd,
    0xff, 0x80, 0x0, 0x0, 0x0, 0x1, 0xef, 0xf3,
    0x0, 0x0, 0x0, 0x0, 0x2e, 0xfc, 0x0, 0x0,
    0x0, 0x0, 0x0, 0x0, 0x0, 0x0, 0x7f, 0xff,
    0xff, 0xff, 0xff, 0xff, 0x7f, 0xff, 0xff, 0xff,
    0xff, 0xff, 0x7f, 0xff, 0xee, 0xee, 0xee, 0xed,
    0x7f, 0xff, 0x0, 0x0, 0x0, 0x0, 0x7f, 0xff,
    0x0, 0x0, 0x0, 0x0, 0x7f, 0xff, 0x0, 0x0,
    0x0, 0x0, 0x7f, 0xff, 0x0, 0x0, 0x0, 0x0,
    0x7f, 0xff, 0xff, 0xff, 0xff, 0xc0, 0x7f, 0xff,
    0xff, 0xff, 0xff, 0xc0, 0x7f, 0xff, 0xcc, 0xcc,
    0xcc, 0x90, 0x7f, 0xff, 0x0, 0x0, 0x0, 0x0,
    0x7f, 0xff, 0x0, 0x0, 0x0, 0x0, 0x7f, 0xff,
    0x0, 0x0, 0x0, 0x0, 0x7f, 0xff, 0x0, 0x0,
    0x0, 0x0, 0x7f, 0xff, 0xdd, 0xdd, 0xdd, 0xdd,
    0x7f, 0xff, 0xff, 0xff, 0xff, 0xff, 0x7f, 0xff,
    0xff, 0xff, 0xff, 0xff,

    /* U+00C9 "É" */
    0x0, 0x0, 0x0, 0xa, 0xaa, 0x50, 0x0, 0x0,
    0x0, 0x9f, 0xfc, 0x0, 0x0, 0x0, 0x3, 0xff,
    0xd1, 0x0, 0x0, 0x0, 0xd, 0xfe, 0x10, 0x0,
    0x0, 0x0, 0x0, 0x0, 0x0, 0x0, 0x7f, 0xff,
    0xff, 0xff, 0xff, 0xff, 0x7f, 0xff, 0xff, 0xff,
    0xff, 0xff, 0x7f, 0xff, 0xee, 0xee, 0xee, 0xed,
    0x7f, 0xff, 0x0, 0x0, 0x0, 0x0, 0x7f, 0xff,
    0x0, 0x0, 0x0, 0x0, 0x7f, 0xff, 0x0, 0x0,
    0x0, 0x0, 0x7f, 0xff, 0x0, 0x0, 0x0, 0x0,
    0x7f, 0xff, 0xff, 0xff, 0xff, 0xc0, 0x7f, 0xff,
    0xff, 0xff, 0xff, 0xc0, 0x7f, 0xff, 0xcc, 0xcc,
    0xcc, 0x90, 0x7f, 0xff, 0x0, 0x0, 0x0, 0x0,
    0x7f, 0xff, 0x0, 0x0, 0x0, 0x0, 0x7f, 0xff,
    0x0, 0x0, 0x0, 0x0, 0x7f, 0xff, 0x0, 0x0,
    0x0, 0x0, 0x7f, 0xff, 0xdd, 0xdd, 0xdd, 0xdd,
    0x7f, 0xff, 0xff, 0xff, 0xff, 0xff, 0x7f, 0xff,
    0xff, 0xff, 0xff, 0xff,

    /* U+00CA "Ê" */
    0x0, 0x0, 0x2e, 0xfd, 0x10, 0x0, 0x0, 0x2,
    0xef, 0xff, 0xd1, 0x0, 0x0, 0x3e, 0xfa, 0x1c,
    0xfd, 0x10, 0x0, 0x78, 0x70, 0x0, 0x78, 0x50,
    0x0, 0x0, 0x0, 0x0, 0x0, 0x0, 0x7f, 0xff,
    0xff, 0xff, 0xff, 0xff, 0x7f, 0xff, 0xff, 0xff,
    0xff, 0xff, 0x7f, 0xff, 0xee, 0xee, 0xee, 0xed,
    0x7f, 0xff, 0x0, 0x0, 0x0, 0x0, 0x7f, 0xff,
    0x0, 0x0, 0x0, 0x0, 0x7f, 0xff, 0x0, 0x0,
    0x0, 0x0, 0x7f, 0xff, 0x0, 0x0, 0x0, 0x0,
    0x7f, 0xff, 0xff, 0xff, 0xff, 0xc0, 0x7f, 0xff,
    0xff, 0xff, 0xff, 0xc0, 0x7f, 0xff, 0xcc, 0xcc,
    0xcc, 0x90, 0x7f, 0xff, 0x0, 0x0, 0x0, 0x0,
    0x7f, 0xff, 0x0, 0x0, 0x0, 0x0, 0x7f, 0xff,
    0x0, 0x0, 0x0, 0x0, 0x7f, 0xff, 0x0, 0x0,
    0x0, 0x0, 0x7f, 0xff, 0xdd, 0xdd, 0xdd, 0xdd,
    0x7f, 0xff, 0xff, 0xff, 0xff, 0xff, 0x7f, 0xff,
    0xff, 0xff, 0xff, 0xff,

    /* U+00CB "Ë" */
    0x0, 0x8f, 0xa0, 0x0, 0xcf, 0x60, 0x0, 0xff,
    0xf2, 0x4, 0xff, 0xd0, 0x0, 0x8f, 0xa0, 0x0,
    0xcf, 0x60, 0x0, 0x0, 0x0, 0x0, 0x0, 0x0,
    0x7f, 0xff, 0xff, 0xff, 0xff, 0xff, 0x7f, 0xff,
    0xff, 0xff, 0xff, 0xff, 0x7f, 0xff, 0xee, 0xee,
    0xee, 0xed, 0x7f, 0xff, 0x0, 0x0, 0x0, 0x0,
    0x7f, 0xff, 0x0, 0x0, 0x0, 0x0, 0x7f, 0xff,
    0x0, 0x0, 0x0, 0x0, 0x7f, 0xff, 0x0, 0x0,
    0x0, 0x0, 0x7f, 0xff, 0xff, 0xff, 0xff, 0xc0,
    0x7f, 0xff, 0xff, 0xff, 0xff, 0xc0, 0x7f, 0xff,
    0xcc, 0xcc, 0xcc, 0x90, 0x7f, 0xff, 0x0, 0x0,
    0x0, 0x0, 0x7f, 0xff, 0x0, 0x0, 0x0, 0x0,
    0x7f, 0xff, 0x0, 0x0, 0x0, 0x0, 0x7f, 0xff,
    0x0, 0x0, 0x0, 0x0, 0x7f, 0xff, 0xdd, 0xdd,
    0xdd, 0xdd, 0x7f, 0xff, 0xff, 0xff, 0xff, 0xff,
    0x7f, 0xff, 0xff, 0xff, 0xff, 0xff,

    /* U+00CC "Ì" */
    0x5a, 0xa9, 0x0, 0x0, 0xcf, 0xf9, 0x0, 0x1,
    0xdf, 0xf3, 0x0, 0x2, 0xef, 0xd0, 0x0, 0x0,
    0x0, 0x0, 0x4, 0xff, 0xf4, 0x0, 0x4f, 0xff,
    0x40, 0x4, 0xff, 0xf4, 0x0, 0x4f, 0xff, 0x40,
    0x4, 0xff, 0xf4, 0x0, 0x4f, 0xff, 0x40, 0x4,
    0xff, 0xf4, 0x0, 0x4f, 0xff, 0x40, 0x4, 0xff,
    0xf4, 0x0, 0x4f, 0xff, 0x40, 0x4, 0xff, 0xf4,
    0x0, 0x4f, 0xff, 0x40, 0x4, 0xff, 0xf4, 0x0,
    0x4f, 0xff, 0x40, 0x4, 0xff, 0xf4, 0x0, 0x4f,
    0xff, 0x40, 0x4, 0xff, 0xf4,

    /* U+00CD "Í" */
    0x0, 0x9, 0xaa, 0x50, 0x8, 0xff, 0xc0, 0x3,
    0xff, 0xd1, 0x0, 0xcf, 0xe2, 0x0, 0x0, 0x0,
    0x0, 0x4, 0xff, 0xf4, 0x0, 0x4f, 0xff, 0x40,
    0x4, 0xff, 0xf4, 0x0, 0x4f, 0xff, 0x40, 0x4,
    0xff, 0xf4, 0x0, 0x4f, 0xff, 0x40, 0x4, 0xff,
    0xf4, 0x0, 0x4f, 0xff, 0x40, 0x4, 0xff, 0xf4,
    0x0, 0x4f, 0xff, 0x40, 0x4, 0xff, 0xf4, 0x0,
    0x4f, 0xff, 0x40, 0x4, 0xff, 0xf4, 0x0, 0x4f,
    0xff, 0x40, 0x4, 0xff, 0xf4, 0x0, 0x4f, 0xff,
    0x40, 0x4, 0xff, 0xf4, 0x0,

    /* U+00CE "Î" */
    0x0, 0x2d, 0xfd, 0x10, 0x0, 0x2e, 0xff, 0xfd,
    0x10, 0x2e, 0xfb, 0x1b, 0xfd, 0x16, 0x87, 0x0,
    0x7, 0x85, 0x0, 0x0, 0x0, 0x0, 0x0, 0x4,
    0xff, 0xf4, 0x0, 0x0, 0x4f, 0xff, 0x40, 0x0,
    0x4, 0xff, 0xf4, 0x0, 0x0, 0x4f, 0xff, 0x40,
    0x0, 0x4, 0xff, 0xf4, 0x0, 0x0, 0x4f, 0xff,
    0x40, 0x0, 0x4, 0xff, 0xf4, 0x0, 0x0, 0x4f,
    0xff, 0x40, 0x0, 0x4, 0xff, 0xf4, 0x0, 0x0,
    0x4f, 0xff, 0x40, 0x0, 0x4, 0xff, 0xf4, 0x0,
    0x0, 0x4f, 0xff, 0x40, 0x0, 0x4, 0xff, 0xf4,
    0x0, 0x0, 0x4f, 0xff, 0x40, 0x0, 0x4, 0xff,
    0xf4, 0x0, 0x0, 0x4f, 0xff, 0x40, 0x0, 0x4,
    0xff, 0xf4, 0x0,

    /* U+00CF "Ï" */
    0x8f, 0xb0, 0x0, 0xbf, 0x7f, 0xff, 0x30, 0x3f,
    0xfe, 0x8f, 0xb0, 0x0, 0xbf, 0x70, 0x0, 0x0,
    0x0, 0x0, 0x0, 0x4f, 0xff, 0x40, 0x0, 0x4,
    0xff, 0xf4, 0x0, 0x0, 0x4f, 0xff, 0x40, 0x0,
    0x4, 0xff, 0xf4, 0x0, 0x0, 0x4f, 0xff, 0x40,
    0x0, 0x4, 0xff, 0xf4, 0x0, 0x0, 0x4f, 0xff,
    0x40, 0x0, 0x4, 0xff, 0xf4, 0x0, 0x0, 0x4f,
    0xff, 0x40, 0x0, 0x4, 0xff, 0xf4, 0x0, 0x0,
    0x4f, 0xff, 0x40, 0x0, 0x4, 0xff, 0xf4, 0x0,
    0x0, 0x4f, 0xff, 0x40, 0x0, 0x4, 0xff, 0xf4,
    0x0, 0x0, 0x4f, 0xff, 0x40, 0x0, 0x4, 0xff,
    0xf4, 0x0, 0x0, 0x4f, 0xff, 0x40, 0x0,

    /* U+00D0 "Ð" */
    0x2, 0xff, 0xff, 0xff, 0xea, 0x40, 0x0, 0x0,
    0x2f, 0xff, 0xff, 0xff, 0xff, 0xb1, 0x0, 0x2,
    0xff, 0xfe, 0xee, 0xff, 0xff, 0xd1, 0x0, 0x2f,
    0xff, 0x60, 0x1, 0x8f, 0xff, 0xb0, 0x2, 0xff,
    0xf6, 0x0, 0x0, 0x8f, 0xff, 0x30, 0x2f, 0xff,
    0x60, 0x0, 0x0, 0xff, 0xf8, 0x2, 0xff, 0xf6,
    0x0, 0x0, 0xc, 0xff, 0xce, 0xff, 0xff, 0xff,
    0xf5, 0x0, 0xaf, 0xfe, 0xef, 0xff, 0xff, 0xff,
    0x50, 0xa, 0xff, 0xe2, 0x4f, 0xff, 0x72, 0x20,
    0x0, 0xaf, 0xfe, 0x2, 0xff, 0xf6, 0x0, 0x0,
    0xc, 0xff, 0xc0, 0x2f, 0xff, 0x60, 0x0, 0x1,
    0xff, 0xf9, 0x2, 0xff, 0xf6, 0x0, 0x0, 0x9f,
    0xff, 0x30, 0x2f, 0xff, 0x60, 0x1, 0x8f, 0xff,
    0xb0, 0x2, 0xff, 0xfe, 0xde, 0xff, 0xff, 0xd1,
    0x0, 0x2f, 0xff, 0xff, 0xff, 0xff, 0xc1, 0x0,
    0x2, 0xff, 0xff, 0xff, 0xea, 0x40, 0x0, 0x0,

    /* U+00D1 "Ñ" */
    0x0, 0x0, 0x0, 0x0, 0x0, 0x10, 0x0, 0x0,
    0x0, 0x9, 0xed, 0x61, 0x4f, 0xd0, 0x0, 0x0,
    0x7, 0xff, 0xff, 0xff, 0xf9, 0x0, 0x0, 0x0,
    0xcf, 0x64, 0x9f, 0xfb, 0x10, 0x0, 0x0, 0x1,
    0x20, 0x0, 0x1, 0x0, 0x0, 0x0, 0x0, 0x0,
    0x0, 0x0, 0x0, 0x0, 0x0, 0x7f, 0xff, 0x50,
    0x0, 0x0, 0x1f, 0xff, 0x67, 0xff, 0xfe, 0x0,
    0x0, 0x1, 0xff, 0xf6, 0x7f, 0xff, 0xf9, 0x0,
    0x0, 0x1f, 0xff, 0x67, 0xff, 0xff, 0xf3, 0x0,
    0x1, 0xff, 0xf6, 0x7f, 0xff, 0xff, 0xc0, 0x0,
    0x1f, 0xff, 0x67, 0xff, 0xff, 0xff, 0x60, 0x1,
    0xff, 0xf6, 0x7f, 0xff, 0x9f, 0xfe, 0x10, 0x1f,
    0xff, 0x67, 0xff, 0xf1, 0xdf, 0xfa, 0x1, 0xff,
    0xf6, 0x7f, 0xff, 0x4, 0xff, 0xf3, 0x1f, 0xff,
    0x67, 0xff, 0xf0, 0xb, 0xff, 0xd2, 0xff, 0xf6,
    0x7f, 0xff, 0x0, 0x1f, 0xff, 0x9f, 0xff, 0x67,
    0xff, 0xf0, 0x0, 0x7f, 0xff, 0xff, 0xf6, 0x7f,
    0xff, 0x0, 0x0, 0xdf, 0xff, 0xff, 0x67, 0xff,
    0xf0, 0x0, 0x4, 0xff, 0xff, 0xf6, 0x7f, 0xff,
    0x0, 0x0, 0xa, 0xff, 0xff, 0x67, 0xff, 0xf0,
    0x0, 0x0, 0x1e, 0xff, 0xf6, 0x7f, 0xff, 0x0,
    0x0, 0x0, 0x6f, 0xff, 0x60,

    /* U+00D2 "Ò" */
    0x0, 0x9, 0xff, 0xe0, 0x0, 0x0, 0x0, 0x0,
    0x0, 0xb, 0xff, 0x90, 0x0, 0x0, 0x0, 0x0,
    0x0, 0xc, 0xff, 0x30, 0x0, 0x0, 0x0, 0x0,
    0x0, 0x19, 0xa7, 0x0, 0x0, 0x0, 0x0, 0x0,
    0x0, 0x0, 0x0, 0x0, 0x0, 0x0, 0x0, 0x7,
    0xce, 0xfe, 0xa4, 0x0, 0x0, 0x0, 0x4e, 0xff,
    0xff, 0xff, 0xfa, 0x0, 0x0, 0x3f, 0xff, 0xff,
    0xff, 0xff, 0xfb, 0x0, 0xd, 0xff, 0xf6, 0x0,
    0x2b, 0xff, 0xf7, 0x5, 0xff, 0xf6, 0x0, 0x0,
    0xd, 0xff, 0xe0, 0xaf, 0xfe, 0x0, 0x0, 0x0,
    0x6f, 0xff, 0x3d, 0xff, 0xb0, 0x0, 0x0, 0x2,
    0xff, 0xf6, 0xff, 0xf9, 0x0, 0x0, 0x0, 0xf,
    0xff, 0x7f, 0xff, 0x90, 0x0, 0x0, 0x0, 0xff,
    0xf8, 0xff, 0xf9, 0x0, 0x0, 0x0, 0xf, 0xff,
    0x8d, 0xff, 0xb0, 0x0, 0x0, 0x2, 0xff, 0xf6,
    0xaf, 0xfe, 0x0, 0x0, 0x0, 0x6f, 0xff, 0x35,
    0xff, 0xf6, 0x0, 0x0, 0xd, 0xff, 0xe0, 0xd,
    0xff, 0xf6, 0x0, 0x1b, 0xff, 0xf7, 0x0, 0x3f,
    0xff, 0xff, 0xef, 0xff, 0xfc, 0x0, 0x0, 0x4e,
    0xff, 0xff, 0xff, 0xfb, 0x0, 0x0, 0x0, 0x7,
    0xce, 0xfe, 0xa4, 0x0, 0x0,

    /* U+00D3 "Ó" */
    0x0, 0x0, 0x0, 0x5, 0xff, 0xf3, 0x0, 0x0,
    0x0, 0x0, 0x1, 0xef, 0xf5, 0x0, 0x0, 0x0,
    0x0, 0x0, 0xaf, 0xf6, 0x0, 0x0, 0x0, 0x0,
    0x0, 0x1a, 0xa7, 0x0, 0x0, 0x0, 0x0, 0x0,
    0x0, 0x0, 0x0, 0x0, 0x0, 0x0, 0x0, 0x7,
    0xce, 0xfe, 0xa4, 0x0, 0x0, 0x0, 0x4e, 0xff,
    0xff, 0xff, 0xfa, 0x0, 0x0, 0x3f, 0xff, 0xff,
    0xff, 0xff, 0xfb, 0x0, 0xd, 0xff, 0xf6, 0x0,
    0x2b, 0xff, 0xf7, 0x5, 0xff, 0xf6, 0x0, 0x0,
    0xd, 0xff, 0xe0, 0xaf, 0xfe, 0x0, 0x0, 0x0,
    0x6f, 0xff, 0x3d, 0xff, 0xb0, 0x0, 0x0, 0x2,
    0xff, 0xf6, 0xff, 0xf9, 0x0, 0x0, 0x0, 0xf,
    0xff, 0x7f, 0xff, 0x90, 0x0, 0x0, 0x0, 0xff,
    0xf8, 0xff, 0xf9, 0x0, 0x0, 0x0, 0xf, 0xff,
    0x8d, 0xff, 0xb0, 0x0, 0x0, 0x2, 0xff, 0xf6,
    0xaf, 0xfe, 0x0, 0x0, 0x0, 0x6f, 0xff, 0x35,
    0xff, 0xf6, 0x0, 0x0, 0xd, 0xff, 0xe0, 0xd,
    0xff, 0xf6, 0x0, 0x1b, 0xff, 0xf7, 0x0, 0x3f,
    0xff, 0xff, 0xef, 0xff, 0xfc, 0x0, 0x0, 0x4e,
    0xff, 0xff, 0xff, 0xfb, 0x0, 0x0, 0x0, 0x7,
    0xce, 0xfe, 0xa4, 0x0, 0x0,

    /* U+00D4 "Ô" */
    0x0, 0x0, 0x4, 0xff, 0xb0, 0x0, 0x0, 0x0,
    0x0, 0x4, 0xff, 0xff, 0xb0, 0x0, 0x0, 0x0,
    0x5, 0xff, 0x82, 0xdf, 0xb0, 0x0, 0x0, 0x0,
    0x78, 0x50, 0x1, 0x78, 0x40, 0x0, 0x0, 0x0,
    0x0, 0x0, 0x0, 0x0, 0x0, 0x0, 0x0, 0x7,
    0xce, 0xfe, 0xa4, 0x0, 0x0, 0x0, 0x4e, 0xff,
    0xff, 0xff, 0xfa, 0x0, 0x0, 0x3f, 0xff, 0xff,
    0xff, 0xff, 0xfb, 0x0, 0xd, 0xff, 0xf6, 0x0,
    0x2b, 0xff, 0xf7, 0x5, 0xff, 0xf6, 0x0, 0x0,
    0xd, 0xff, 0xe0, 0xaf, 0xfe, 0x0, 0x0, 0x0,
    0x6f, 0xff, 0x3d, 0xff, 0xb0, 0x0, 0x0, 0x2,
    0xff, 0xf6, 0xff, 0xf9, 0x0, 0x0, 0x0, 0xf,
    0xff, 0x7f, 0xff, 0x90, 0x0, 0x0, 0x0, 0xff,
    0xf8, 0xff, 0xf9, 0x0, 0x0, 0x0, 0xf, 0xff,
    0x8d, 0xff, 0xb0, 0x0, 0x0, 0x2, 0xff, 0xf6,
    0xaf, 0xfe, 0x0, 0x0, 0x0, 0x6f, 0xff, 0x35,
    0xff, 0xf6, 0x0, 0x0, 0xd, 0xff, 0xe0, 0xd,
    0xff, 0xf6, 0x0, 0x1b, 0xff, 0xf7, 0x0, 0x3f,
    0xff, 0xff, 0xef, 0xff, 0xfc, 0x0, 0x0, 0x4e,
    0xff, 0xff, 0xff, 0xfb, 0x0, 0x0, 0x0, 0x7,
    0xce, 0xfe, 0xa4, 0x0, 0x0,

    /* U+00D5 "Õ" */
    0x0, 0x0, 0x0, 0x0, 0x0, 0x10, 0x0, 0x0,
    0x0, 0x1b, 0xfc, 0x50, 0x8f, 0x90, 0x0, 0x0,
    0xa, 0xff, 0xff, 0xff, 0xf5, 0x0, 0x0, 0x0,
    0xff, 0x44, 0xbf, 0xf9, 0x0, 0x0, 0x0, 0x2,
    0x10, 0x0, 0x0, 0x0, 0x0, 0x0, 0x0, 0x0,
    0x0, 0x0, 0x0, 0x0, 0x0, 0x0, 0x0, 0x7c,
    0xef, 0xea, 0x40, 0x0, 0x0, 0x4, 0xef, 0xff,
    0xff, 0xff, 0xa0, 0x0, 0x3, 0xff, 0xff, 0xff,
    0xff, 0xff, 0xb0, 0x0, 0xdf, 0xff, 0x60, 0x2,
    0xbf, 0xff, 0x70, 0x5f, 0xff, 0x60, 0x0, 0x0,
    0xdf, 0xfe, 0xa, 0xff, 0xe0, 0x0, 0x0, 0x6,
    0xff, 0xf3, 0xdf, 0xfb, 0x0, 0x0, 0x0, 0x2f,
    0xff, 0x6f, 0xff, 0x90, 0x0, 0x0, 0x0, 0xff,
    0xf7, 0xff, 0xf9, 0x0, 0x0, 0x0, 0xf, 0xff,
    0x8f, 0xff, 0x90, 0x0, 0x0, 0x0, 0xff, 0xf8,
    0xdf, 0xfb, 0x0, 0x0, 0x0, 0x2f, 0xff, 0x6a,
    0xff, 0xe0, 0x0, 0x0, 0x6, 0xff, 0xf3, 0x5f,
    0xff, 0x60, 0x0, 0x0, 0xdf, 0xfe, 0x0, 0xdf,
    0xff, 0x60, 0x1, 0xbf, 0xff, 0x70, 0x3, 0xff,
    0xff, 0xfe, 0xff, 0xff, 0xc0, 0x0, 0x4, 0xef,
    0xff, 0xff, 0xff, 0xb0, 0x0, 0x0, 0x0, 0x7c,
    0xef, 0xea, 0x40, 0x0, 0x0,

    /* U+00D6 "Ö" */
    0x0, 0xb, 0xf8, 0x0, 0x2d, 0xe4, 0x0, 0x0,
    0x2, 0xff, 0xf0, 0x7, 0xff, 0xb0, 0x0, 0x0,
    0xa, 0xf8, 0x0, 0x2d, 0xe4, 0x0, 0x0, 0x0,
    0x0, 0x0, 0x0, 0x0, 0x0, 0x0, 0x0, 0x0,
    0x7c, 0xef, 0xea, 0x40, 0x0, 0x0, 0x4, 0xef,
    0xff, 0xff, 0xff, 0xa0, 0x0, 0x3, 0xff, 0xff,
    0xff, 0xff, 0xff, 0xb0, 0x0, 0xdf, 0xff, 0x60,
    0x2, 0xbf, 0xff, 0x70, 0x5f, 0xff, 0x60, 0x0,
    0x0, 0xdf, 0xfe, 0xa, 0xff, 0xe0, 0x0, 0x0,
    0x6, 0xff, 0xf3, 0xdf, 0xfb, 0x0, 0x0, 0x0,
    0x2f, 0xff, 0x6f, 0xff, 0x90, 0x0, 0x0, 0x0,
    0xff, 0xf7, 0xff, 0xf9, 0x0, 0x0, 0x0, 0xf,
    0xff, 0x8f, 0xff, 0x90, 0x0, 0x0, 0x0, 0xff,
    0xf8, 0xdf, 0xfb, 0x0, 0x0, 0x0, 0x2f, 0xff,
    0x6a, 0xff, 0xe0, 0x0, 0x0, 0x6, 0xff, 0xf3,
    0x5f, 0xff, 0x60, 0x0, 0x0, 0xdf, 0xfe, 0x0,
    0xdf, 0xff, 0x60, 0x1, 0xbf, 0xff, 0x70, 0x3,
    0xff, 0xff, 0xfe, 0xff, 0xff, 0xc0, 0x0, 0x4,
    0xef, 0xff, 0xff, 0xff, 0xb0, 0x0, 0x0, 0x0,
    0x7c, 0xef, 0xea, 0x40, 0x0, 0x0,

    /* U+00D7 "×" */
    0x0, 0x72, 0x0, 0x0, 0x5, 0x30, 0x8, 0xfe,
    0x10, 0x0, 0x5f, 0xf3, 0xd, 0xff, 0xd1, 0x5,
    0xff, 0xf9, 0x1, 0xdf, 0xfd, 0x6f, 0xff, 0xa0,
    0x0, 0x2e, 0xff, 0xff, 0xfa, 0x0, 0x0, 0x2,
    0xef, 0xff, 0xa0, 0x0, 0x0, 0x4, 0xff, 0xff,
    0xc1, 0x0, 0x0, 0x3f, 0xff, 0xff, 0xfc, 0x0,
    0x3, 0xff, 0xfb, 0x3e, 0xff, 0xc0, 0xe, 0xff,
    0xc0, 0x3, 0xef, 0xfa, 0x5, 0xfc, 0x0, 0x0,
    0x3f, 0xd1, 0x0, 0x40, 0x0, 0x0, 0x3, 0x10,

    /* U+00D8 "Ø" */
    0x0, 0x0, 0x0, 0x0, 0x0, 0x4, 0xfd, 0x0,
    0x0, 0x7, 0xce, 0xfd, 0xa4, 0xbf, 0x50, 0x0,
    0x3e, 0xff, 0xff, 0xff, 0xff, 0xd0, 0x0, 0x2f,
    0xff, 0xff, 0xff, 0xff, 0xfc, 0x0, 0xc, 0xff,
    0xf7, 0x0, 0x2c, 0xff, 0xf7, 0x4, 0xff, 0xf7,
    0x0, 0x1, 0xff, 0xff, 0xe0, 0x9f, 0xff, 0x0,
    0x0, 0xbf, 0xcf, 0xff, 0x4c, 0xff, 0xc0, 0x0,
    0x5f, 0xd1, 0xff, 0xf7, 0xdf, 0xfa, 0x0, 0xe,
    0xf4, 0xf, 0xff, 0x9e, 0xff, 0xa0, 0x8, 0xfa,
    0x0, 0xef, 0xfa, 0xdf, 0xfb, 0x3, 0xfe, 0x10,
    0xf, 0xff, 0x9c, 0xff, 0xc0, 0xcf, 0x60, 0x1,
    0xff, 0xf8, 0x8f, 0xff, 0x8f, 0xc0, 0x0, 0x4f,
    0xff, 0x53, 0xff, 0xff, 0xf2, 0x0, 0xc, 0xff,
    0xf1, 0xc, 0xff, 0xfb, 0x0, 0x1a, 0xff, 0xf9,
    0x0, 0x2e, 0xff, 0xff, 0xef, 0xff, 0xfd, 0x0,
    0x0, 0xdf, 0xff, 0xff, 0xff, 0xfc, 0x10, 0x0,
    0x6f, 0xc6, 0xbe, 0xfe, 0xb5, 0x0, 0x0, 0xe,
    0xf3, 0x0, 0x0, 0x0, 0x0, 0x0, 0x0,

    /* U+00D9 "Ù" */
    0x0, 0x2e, 0xff, 0x80, 0x0, 0x0, 0x0, 0x0,
    0x3, 0xff, 0xf3, 0x0, 0x0, 0x0, 0x0, 0x0,
    0x4f, 0xfc, 0x0, 0x0, 0x0, 0x0, 0x0, 0x5,
    0xaa, 0x30, 0x0, 0x0, 0x0, 0x0, 0x0, 0x0,
    0x0, 0x0, 0x0, 0xaf, 0xfe, 0x0, 0x0, 0x1,
    0xff, 0xf7, 0xaf, 0xfe, 0x0, 0x0, 0x1, 0xff,
    0xf7, 0xaf, 0xfe, 0x0, 0x0, 0x1, 0xff, 0xf7,
    0xaf, 0xfe, 0x0, 0x0, 0x1, 0xff, 0xf7, 0xaf,
    0xfe, 0x0, 0x0, 0x1, 0xff, 0xf7, 0xaf, 0xfe,
    0x0, 0x0, 0x1, 0xff, 0xf7, 0xaf, 0xfe, 0x0,
    0x0, 0x1, 0xff, 0xf7, 0xaf, 0xfe, 0x0, 0x0,
    0x1, 0xff, 0xf7, 0xaf, 0xfe, 0x0, 0x0, 0x1,
    0xff, 0xf7, 0xaf, 0xfe, 0x0, 0x0, 0x1, 0xff,
    0xf7, 0xaf, 0xfe, 0x0, 0x0, 0x1, 0xff, 0xf7,
    0x9f, 0xff, 0x0, 0x0, 0x2, 0xff, 0xf6, 0x7f,
    0xff, 0x20, 0x0, 0x5, 0xff, 0xf4, 0x3f, 0xff,
    0xc2, 0x0, 0x3e, 0xff, 0xf0, 0xa, 0xff, 0xff,
    0xef, 0xff, 0xff, 0x70, 0x0, 0xbf, 0xff, 0xff,
    0xff, 0xf8, 0x0, 0x0, 0x4, 0xae, 0xff, 0xd9,
    0x30, 0x0,

    /* U+00DA "Ú" */
    0x0, 0x0, 0x0, 0xc, 0xff, 0xc0, 0x0, 0x0,
    0x0, 0x0, 0x6f, 0xfd, 0x10, 0x0, 0x0, 0x0,
    0x1, 0xef, 0xe1, 0x0, 0x0, 0x0, 0x0, 0x5,
    0xaa, 0x20, 0x0, 0x0, 0x0, 0x0, 0x0, 0x0,
    0x0, 0x0, 0x0, 0xaf, 0xfe, 0x0, 0x0, 0x1,
    0xff, 0xf7, 0xaf, 0xfe, 0x0, 0x0, 0x1, 0xff,
    0xf7, 0xaf, 0xfe, 0x0, 0x0, 0x1, 0xff, 0xf7,
    0xaf, 0xfe, 0x0, 0x0, 0x1, 0xff, 0xf7, 0xaf,
    0xfe, 0x0, 0x0, 0x1, 0xff, 0xf7, 0xaf, 0xfe,
    0x0, 0x0, 0x1, 0xff, 0xf7, 0xaf, 0xfe, 0x0,
    0x0, 0x1, 0xff, 0xf7, 0xaf, 0xfe, 0x0, 0x0,
    0x1, 0xff, 0xf7, 0xaf, 0xfe, 0x0, 0x0, 0x1,
    0xff, 0xf7, 0xaf, 0xfe, 0x0, 0x0, 0x1, 0xff,
    0xf7, 0xaf, 0xfe, 0x0, 0x0, 0x1, 0xff, 0xf7,
    0x9f, 0xff, 0x0, 0x0, 0x2, 0xff, 0xf6, 0x7f,
    0xff, 0x20, 0x0, 0x5, 0xff, 0xf4, 0x3f, 0xff,
    0xc2, 0x0, 0x3e, 0xff, 0xf0, 0xa, 0xff, 0xff,
    0xef, 0xff, 0xff, 0x70, 0x0, 0xbf, 0xff, 0xff,
    0xff, 0xf8, 0x0, 0x0, 0x4, 0xae, 0xff, 0xd9,
    0x30, 0x0,

    /* U+00DB "Û" */
    0x0, 0x0, 0x9, 0xff, 0x50, 0x0, 0x0, 0x0,
    0x0, 0xaf, 0xff, 0xf5, 0x0, 0x0, 0x0, 0xb,
    0xfe, 0x36, 0xff, 0x50, 0x0, 0x0, 0x38, 0x82,
    0x0, 0x48, 0x71, 0x0, 0x0, 0x0, 0x0, 0x0,
    0x0, 0x0, 0x0, 0xaf, 0xfe, 0x0, 0x0, 0x1,
    0xff, 0xf7, 0xaf, 0xfe, 0x0, 0x0, 0x1, 0xff,
    0xf7, 0xaf, 0xfe, 0x0, 0x0, 0x1, 0xff, 0xf7,
    0xaf, 0xfe, 0x0, 0x0, 0x1, 0xff, 0xf7, 0xaf,
    0xfe, 0x0, 0x0, 0x1, 0xff, 0xf7, 0xaf, 0xfe,
    0x0, 0x0, 0x1, 0xff, 0xf7, 0xaf, 0xfe, 0x0,
    0x0, 0x1, 0xff, 0xf7, 0xaf, 0xfe, 0x0, 0x0,
    0x1, 0xff, 0xf7, 0xaf, 0xfe, 0x0, 0x0, 0x1,
    0xff, 0xf7, 0xaf, 0xfe, 0x0, 0x0, 0x1, 0xff,
    0xf7, 0xaf, 0xfe, 0x0, 0x0, 0x1, 0xff, 0xf7,
    0x9f, 0xff, 0x0, 0x0, 0x2, 0xff, 0xf6, 0x7f,
    0xff, 0x20, 0x0, 0x5, 0xff, 0xf4, 0x3f, 0xff,
    0xc2, 0x0, 0x3e, 0xff, 0xf0, 0xa, 0xff, 0xff,
    0xef, 0xff, 0xff, 0x70, 0x0, 0xbf, 0xff, 0xff,
    0xff, 0xf8, 0x0, 0x0, 0x4, 0xae, 0xff, 0xd9,
    0x30, 0x0,

    /* U+00DC "Ü" */
    0x0, 0x3e, 0xe3, 0x0, 0x6f, 0xc0, 0x0, 0x0,
    0x9f, 0xf9, 0x0, 0xdf, 0xf4, 0x0, 0x0, 0x3e,
    0xd3, 0x0, 0x6e, 0xc0, 0x0, 0x0, 0x0, 0x0,
    0x0, 0x0, 0x0, 0x0, 0xaf, 0xfe, 0x0, 0x0,
    0x1, 0xff, 0xf7, 0xaf, 0xfe, 0x0, 0x0, 0x1,
    0xff, 0xf7, 0xaf, 0xfe, 0x0, 0x0, 0x1, 0xff,
    0xf7, 0xaf, 0xfe, 0x0, 0x0, 0x1, 0xff, 0xf7,
    0xaf, 0xfe, 0x0, 0x0, 0x1, 0xff, 0xf7, 0xaf,
    0xfe, 0x0, 0x0, 0x1, 0xff, 0xf7, 0xaf, 0xfe,
    0x0, 0x0, 0x1, 0xff, 0xf7, 0xaf, 0xfe, 0x0,
    0x0, 0x1, 0xff, 0xf7, 0xaf, 0xfe, 0x0, 0x0,
    0x1, 0xff, 0xf7, 0xaf, 0xfe, 0x0, 0x0, 0x1,
    0xff, 0xf7, 0xaf, 0xfe, 0x0, 0x0, 0x1, 0xff,
    0xf7, 0x9f, 0xff, 0x0, 0x0, 0x2, 0xff, 0xf6,
    0x7f, 0xff, 0x20, 0x0, 0x5, 0xff, 0xf4, 0x3f,
    0xff, 0xc2, 0x0, 0x3e, 0xff, 0xf0, 0xa, 0xff,
    0xff, 0xef, 0xff, 0xff, 0x70, 0x0, 0xbf, 0xff,
    0xff, 0xff, 0xf8, 0x0, 0x0, 0x4, 0xae, 0xff,
    0xd9, 0x30, 0x0,

    /* U+00DD "Ý" */
    0x0, 0x0, 0x0, 0x0, 0xaa, 0xa5, 0x0, 0x0,
    0x0, 0x0, 0x0, 0x9f, 0xfc, 0x0, 0x0, 0x0,
    0x0, 0x0, 0x3f, 0xfd, 0x10, 0x0, 0x0, 0x0,
    0x0, 0xd, 0xfe, 0x10, 0x0, 0x0, 0x0, 0x0,
    0x0, 0x0, 0x0, 0x0, 0x0, 0xb, 0xff, 0xf1,
    0x0, 0x0, 0x4, 0xff, 0xf8, 0x3f, 0xff, 0x90,
    0x0, 0x0, 0xbf, 0xff, 0x10, 0xaf, 0xff, 0x10,
    0x0, 0x3f, 0xff, 0x80, 0x2, 0xff, 0xf7, 0x0,
    0xa, 0xff, 0xe1, 0x0, 0xa, 0xff, 0xe0, 0x2,
    0xff, 0xf7, 0x0, 0x0, 0x2f, 0xff, 0x60, 0x9f,
    0xfe, 0x0, 0x0, 0x0, 0x9f, 0xfd, 0x1f, 0xff,
    0x70, 0x0, 0x0, 0x1, 0xff, 0xfc, 0xff, 0xe0,
    0x0, 0x0, 0x0, 0x9, 0xff, 0xff, 0xf6, 0x0,
    0x0, 0x0, 0x0, 0x1f, 0xff, 0xfd, 0x0, 0x0,
    0x0, 0x0, 0x0, 0x8f, 0xff, 0x60, 0x0, 0x0,
    0x0, 0x0, 0x5, 0xff, 0xf3, 0x0, 0x0, 0x0,
    0x0, 0x0, 0x5f, 0xff, 0x30, 0x0, 0x0, 0x0,
    0x0, 0x5, 0xff, 0xf3, 0x0, 0x0, 0x0, 0x0,
    0x0, 0x5f, 0xff, 0x30, 0x0, 0x0, 0x0, 0x0,
    0x5, 0xff, 0xf3, 0x0, 0x0, 0x0, 0x0, 0x0,
    0x5f, 0xff, 0x30, 0x0, 0x0,

    /* U+00DE "Þ" */
    0x7f, 0xff, 0x0, 0x0, 0x0, 0x0, 0x7, 0xff,
    0xf0, 0x0, 0x0, 0x0, 0x0, 0x7f, 0xff, 0x0,
    0x0, 0x0, 0x0, 0x7, 0xff, 0xff, 0xff, 0xfc,
    0x81, 0x0, 0x7f, 0xff, 0xff, 0xff, 0xff, 0xe4,
    0x7, 0xff, 0xfb, 0xbb, 0xef, 0xff, 0xf1, 0x7f,
    0xff, 0x0, 0x0, 0x6f, 0xff, 0x87, 0xff, 0xf0,
    0x0, 0x0, 0xbf, 0xfc, 0x7f, 0xff, 0x0, 0x0,
    0x9, 0xff, 0xd7, 0xff, 0xf0, 0x0, 0x0, 0xdf,
    0xfb, 0x7f, 0xff, 0x0, 0x2, 0x9f, 0xff, 0x67,
    0xff, 0xff, 0xff, 0xff, 0xff, 0xc0, 0x7f, 0xff,
    0xff, 0xff, 0xff, 0xb1, 0x7, 0xff, 0xfb, 0xbb,
    0xa8, 0x30, 0x0, 0x7f, 0xff, 0x0, 0x0, 0x0,
    0x0, 0x7, 0xff, 0xf0, 0x0, 0x0, 0x0, 0x0,
    0x7f, 0xff, 0x0, 0x0, 0x0, 0x0, 0x0,

    /* U+00DF "ß" */
    0x0, 0x18, 0xdf, 0xfd, 0x81, 0x0, 0x0, 0x2,
    0xef, 0xff, 0xff, 0xfe, 0x20, 0x0, 0xc, 0xff,
    0xfd, 0xdf, 0xff, 0xb0, 0x0, 0x2f, 0xff, 0x70,
    0x9, 0xff, 0xf0, 0x0, 0x5f, 0xff, 0x10, 0x4,
    0xff, 0xf0, 0x0, 0x6f, 0xff, 0x0, 0x7, 0xff,
    0xe0, 0x0, 0x6f, 0xff, 0x0, 0xe, 0xff, 0x60,
    0x0, 0x6f, 0xff, 0x0, 0x6f, 0xfe, 0x0, 0x0,
    0x6f, 0xff, 0x0, 0x8f, 0xfe, 0x0, 0x0, 0x6f,
    0xff, 0x0, 0x6f, 0xff, 0x70, 0x0, 0x6f, 0xff,
    0x0, 0xd, 0xff, 0xf8, 0x0, 0x6f, 0xff, 0x0,
    0x1, 0xdf, 0xff, 0x70, 0x6f, 0xff, 0x0, 0x0,
    0xb, 0xff, 0xf1, 0x6f, 0xff, 0x0, 0x0, 0x1,
    0xff, 0xf5, 0x6f, 0xff, 0x0, 0x0, 0x2, 0xff,
    0xf4, 0x6f, 0xff, 0xa, 0xb9, 0x9e, 0xff, 0xf0,
    0x6f, 0xff, 0xe, 0xff, 0xff, 0xff, 0x50, 0x6f,
    0xff, 0xb, 0xef, 0xfe, 0xa3, 0x0,

    /* U+00E0 "à" */
    0x0, 0x6f, 0xff, 0x20, 0x0, 0x0, 0x0, 0x0,
    0x8f, 0xfc, 0x0, 0x0, 0x0, 0x0, 0x0, 0xaf,
    0xf6, 0x0, 0x0, 0x0, 0x0, 0x0, 0x9a, 0x90,
    0x0, 0x0, 0x0, 0x0, 0x0, 0x0, 0x0, 0x0,
    0x0, 0x0, 0x6b, 0xef, 0xea, 0x30, 0x0, 0x0,
    0xbf, 0xff, 0xff, 0xff, 0x70, 0x0, 0x8f, 0xff,
    0xa8, 0xdf, 0xff, 0x20, 0xc, 0xff, 0x90, 0x1,
    0xff, 0xf7, 0x0, 0x0, 0x0, 0x0, 0xd, 0xff,
    0x80, 0x0, 0x18, 0xce, 0xff, 0xff, 0xf9, 0x0,
    0x3e, 0xff, 0xff, 0xff, 0xff, 0x90, 0xd, 0xff,
    0xd3, 0x0, 0xdf, 0xf9, 0x1, 0xff, 0xf4, 0x0,
    0xd, 0xff, 0x90, 0x2f, 0xff, 0x50, 0x3, 0xff,
    0xf9, 0x0, 0xef, 0xff, 0xab, 0xff, 0xff, 0x90,
    0x5, 0xff, 0xff, 0xff, 0xff, 0xfa, 0x0, 0x4,
    0xbf, 0xfc, 0x67, 0xff, 0xe0,

    /* U+00E1 "á" */
    0x0, 0x0, 0x0, 0x3f, 0xff, 0x60, 0x0, 0x0,
    0x0, 0xc, 0xff, 0x70, 0x0, 0x0, 0x0, 0x7,
    0xff, 0x90, 0x0, 0x0, 0x0, 0x0, 0x9a, 0x80,
    0x0, 0x0, 0x0, 0x0, 0x0, 0x0, 0x0, 0x0,
    0x0, 0x0, 0x6b, 0xef, 0xea, 0x30, 0x0, 0x0,
    0xbf, 0xff, 0xff, 0xff, 0x70, 0x0, 0x8f, 0xff,
    0xa8, 0xdf, 0xff, 0x20, 0xc, 0xff, 0x90, 0x1,
    0xff, 0xf7, 0x0, 0x0, 0x0, 0x0, 0xd, 0xff,
    0x80, 0x0, 0x18, 0xce, 0xff, 0xff, 0xf9, 0x0,
    0x3e, 0xff, 0xff, 0xff, 0xff, 0x90, 0xd, 0xff,
    0xd3, 0x0, 0xdf, 0xf9, 0x1, 0xff, 0xf4, 0x0,
    0xd, 0xff, 0x90, 0x2f, 0xff, 0x50, 0x3, 0xff,
    0xf9, 0x0, 0xef, 0xff, 0xab, 0xff, 0xff, 0x90,
    0x5, 0xff, 0xff, 0xff, 0xff, 0xfa, 0x0, 0x4,
    0xbf, 0xfc, 0x67, 0xff, 0xe0,

    /* U+00E2 "â" */
    0x0, 0x0, 0x2e, 0xfd, 0x10, 0x0, 0x0, 0x0,
    0x4f, 0xfe, 0xfe, 0x20, 0x0, 0x0, 0x5f, 0xf8,
    0x9, 0xfe, 0x30, 0x0, 0x4, 0x43, 0x0, 0x3,
    0x43, 0x0, 0x0, 0x0, 0x0, 0x0, 0x0, 0x0,
    0x0, 0x0, 0x6b, 0xef, 0xea, 0x30, 0x0, 0x0,
    0xbf, 0xff, 0xff, 0xff, 0x70, 0x0, 0x8f, 0xff,
    0xa8, 0xdf, 0xff, 0x20, 0xc, 0xff, 0x90, 0x1,
    0xff, 0xf7, 0x0, 0x0, 0x0, 0x0, 0xd, 0xff,
    0x80, 0x0, 0x18, 0xce, 0xff, 0xff, 0xf9, 0x0,
    0x3e, 0xff, 0xff, 0xff, 0xff, 0x90, 0xd, 0xff,
    0xd3, 0x0, 0xdf, 0xf9, 0x1, 0xff, 0xf4, 0x0,
    0xd, 0xff, 0x90, 0x2f, 0xff, 0x50, 0x3, 0xff,
    0xf9, 0x0, 0xef, 0xff, 0xab, 0xff, 0xff, 0x90,
    0x5, 0xff, 0xff, 0xff, 0xff, 0xfa, 0x0, 0x4,
    0xbf, 0xfc, 0x67, 0xff, 0xe0,

    /* U+00E3 "ã" */
    0x0, 0x0, 0x0, 0x0, 0x1, 0x0, 0x0, 0x0,
    0x9f, 0xd6, 0x15, 0xfc, 0x0, 0x0, 0x8f, 0xff,
    0xff, 0xff, 0x80, 0x0, 0xd, 0xf6, 0x4a, 0xff,
    0xb0, 0x0, 0x0, 0x22, 0x0, 0x0, 0x10, 0x0,
    0x0, 0x0, 0x0, 0x0, 0x0, 0x0, 0x0, 0x0,
    0x6, 0xbe, 0xfe, 0xa3, 0x0, 0x0, 0xb, 0xff,
    0xff, 0xff, 0xf7, 0x0, 0x8, 0xff, 0xfa, 0x8d,
    0xff, 0xf2, 0x0, 0xcf, 0xf9, 0x0, 0x1f, 0xff,
    0x70, 0x0, 0x0, 0x0, 0x0, 0xdf, 0xf8, 0x0,
    0x1, 0x8c, 0xef, 0xff, 0xff, 0x90, 0x3, 0xef,
    0xff, 0xff, 0xff, 0xf9, 0x0, 0xdf, 0xfd, 0x30,
    0xd, 0xff, 0x90, 0x1f, 0xff, 0x40, 0x0, 0xdf,
    0xf9, 0x2, 0xff, 0xf5, 0x0, 0x3f, 0xff, 0x90,
    0xe, 0xff, 0xfa, 0xbf, 0xff, 0xf9, 0x0, 0x5f,
    0xff, 0xff, 0xff, 0xff, 0xa0, 0x0, 0x4b, 0xff,
    0xc6, 0x7f, 0xfe, 0x0,

    /* U+00E4 "ä" */
    0x0, 0x8f, 0xa0, 0x0, 0xcf, 0x70, 0x0, 0xf,
    0xff, 0x20, 0x4f, 0xfe, 0x0, 0x0, 0x8f, 0xb0,
    0x0, 0xcf, 0x70, 0x0, 0x0, 0x0, 0x0, 0x0,
    0x0, 0x0, 0x0, 0x6, 0xbe, 0xfe, 0xa3, 0x0,
    0x0, 0xb, 0xff, 0xff, 0xff, 0xf7, 0x0, 0x8,
    0xff, 0xfa, 0x8d, 0xff, 0xf2, 0x0, 0xcf, 0xf9,
    0x0, 0x1f, 0xff, 0x70, 0x0, 0x0, 0x0, 0x0,
    0xdf, 0xf8, 0x0, 0x1, 0x8c, 0xef, 0xff, 0xff,
    0x90, 0x3, 0xef, 0xff, 0xff, 0xff, 0xf9, 0x0,
    0xdf, 0xfd, 0x30, 0xd, 0xff, 0x90, 0x1f, 0xff,
    0x40, 0x0, 0xdf, 0xf9, 0x2, 0xff, 0xf5, 0x0,
    0x3f, 0xff, 0x90, 0xe, 0xff, 0xfa, 0xbf, 0xff,
    0xf9, 0x0, 0x5f, 0xff, 0xff, 0xff, 0xff, 0xa0,
    0x0, 0x4b, 0xff, 0xc6, 0x7f, 0xfe, 0x0,

    /* U+00E5 "å" */
    0x0, 0x0, 0x3c, 0xec, 0x30, 0x0, 0x0, 0x0,
    0xe, 0x93, 0x9e, 0x0, 0x0, 0x0, 0x0, 0xf6,
    0x7, 0xf0, 0x0, 0x0, 0x0, 0x6, 0xff, 0xf5,
    0x0, 0x0, 0x0, 0x0, 0x0, 0x10, 0x0, 0x0,
    0x0, 0x0, 0x0, 0x0, 0x0, 0x0, 0x0, 0x0,
    0x6, 0xbe, 0xfe, 0xa3, 0x0, 0x0, 0xb, 0xff,
    0xff, 0xff, 0xf7, 0x0, 0x8, 0xff, 0xfa, 0x8d,
    0xff, 0xf2, 0x0, 0xcf, 0xf9, 0x0, 0x1f, 0xff,
    0x70, 0x0, 0x0, 0x0, 0x0, 0xdf, 0xf8, 0x0,
    0x1, 0x8c, 0xef, 0xff, 0xff, 0x90, 0x3, 0xef,
    0xff, 0xff, 0xff, 0xf9, 0x0, 0xdf, 0xfd, 0x30,
    0xd, 0xff, 0x90, 0x1f, 0xff, 0x40, 0x0, 0xdf,
    0xf9, 0x2, 0xff, 0xf5, 0x0, 0x3f, 0xff, 0x90,
    0xe, 0xff, 0xfa, 0xbf, 0xff, 0xf9, 0x0, 0x5f,
    0xff, 0xff, 0xff, 0xff, 0xa0, 0x0, 0x4b, 0xff,
    0xc6, 0x7f, 0xfe, 0x0,

    /* U+00E6 "æ" */
    0x0, 0x5, 0xbe, 0xff, 0xc6, 0x5, 0xbe, 0xfe,
    0x92, 0x0, 0x0, 0xbf, 0xff, 0xff, 0xff, 0xef,
    0xff, 0xff, 0xff, 0x40, 0x7, 0xff, 0xfe, 0xce,
    0xff, 0xff, 0xfe, 0xcf, 0xff, 0xe0, 0xb, 0xee,
    0xb0, 0x0, 0xbf, 0xff, 0x90, 0x2, 0xff, 0xf5,
    0x0, 0x0, 0x0, 0x0, 0x7f, 0xff, 0x0, 0x0,
    0xbf, 0xf9, 0x0, 0x28, 0xdf, 0xff, 0xff, 0xff,
    0xff, 0xff, 0xff, 0xfa, 0x4, 0xff, 0xff, 0xff,
    0xff, 0xff, 0xff, 0xff, 0xff, 0xfa, 0xe, 0xff,
    0xf8, 0x55, 0xaf, 0xff, 0x55, 0x55, 0x55, 0x53,
    0x2f, 0xff, 0x50, 0x0, 0x7f, 0xff, 0x20, 0x0,
    0x0, 0x0, 0x2f, 0xff, 0x40, 0x0, 0xaf, 0xff,
    0xc1, 0x0, 0x4, 0x50, 0xe, 0xff, 0xe9, 0x8d,
    0xff, 0xff, 0xff, 0xdc, 0xef, 0xe0, 0x5, 0xff,
    0xff, 0xff, 0xfb, 0xaf, 0xff, 0xff, 0xff, 0xf2,
    0x0, 0x4b, 0xef, 0xeb, 0x50, 0x4, 0xbe, 0xfe,
    0xc8, 0x10,

    /* U+00E7 "ç" */
    0x0, 0x3, 0xae, 0xfe, 0xb4, 0x0, 0x0, 0x6f,
    0xff, 0xff, 0xff, 0x80, 0x3, 0xff, 0xfe, 0xce,
    0xff, 0xf4, 0xb, 0xff, 0xd0, 0x0, 0xcf, 0xfa,
    0xf, 0xff, 0x70, 0x0, 0x5f, 0xfc, 0x2f, 0xff,
    0x40, 0x0, 0x0, 0x0, 0x3f, 0xff, 0x30, 0x0,
    0x0, 0x0, 0x2f, 0xff, 0x30, 0x0, 0x0, 0x0,
    0xf, 0xff, 0x60, 0x0, 0x38, 0x87, 0xb, 0xff,
    0xc0, 0x0, 0xaf, 0xfb, 0x3, 0xff, 0xfe, 0xbe,
    0xff, 0xf5, 0x0, 0x6f, 0xff, 0xff, 0xff, 0x80,
    0x0, 0x3, 0xaf, 0xff, 0xb4, 0x0, 0x0, 0x0,
    0xe, 0xfd, 0x40, 0x0, 0x0, 0x0, 0x6, 0xcf,
    0xf3, 0x0, 0x0, 0x0, 0x0, 0x9f, 0xf6, 0x0,
    0x0, 0x0, 0xb, 0xff, 0xf1, 0x0, 0x0, 0x0,
    0xa, 0xea, 0x20, 0x0,

    /* U+00E8 "è" */
    0x0, 0x8f, 0xff, 0x10, 0x0, 0x0, 0x0, 0x0,
    0x9f, 0xfb, 0x0, 0x0, 0x0, 0x0, 0x0, 0xbf,
    0xf5, 0x0, 0x0, 0x0, 0x0, 0x0, 0x9a, 0x80,
    0x0, 0x0, 0x0, 0x0, 0x0, 0x0, 0x0, 0x0,
    0x0, 0x0, 0x19, 0xdf, 0xfc, 0x60, 0x0, 0x0,
    0x4f, 0xff, 0xff, 0xff, 0xb0, 0x0, 0x1e, 0xff,
    0xfc, 0xdf, 0xff, 0x80, 0x9, 0xff, 0xe2, 0x0,
    0x7f, 0xfe, 0x0, 0xef, 0xf7, 0x0, 0x0, 0xff,
    0xf3, 0x1f, 0xff, 0xff, 0xff, 0xff, 0xff, 0x52,
    0xff, 0xff, 0xff, 0xff, 0xff, 0xf5, 0x1f, 0xff,
    0x95, 0x55, 0x55, 0x55, 0x10, 0xef, 0xfa, 0x0,
    0x0, 0x0, 0x0, 0x9, 0xff, 0xf6, 0x0, 0x6,
    0xe2, 0x0, 0x1e, 0xff, 0xfe, 0xce, 0xff, 0xd0,
    0x0, 0x3e, 0xff, 0xff, 0xff, 0xf4, 0x0, 0x0,
    0x18, 0xdf, 0xfd, 0x81, 0x0,

    /* U+00E9 "é" */
    0x0, 0x0, 0x0, 0x4f, 0xff, 0x50, 0x0, 0x0,
    0x0, 0xd, 0xff, 0x60, 0x0, 0x0, 0x0, 0x8,
    0xff, 0x80, 0x0, 0x0, 0x0, 0x0, 0x9a, 0x80,
    0x0, 0x0, 0x0, 0x0, 0x0, 0x0, 0x0, 0x0,
    0x0, 0x0, 0x19, 0xdf, 0xfc, 0x60, 0x0, 0x0,
    0x4f, 0xff, 0xff, 0xff, 0xb0, 0x0, 0x1e, 0xff,
    0xfc, 0xdf, 0xff, 0x80, 0x9, 0xff, 0xe2, 0x0,
    0x7f, 0xfe, 0x0, 0xef, 0xf7, 0x0, 0x0, 0xff,
    0xf3, 0x1f, 0xff, 0xff, 0xff, 0xff, 0xff, 0x52,
    0xff, 0xff, 0xff, 0xff, 0xff, 0xf5, 0x1f, 0xff,
    0x95, 0x55, 0x55, 0x55, 0x10, 0xef, 0xfa, 0x0,
    0x0, 0x0, 0x0, 0x9, 0xff, 0xf6, 0x0, 0x6,
    0xe2, 0x0, 0x1e, 0xff, 0xfe, 0xce, 0xff, 0xd0,
    0x0, 0x3e, 0xff, 0xff, 0xff, 0xf4, 0x0, 0x0,
    0x18, 0xdf, 0xfd, 0x81, 0x0,

    /* U+00EA "ê" */
    0x0, 0x0, 0x3e, 0xfd, 0x10, 0x0, 0x0, 0x0,
    0x4f, 0xfe, 0xfd, 0x20, 0x0, 0x0, 0x6f, 0xf7,
    0xa, 0xfe, 0x20, 0x0, 0x4, 0x43, 0x0, 0x3,
    0x43, 0x0, 0x0, 0x0, 0x0, 0x0, 0x0, 0x0,
    0x0, 0x0, 0x19, 0xdf, 0xfc, 0x60, 0x0, 0x0,
    0x4f, 0xff, 0xff, 0xff, 0xb0, 0x0, 0x1e, 0xff,
    0xfc, 0xdf, 0xff, 0x80, 0x9, 0xff, 0xe2, 0x0,
    0x7f, 0xfe, 0x0, 0xef, 0xf7, 0x0, 0x0, 0xff,
    0xf3, 0x1f, 0xff, 0xff, 0xff, 0xff, 0xff, 0x52,
    0xff, 0xff, 0xff, 0xff, 0xff, 0xf5, 0x1f, 0xff,
    0x95, 0x55, 0x55, 0x55, 0x10, 0xef, 0xfa, 0x0,
    0x0, 0x0, 0x0, 0x9, 0xff, 0xf6, 0x0, 0x6,
    0xe2, 0x0, 0x1e, 0xff, 0xfe, 0xce, 0xff, 0xd0,
    0x0, 0x3e, 0xff, 0xff, 0xff, 0xf4, 0x0, 0x0,
    0x18, 0xdf, 0xfd, 0x81, 0x0,

    /* U+00EB "ë" */
    0x0, 0x9f, 0xa0, 0x1, 0xcf, 0x60, 0x0, 0xf,
    0xff, 0x10, 0x5f, 0xfc, 0x0, 0x0, 0x9f, 0xa0,
    0x1, 0xce, 0x60, 0x0, 0x0, 0x0, 0x0, 0x0,
    0x0, 0x0, 0x0, 0x1, 0x9d, 0xff, 0xc6, 0x0,
    0x0, 0x4, 0xff, 0xff, 0xff, 0xfb, 0x0, 0x1,
    0xef, 0xff, 0xcd, 0xff, 0xf8, 0x0, 0x9f, 0xfe,
    0x20, 0x7, 0xff, 0xe0, 0xe, 0xff, 0x70, 0x0,
    0xf, 0xff, 0x31, 0xff, 0xff, 0xff, 0xff, 0xff,
    0xf5, 0x2f, 0xff, 0xff, 0xff, 0xff, 0xff, 0x51,
    0xff, 0xf9, 0x55, 0x55, 0x55, 0x51, 0xe, 0xff,
    0xa0, 0x0, 0x0, 0x0, 0x0, 0x9f, 0xff, 0x60,
    0x0, 0x6e, 0x20, 0x1, 0xef, 0xff, 0xec, 0xef,
    0xfd, 0x0, 0x3, 0xef, 0xff, 0xff, 0xff, 0x40,
    0x0, 0x1, 0x8d, 0xff, 0xd8, 0x10, 0x0,

    /* U+00EC "ì" */
    0x9, 0xff, 0xe1, 0x0, 0xb, 0xff, 0x90, 0x0,
    0xc, 0xff, 0x30, 0x0, 0x1a, 0xa7, 0x0, 0x0,
    0x0, 0x0, 0x0, 0x6f, 0xff, 0x0, 0x6, 0xff,
    0xf0, 0x0, 0x6f, 0xff, 0x0, 0x6, 0xff, 0xf0,
    0x0, 0x6f, 0xff, 0x0, 0x6, 0xff, 0xf0, 0x0,
    0x6f, 0xff, 0x0, 0x6, 0xff, 0xf0, 0x0, 0x6f,
    0xff, 0x0, 0x6, 0xff, 0xf0, 0x0, 0x6f, 0xff,
    0x0, 0x6, 0xff, 0xf0, 0x0, 0x6f, 0xff,

    /* U+00ED "í" */
    0x0, 0x5f, 0xff, 0x30, 0x1e, 0xff, 0x50, 0x9,
    0xff, 0x60, 0x1, 0xaa, 0x70, 0x0, 0x0, 0x0,
    0x0, 0x6, 0xff, 0xf0, 0x0, 0x6f, 0xff, 0x0,
    0x6, 0xff, 0xf0, 0x0, 0x6f, 0xff, 0x0, 0x6,
    0xff, 0xf0, 0x0, 0x6f, 0xff, 0x0, 0x6, 0xff,
    0xf0, 0x0, 0x6f, 0xff, 0x0, 0x6, 0xff, 0xf0,
    0x0, 0x6f, 0xff, 0x0, 0x6, 0xff, 0xf0, 0x0,
    0x6f, 0xff, 0x0, 0x6, 0xff, 0xf0, 0x0,

    /* U+00EE "î" */
    0x0, 0x4, 0xff, 0xc0, 0x0, 0x0, 0x6f, 0xfe,
    0xfc, 0x10, 0x8, 0xff, 0x50, 0xbf, 0xd2, 0x3,
    0x32, 0x0, 0x3, 0x32, 0x0, 0x0, 0x0, 0x0,
    0x0, 0x0, 0x6, 0xff, 0xf0, 0x0, 0x0, 0x6,
    0xff, 0xf0, 0x0, 0x0, 0x6, 0xff, 0xf0, 0x0,
    0x0, 0x6, 0xff, 0xf0, 0x0, 0x0, 0x6, 0xff,
    0xf0, 0x0, 0x0, 0x6, 0xff, 0xf0, 0x0, 0x0,
    0x6, 0xff, 0xf0, 0x0, 0x0, 0x6, 0xff, 0xf0,
    0x0, 0x0, 0x6, 0xff, 0xf0, 0x0, 0x0, 0x6,
    0xff, 0xf0, 0x0, 0x0, 0x6, 0xff, 0xf0, 0x0,
    0x0, 0x6, 0xff, 0xf0, 0x0, 0x0, 0x6, 0xff,
    0xf0, 0x0,

    /* U+00EF "ï" */
    0xa, 0xf8, 0x0, 0x2d, 0xe4, 0x2f, 0xff, 0x0,
    0x6f, 0xfb, 0xa, 0xf8, 0x0, 0x1d, 0xe4, 0x0,
    0x0, 0x0, 0x0, 0x0, 0x0, 0x6, 0xff, 0xf0,
    0x0, 0x0, 0x6, 0xff, 0xf0, 0x0, 0x0, 0x6,
    0xff, 0xf0, 0x0, 0x0, 0x6, 0xff, 0xf0, 0x0,
    0x0, 0x6, 0xff, 0xf0, 0x0, 0x0, 0x6, 0xff,
    0xf0, 0x0, 0x0, 0x6, 0xff, 0xf0, 0x0, 0x0,
    0x6, 0xff, 0xf0, 0x0, 0x0, 0x6, 0xff, 0xf0,
    0x0, 0x0, 0x6, 0xff, 0xf0, 0x0, 0x0, 0x6,
    0xff, 0xf0, 0x0, 0x0, 0x6, 0xff, 0xf0, 0x0,
    0x0, 0x6, 0xff, 0xf0, 0x0,

    /* U+00F0 "ð" */
    0x0, 0x49, 0x40, 0x0, 0x0, 0x0, 0x0, 0xbf,
    0xfe, 0x50, 0x3c, 0x10, 0x1, 0xff, 0xff, 0xfd,
    0xff, 0x40, 0x0, 0x17, 0xef, 0xff, 0xf3, 0x0,
    0x0, 0x1, 0xaf, 0xff, 0xfc, 0x0, 0x0, 0xb,
    0xfa, 0x9f, 0xff, 0x70, 0x0, 0x2, 0x40, 0xc,
    0xff, 0xf1, 0x0, 0x4, 0x88, 0x64, 0xff, 0xf5,
    0x2, 0xdf, 0xff, 0xff, 0xff, 0xfa, 0xe, 0xff,
    0xff, 0xff, 0xff, 0xfd, 0x7f, 0xff, 0x81, 0x14,
    0xdf, 0xfe, 0xcf, 0xfc, 0x0, 0x0, 0x7f, 0xff,
    0xff, 0xf7, 0x0, 0x0, 0x7f, 0xfe, 0xff, 0xf6,
    0x0, 0x0, 0x9f, 0xfd, 0xdf, 0xfa, 0x0, 0x0,
    0xdf, 0xf9, 0x8f, 0xff, 0x40, 0x6, 0xff, 0xf3,
    0x1e, 0xff, 0xfd, 0xdf, 0xff, 0xa0, 0x3, 0xef,
    0xff, 0xff, 0xfb, 0x0, 0x0, 0x18, 0xdf, 0xfc,
    0x60, 0x0,

    /* U+00F1 "ñ" */
    0x0, 0x0, 0x0, 0x0, 0x10, 0x0, 0x0, 0x6e,
    0xe8, 0x21, 0xef, 0x10, 0x3, 0xff, 0xff, 0xff,
    0xfc, 0x0, 0x8, 0xf9, 0x37, 0xef, 0xd2, 0x0,
    0x1, 0x20, 0x0, 0x1, 0x0, 0x0, 0x0, 0x0,
    0x0, 0x0, 0x0, 0x0, 0xcf, 0xf7, 0x4b, 0xff,
    0xc5, 0x0, 0xcf, 0xfd, 0xff, 0xff, 0xff, 0x50,
    0xcf, 0xff, 0xd8, 0xaf, 0xff, 0xd0, 0xcf, 0xfd,
    0x0, 0x7, 0xff, 0xf1, 0xcf, 0xfa, 0x0, 0x3,
    0xff, 0xf2, 0xcf, 0xfa, 0x0, 0x3, 0xff, 0xf3,
    0xcf, 0xfa, 0x0, 0x3, 0xff, 0xf3, 0xcf, 0xfa,
    0x0, 0x3, 0xff, 0xf3, 0xcf, 0xfa, 0x0, 0x3,
    0xff, 0xf3, 0xcf, 0xfa, 0x0, 0x3, 0xff, 0xf3,
    0xcf, 0xfa, 0x0, 0x3, 0xff, 0xf3, 0xcf, 0xfa,
    0x0, 0x3, 0xff, 0xf3, 0xcf, 0xfa, 0x0, 0x3,
    0xff, 0xf3,

    /* U+00F2 "ò" */
    0x0, 0x3f, 0xff, 0x70, 0x0, 0x0, 0x0, 0x0,
    0x4f, 0xff, 0x10, 0x0, 0x0, 0x0, 0x0, 0x5f,
    0xfb, 0x0, 0x0, 0x0, 0x0, 0x0, 0x6a, 0xa2,
    0x0, 0x0, 0x0, 0x0, 0x0, 0x0, 0x0, 0x0,
    0x0, 0x0, 0x29, 0xdf, 0xfc, 0x60, 0x0, 0x0,
    0x5f, 0xff, 0xff, 0xff, 0xc1, 0x0, 0x2f, 0xff,
    0xfc, 0xdf, 0xff, 0xb0, 0xa, 0xff, 0xe1, 0x0,
    0x7f, 0xff, 0x30, 0xff, 0xf8, 0x0, 0x0, 0xef,
    0xf8, 0x2f, 0xff, 0x40, 0x0, 0xb, 0xff, 0xb3,
    0xff, 0xf3, 0x0, 0x0, 0x9f, 0xfc, 0x2f, 0xff,
    0x40, 0x0, 0xb, 0xff, 0xb0, 0xff, 0xf7, 0x0,
    0x0, 0xef, 0xf8, 0xa, 0xff, 0xe2, 0x0, 0x7f,
    0xff, 0x30, 0x2f, 0xff, 0xfc, 0xdf, 0xff, 0xb0,
    0x0, 0x5f, 0xff, 0xff, 0xff, 0xc1, 0x0, 0x0,
    0x29, 0xef, 0xfc, 0x70, 0x0,

    /* U+00F3 "ó" */
    0x0, 0x0, 0x0, 0xd, 0xff, 0xa0, 0x0, 0x0,
    0x0, 0x8, 0xff, 0xc0, 0x0, 0x0, 0x0, 0x2,
    0xff, 0xd1, 0x0, 0x0, 0x0, 0x0, 0x6a, 0xa1,
    0x0, 0x0, 0x0, 0x0, 0x0, 0x0, 0x0, 0x0,
    0x0, 0x0, 0x29, 0xdf, 0xfc, 0x60, 0x0, 0x0,
    0x5f, 0xff, 0xff, 0xff, 0xc1, 0x0, 0x2f, 0xff,
    0xfc, 0xdf, 0xff, 0xb0, 0xa, 0xff, 0xe1, 0x0,
    0x7f, 0xff, 0x30, 0xff, 0xf8, 0x0, 0x0, 0xef,
    0xf8, 0x2f, 0xff, 0x40, 0x0, 0xb, 0xff, 0xb3,
    0xff, 0xf3, 0x0, 0x0, 0x9f, 0xfc, 0x2f, 0xff,
    0x40, 0x0, 0xb, 0xff, 0xb0, 0xff, 0xf7, 0x0,
    0x0, 0xef, 0xf8, 0xa, 0xff, 0xe2, 0x0, 0x7f,
    0xff, 0x30, 0x2f, 0xff, 0xfc, 0xdf, 0xff, 0xb0,
    0x0, 0x5f, 0xff, 0xff, 0xff, 0xc1, 0x0, 0x0,
    0x29, 0xef, 0xfc, 0x70, 0x0,

    /* U+00F4 "ô" */
    0x0, 0x0, 0xb, 0xff, 0x40, 0x0, 0x0, 0x0,
    0x1c, 0xfe, 0xff, 0x50, 0x0, 0x0, 0x2d, 0xfc,
    0x15, 0xff, 0x60, 0x0, 0x2, 0x44, 0x0, 0x2,
    0x44, 0x0, 0x0, 0x0, 0x0, 0x0, 0x0, 0x0,
    0x0, 0x0, 0x29, 0xdf, 0xfc, 0x60, 0x0, 0x0,
    0x5f, 0xff, 0xff, 0xff, 0xc1, 0x0, 0x2f, 0xff,
    0xfc, 0xdf, 0xff, 0xb0, 0xa, 0xff, 0xe1, 0x0,
    0x7f, 0xff, 0x30, 0xff, 0xf8, 0x0, 0x0, 0xef,
    0xf8, 0x2f, 0xff, 0x40, 0x0, 0xb, 0xff, 0xb3,
    0xff, 0xf3, 0x0, 0x0, 0x9f, 0xfc, 0x2f, 0xff,
    0x40, 0x0, 0xb, 0xff, 0xb0, 0xff, 0xf7, 0x0,
    0x0, 0xef, 0xf8, 0xa, 0xff, 0xe2, 0x0, 0x7f,
    0xff, 0x30, 0x2f, 0xff, 0xfc, 0xdf, 0xff, 0xb0,
    0x0, 0x5f, 0xff, 0xff, 0xff, 0xc1, 0x0, 0x0,
    0x29, 0xef, 0xfc, 0x70, 0x0,

    /* U+00F5 "õ" */
    0x0, 0x0, 0x0, 0x0, 0x1, 0x0, 0x0, 0x0,
    0x6e, 0xe8, 0x21, 0xef, 0x10, 0x0, 0x3f, 0xff,
    0xff, 0xff, 0xc0, 0x0, 0x8, 0xf9, 0x37, 0xef,
    0xd2, 0x0, 0x0, 0x12, 0x0, 0x0, 0x10, 0x0,
    0x0, 0x0, 0x0, 0x0, 0x0, 0x0, 0x0, 0x0,
    0x2, 0x9d, 0xff, 0xc6, 0x0, 0x0, 0x5, 0xff,
    0xff, 0xff, 0xfc, 0x10, 0x2, 0xff, 0xff, 0xcd,
    0xff, 0xfb, 0x0, 0xaf, 0xfe, 0x10, 0x7, 0xff,
    0xf3, 0xf, 0xff, 0x80, 0x0, 0xe, 0xff, 0x82,
    0xff, 0xf4, 0x0, 0x0, 0xbf, 0xfb, 0x3f, 0xff,
    0x30, 0x0, 0x9, 0xff, 0xc2, 0xff, 0xf4, 0x0,
    0x0, 0xbf, 0xfb, 0xf, 0xff, 0x70, 0x0, 0xe,
    0xff, 0x80, 0xaf, 0xfe, 0x20, 0x7, 0xff, 0xf3,
    0x2, 0xff, 0xff, 0xcd, 0xff, 0xfb, 0x0, 0x5,
    0xff, 0xff, 0xff, 0xfc, 0x10, 0x0, 0x2, 0x9e,
    0xff, 0xc7, 0x0, 0x0,

    /* U+00F6 "ö" */
    0x0, 0x4e, 0xd2, 0x0, 0x8f, 0xb0, 0x0, 0xa,
    0xff, 0x70, 0xf, 0xff, 0x20, 0x0, 0x4e, 0xd2,
    0x0, 0x8f, 0xb0, 0x0, 0x0, 0x0, 0x0, 0x0,
    0x0, 0x0, 0x0, 0x2, 0x9d, 0xff, 0xc6, 0x0,
    0x0, 0x5, 0xff, 0xff, 0xff, 0xfc, 0x10, 0x2,
    0xff, 0xff, 0xcd, 0xff, 0xfb, 0x0, 0xaf, 0xfe,
    0x10, 0x7, 0xff, 0xf3, 0xf, 0xff, 0x80, 0x0,
    0xe, 0xff, 0x82, 0xff, 0xf4, 0x0, 0x0, 0xbf,
    0xfb, 0x3f, 0xff, 0x30, 0x0, 0x9, 0xff, 0xc2,
    0xff, 0xf4, 0x0, 0x0, 0xbf, 0xfb, 0xf, 0xff,
    0x70, 0x0, 0xe, 0xff, 0x80, 0xaf, 0xfe, 0x20,
    0x7, 0xff, 0xf3, 0x2, 0xff, 0xff, 0xcd, 0xff,
    0xfb, 0x0, 0x5, 0xff, 0xff, 0xff, 0xfc, 0x10,
    0x0, 0x2, 0x9e, 0xff, 0xc7, 0x0, 0x0,

    /* U+00F7 "÷" */
    0x0, 0x0, 0x8, 0xfd, 0x20, 0x0, 0x0, 0x0,
    0x1, 0xff, 0xfa, 0x0, 0x0, 0x0, 0x0, 0xe,
    0xff, 0x70, 0x0, 0x0, 0x0, 0x0, 0x27, 0x60,
    0x0, 0x0, 0x0, 0x0, 0x0, 0x0, 0x0, 0x0,
    0x4, 0xff, 0xff, 0xff, 0xff, 0xff, 0xfc, 0x4f,
    0xff, 0xff, 0xff, 0xff, 0xff, 0xc2, 0xbb, 0xbb,
    0xbb, 0xbb, 0xbb, 0xb9, 0x0, 0x0, 0x0, 0x0,
    0x0, 0x0, 0x0, 0x0, 0x0, 0x28, 0x60, 0x0,
    0x0, 0x0, 0x0, 0xe, 0xff, 0x80, 0x0, 0x0,
    0x0, 0x1, 0xff, 0xfa, 0x0, 0x0, 0x0, 0x0,
    0x8, 0xfd, 0x20, 0x0, 0x0,

    /* U+00F8 "ø" */
    0x0, 0x0, 0x0, 0x0, 0x2, 0x84, 0x0, 0x0,
    0x0, 0x0, 0x0, 0xaf, 0x30, 0x0, 0x2, 0x9d,
    0xff, 0xcf, 0xb0, 0x0, 0x5, 0xff, 0xff, 0xff,
    0xfc, 0x0, 0x2, 0xff, 0xff, 0xce, 0xff, 0xfb,
    0x0, 0xaf, 0xfe, 0x10, 0x9f, 0xff, 0xf3, 0xf,
    0xff, 0x80, 0x1f, 0xce, 0xff, 0x82, 0xff, 0xf4,
    0x9, 0xf4, 0xaf, 0xfb, 0x3f, 0xff, 0x31, 0xfc,
    0x9, 0xff, 0xc2, 0xff, 0xf4, 0x9f, 0x40, 0xbf,
    0xfb, 0xf, 0xff, 0x9f, 0xc0, 0xe, 0xff, 0x80,
    0xaf, 0xff, 0xf4, 0x7, 0xff, 0xf3, 0x2, 0xff,
    0xff, 0xcd, 0xff, 0xfb, 0x0, 0x4, 0xff, 0xff,
    0xff, 0xfc, 0x10, 0x0, 0x1f, 0xed, 0xff, 0xc7,
    0x0, 0x0, 0x8, 0xf5, 0x0, 0x0, 0x0, 0x0,
    0x0, 0x77, 0x0, 0x0, 0x0, 0x0, 0x0,

    /* U+00F9 "ù" */
    0x3, 0xff, 0xf6, 0x0, 0x0, 0x0, 0x0, 0x4f,
    0xfe, 0x10, 0x0, 0x0, 0x0, 0x6, 0xff, 0xa0,
    0x0, 0x0, 0x0, 0x0, 0x6a, 0xa1, 0x0, 0x0,
    0x0, 0x0, 0x0, 0x0, 0x0, 0x0, 0xcf, 0xfa,
    0x0, 0x3, 0xff, 0xf3, 0xcf, 0xfa, 0x0, 0x3,
    0xff, 0xf3, 0xcf, 0xfa, 0x0, 0x3, 0xff, 0xf3,
    0xcf, 0xfa, 0x0, 0x3, 0xff, 0xf3, 0xcf, 0xfa,
    0x0, 0x3, 0xff, 0xf3, 0xcf, 0xfa, 0x0, 0x3,
    0xff, 0xf3, 0xcf, 0xfa, 0x0, 0x3, 0xff, 0xf3,
    0xcf, 0xfa, 0x0, 0x3, 0xff, 0xf3, 0xcf, 0xfa,
    0x0, 0x3, 0xff, 0xf3, 0xaf, 0xfe, 0x10, 0x9,
    0xff, 0xf3, 0x6f, 0xff, 0xfc, 0xef, 0xff, 0xf3,
    0xd, 0xff, 0xff, 0xfd, 0xff, 0xf3, 0x1, 0x9e,
    0xfe, 0x81, 0xff, 0xf3,

    /* U+00FA "ú" */
    0x0, 0x0, 0x0, 0xef, 0xfa, 0x0, 0x0, 0x0,
    0x8, 0xff, 0xb0, 0x0, 0x0, 0x0, 0x3f, 0xfc,
    0x0, 0x0, 0x0, 0x0, 0x7a, 0xa1, 0x0, 0x0,
    0x0, 0x0, 0x0, 0x0, 0x0, 0x0, 0xcf, 0xfa,
    0x0, 0x3, 0xff, 0xf3, 0xcf, 0xfa, 0x0, 0x3,
    0xff, 0xf3, 0xcf, 0xfa, 0x0, 0x3, 0xff, 0xf3,
    0xcf, 0xfa, 0x0, 0x3, 0xff, 0xf3, 0xcf, 0xfa,
    0x0, 0x3, 0xff, 0xf3, 0xcf, 0xfa, 0x0, 0x3,
    0xff, 0xf3, 0xcf, 0xfa, 0x0, 0x3, 0xff, 0xf3,
    0xcf, 0xfa, 0x0, 0x3, 0xff, 0xf3, 0xcf, 0xfa,
    0x0, 0x3, 0xff, 0xf3, 0xaf, 0xfe, 0x10, 0x9,
    0xff, 0xf3, 0x6f, 0xff, 0xfc, 0xef, 0xff, 0xf3,
    0xd, 0xff, 0xff, 0xfd, 0xff, 0xf3, 0x1, 0x9e,
    0xfe, 0x81, 0xff, 0xf3,

    /* U+00FB "û" */
    0x0, 0x1, 0xcf, 0xf4, 0x0, 0x0, 0x0, 0x2d,
    0xfd, 0xff, 0x60, 0x0, 0x3, 0xef, 0xa0, 0x4f,
    0xf8, 0x0, 0x1, 0x22, 0x0, 0x1, 0x22, 0x0,
    0x0, 0x0, 0x0, 0x0, 0x0, 0x0, 0xcf, 0xfa,
    0x0, 0x3, 0xff, 0xf3, 0xcf, 0xfa, 0x0, 0x3,
    0xff, 0xf3, 0xcf, 0xfa, 0x0, 0x3, 0xff, 0xf3,
    0xcf, 0xfa, 0x0, 0x3, 0xff, 0xf3, 0xcf, 0xfa,
    0x0, 0x3, 0xff, 0xf3, 0xcf, 0xfa, 0x0, 0x3,
    0xff, 0xf3, 0xcf, 0xfa, 0x0, 0x3, 0xff, 0xf3,
    0xcf, 0xfa, 0x0, 0x3, 0xff, 0xf3, 0xcf, 0xfa,
    0x0, 0x3, 0xff, 0xf3, 0xaf, 0xfe, 0x10, 0x9,
    0xff, 0xf3, 0x6f, 0xff, 0xfc, 0xef, 0xff, 0xf3,
    0xd, 0xff, 0xff, 0xfd, 0xff, 0xf3, 0x1, 0x9e,
    0xfe, 0x81, 0xff, 0xf3,

    /* U+00FC "ü" */
    0x5, 0xed, 0x10, 0x8, 0xfa, 0x0, 0xb, 0xff,
    0x60, 0xf, 0xff, 0x20, 0x5, 0xed, 0x10, 0x8,
    0xfa, 0x0, 0x0, 0x0, 0x0, 0x0, 0x0, 0x0,
    0xcf, 0xfa, 0x0, 0x3, 0xff, 0xf3, 0xcf, 0xfa,
    0x0, 0x3, 0xff, 0xf3, 0xcf, 0xfa, 0x0, 0x3,
    0xff, 0xf3, 0xcf, 0xfa, 0x0, 0x3, 0xff, 0xf3,
    0xcf, 0xfa, 0x0, 0x3, 0xff, 0xf3, 0xcf, 0xfa,
    0x0, 0x3, 0xff, 0xf3, 0xcf, 0xfa, 0x0, 0x3,
    0xff, 0xf3, 0xcf, 0xfa, 0x0, 0x3, 0xff, 0xf3,
    0xcf, 0xfa, 0x0, 0x3, 0xff, 0xf3, 0xaf, 0xfe,
    0x10, 0x9, 0xff, 0xf3, 0x6f, 0xff, 0xfc, 0xef,
    0xff, 0xf3, 0xd, 0xff, 0xff, 0xfd, 0xff, 0xf3,
    0x1, 0x9e, 0xfe, 0x81, 0xff, 0xf3,

    /* U+00FD "ý" */
    0x0, 0x0, 0x0, 0x8f, 0xfe, 0x20, 0x0, 0x0,
    0x0, 0x2f, 0xff, 0x30, 0x0, 0x0, 0x0, 0xc,
    0xff, 0x40, 0x0, 0x0, 0x0, 0x3, 0xaa, 0x50,
    0x0, 0x0, 0x0, 0x0, 0x0, 0x0, 0x0, 0x0,
    0xc, 0xff, 0xd0, 0x0, 0xc, 0xff, 0xd0, 0x7f,
    0xff, 0x20, 0x1, 0xff, 0xf7, 0x1, 0xff, 0xf6,
    0x0, 0x5f, 0xff, 0x20, 0xb, 0xff, 0xb0, 0xa,
    0xff, 0xc0, 0x0, 0x6f, 0xff, 0x0, 0xef, 0xf7,
    0x0, 0x1, 0xff, 0xf4, 0x3f, 0xff, 0x10, 0x0,
    0xb, 0xff, 0x98, 0xff, 0xc0, 0x0, 0x0, 0x5f,
    0xfe, 0xcf, 0xf6, 0x0, 0x0, 0x0, 0xff, 0xff,
    0xff, 0x10, 0x0, 0x0, 0xa, 0xff, 0xff, 0xb0,
    0x0, 0x0, 0x0, 0x5f, 0xff, 0xf6, 0x0, 0x0,
    0x0, 0x0, 0xff, 0xff, 0x10, 0x0, 0x0, 0x0,
    0xa, 0xff, 0xb0, 0x0, 0x0, 0x0, 0x0, 0xcf,
    0xf5, 0x0, 0x0, 0x0, 0x0, 0x4f, 0xff, 0x0,
    0x0, 0x0, 0x7, 0xdf, 0xff, 0x90, 0x0, 0x0,
    0x0, 0x9f, 0xff, 0xe1, 0x0, 0x0, 0x0, 0x8,
    0xfe, 0xa2, 0x0, 0x0, 0x0, 0x0,

    /* U+00FE "þ" */
    0xaf, 0xfb, 0x0, 0x0, 0x0, 0x0, 0xaf, 0xfb,
    0x0, 0x0, 0x0, 0x0, 0xaf, 0xfb, 0x0, 0x0,
    0x0, 0x0, 0xaf, 0xfb, 0x0, 0x0, 0x0, 0x0,
    0xaf, 0xfb, 0x0, 0x0, 0x0, 0x0, 0xaf, 0xfb,
    0x5c, 0xfe, 0xb3, 0x0, 0xaf, 0xff, 0xff, 0xff,
    0xff, 0x40, 0xaf, 0xff, 0xfc, 0xdf, 0xff, 0xd0,
    0xaf, 0xfe, 0x20, 0x7, 0xff, 0xf5, 0xaf, 0xfb,
    0x0, 0x0, 0xef, 0xf9, 0xaf, 0xfb, 0x0, 0x0,
    0xbf, 0xfb, 0xaf, 0xfb, 0x0, 0x0, 0xaf, 0xfb,
    0xaf, 0xfb, 0x0, 0x0, 0xbf, 0xfb, 0xaf, 0xfb,
    0x0, 0x0, 0xef, 0xf8, 0xaf, 0xfe, 0x20, 0x7,
    0xff, 0xf4, 0xaf, 0xff, 0xfc, 0xdf, 0xff, 0xd0,
    0xaf, 0xff, 0xff, 0xff, 0xff, 0x30, 0xaf, 0xfb,
    0x4c, 0xfe, 0xb2, 0x0, 0xaf, 0xfb, 0x0, 0x0,
    0x0, 0x0, 0xaf, 0xfb, 0x0, 0x0, 0x0, 0x0,
    0xaf, 0xfb, 0x0, 0x0, 0x0, 0x0, 0xaf, 0xfb,
    0x0, 0x0, 0x0, 0x0, 0xaf, 0xfb, 0x0, 0x0,
    0x0, 0x0,

    /* U+00FF "ÿ" */
    0x1, 0xcf, 0x60, 0x3, 0xed, 0x20, 0x0, 0x5f,
    0xfc, 0x0, 0x9f, 0xf8, 0x0, 0x1, 0xcf, 0x60,
    0x3, 0xed, 0x20, 0x0, 0x0, 0x0, 0x0, 0x0,
    0x0, 0x0, 0xcf, 0xfd, 0x0, 0x0, 0xcf, 0xfd,
    0x7, 0xff, 0xf2, 0x0, 0x1f, 0xff, 0x70, 0x1f,
    0xff, 0x60, 0x5, 0xff, 0xf2, 0x0, 0xbf, 0xfb,
    0x0, 0xaf, 0xfc, 0x0, 0x6, 0xff, 0xf0, 0xe,
    0xff, 0x70, 0x0, 0x1f, 0xff, 0x43, 0xff, 0xf1,
    0x0, 0x0, 0xbf, 0xf9, 0x8f, 0xfc, 0x0, 0x0,
    0x5, 0xff, 0xec, 0xff, 0x60, 0x0, 0x0, 0xf,
    0xff, 0xff, 0xf1, 0x0, 0x0, 0x0, 0xaf, 0xff,
    0xfb, 0x0, 0x0, 0x0, 0x5, 0xff, 0xff, 0x60,
    0x0, 0x0, 0x0, 0xf, 0xff, 0xf1, 0x0, 0x0,
    0x0, 0x0, 0xaf, 0xfb, 0x0, 0x0, 0x0, 0x0,
    0xc, 0xff, 0x50, 0x0, 0x0, 0x0, 0x4, 0xff,
    0xf0, 0x0, 0x0, 0x0, 0x7d, 0xff, 0xf9, 0x0,
    0x0, 0x0, 0x9, 0xff, 0xfe, 0x10, 0x0, 0x0,
    0x0, 0x8f, 0xea, 0x20, 0x0, 0x0, 0x0,

    /* U+0E01 "ก" */
    0x0, 0x18, 0xce, 0xfe, 0xb6, 0x0, 0x0, 0x4f,
    0xff, 0xff, 0xff, 0xfc, 0x0, 0x2f, 0xff, 0xff,
    0xff, 0xff, 0xfa, 0x8, 0xff, 0xfa, 0x10, 0x4e,
    0xff, 0xf0, 0xaf, 0xff, 0x20, 0x0, 0x7f, 0xff,
    0x32, 0x9e, 0xff, 0x90, 0x5, 0xff, 0xf4, 0x1,
    0xaf, 0xff, 0x0, 0x4f, 0xff, 0x40, 0xdf, 0xfe,
    0x60, 0x4, 0xff, 0xf4, 0x4f, 0xff, 0x50, 0x0,
    0x4f, 0xff, 0x46, 0xff, 0xf2, 0x0, 0x4, 0xff,
    0xf4, 0x7f, 0xff, 0x20, 0x0, 0x4f, 0xff, 0x47,
    0xff, 0xf2, 0x0, 0x4, 0xff, 0xf4, 0x7f, 0xff,
    0x20, 0x0, 0x4f, 0xff, 0x47, 0xff, 0xf2, 0x0,
    0x4, 0xff, 0xf4,

    /* U+0E02 "ข" */
    0x7d, 0xfe, 0xa0, 0x0, 0xff, 0xf8, 0xbf, 0xff,
    0xf8, 0x0, 0xff, 0xf8, 0x6b, 0xff, 0xfc, 0x0,
    0xff, 0xf8, 0x0, 0x9f, 0xfb, 0x0, 0xff, 0xf8,
    0x0, 0xdf, 0xf7, 0x0, 0xff, 0xf8, 0x8, 0xff,
    0xe0, 0x0, 0xff, 0xf8, 0x1f, 0xff, 0x70, 0x0,
    0xff, 0xf8, 0x4f, 0xff, 0x40, 0x0, 0xff, 0xf8,
    0x5f, 0xff, 0x30, 0x0, 0xff, 0xf8, 0x5f, 0xff,
    0x50, 0x1, 0xff, 0xf7, 0x3f, 0xff, 0xb0, 0x9,
    0xff, 0xf5, 0xd, 0xff, 0xff, 0xff, 0xff, 0xf1,
    0x3, 0xff, 0xff, 0xff, 0xff, 0x50, 0x0, 0x29,
    0xdf, 0xfe, 0xa3, 0x0,

    /* U+0E03 "ฃ" */
    0xf, 0xf8, 0xb, 0xf6, 0xd, 0xff, 0xc0, 0xff,
    0xfc, 0xff, 0x50, 0xdf, 0xfc, 0xa, 0xff, 0xff,
    0xf5, 0xd, 0xff, 0xc0, 0x5, 0x7f, 0xff, 0x10,
    0xdf, 0xfc, 0x0, 0xb, 0xff, 0xa0, 0xd, 0xff,
    0xc0, 0x7, 0xff, 0xe1, 0x0, 0xdf, 0xfc, 0x0,
    0xff, 0xf8, 0x0, 0xd, 0xff, 0xc0, 0x3f, 0xff,
    0x40, 0x0, 0xdf, 0xfc, 0x4, 0xff, 0xf4, 0x0,
    0xd, 0xff, 0xc0, 0x4f, 0xff, 0x60, 0x0, 0xef,
    0xfb, 0x2, 0xff, 0xfc, 0x10, 0x6f, 0xff, 0x90,
    0xc, 0xff, 0xff, 0xff, 0xff, 0xf3, 0x0, 0x2e,
    0xff, 0xff, 0xff, 0xf8, 0x0, 0x0, 0x19, 0xdf,
    0xfe, 0xb4, 0x0,

    /* U+0E04 "ค" */
    0x0, 0x6, 0xbe, 0xff, 0xd9, 0x20, 0x0, 0xb,
    0xff, 0xff, 0xff, 0xff, 0x50, 0x8, 0xff, 0xff,
    0xff, 0xff, 0xff, 0x10, 0xff, 0xfe, 0x40, 0x2a,
    0xff, 0xf7, 0x3f, 0xff, 0x70, 0x0, 0xf, 0xff,
    0xb4, 0xff, 0xf4, 0x0, 0x0, 0xcf, 0xfc, 0x5f,
    0xff, 0x47, 0xb8, 0xc, 0xff, 0xd5, 0xff, 0xfc,
    0xff, 0xb0, 0xcf, 0xfd, 0x5f, 0xff, 0xff, 0xfb,
    0xc, 0xff, 0xd5, 0xff, 0xff, 0x61, 0x0, 0xcf,
    0xfd, 0x5f, 0xff, 0x80, 0x0, 0xc, 0xff, 0xd5,
    0xff, 0xf5, 0x0, 0x0, 0xcf, 0xfd, 0x5f, 0xff,
    0x30, 0x0, 0xc, 0xff, 0xd5, 0xff, 0xf3, 0x0,
    0x0, 0xcf, 0xfd,

    /* U+0E05 "ฅ" */
    0x1, 0xae, 0xfb, 0x24, 0xcf, 0xd8, 0x0, 0xc,
    0xff, 0xff, 0xdf, 0xff, 0xff, 0x90, 0x2f, 0xff,
    0xff, 0xff, 0xff, 0xff, 0xf0, 0x4f, 0xff, 0x72,
    0xfc, 0x1b, 0xff, 0xf1, 0x5f, 0xff, 0x30, 0x21,
    0x7, 0xff, 0xf1, 0x5f, 0xff, 0x30, 0x0, 0x7,
    0xff, 0xf1, 0x5f, 0xff, 0x37, 0xbb, 0x7, 0xff,
    0xf1, 0x5f, 0xff, 0xbf, 0xfe, 0x7, 0xff, 0xf1,
    0x5f, 0xff, 0xff, 0xfe, 0x7, 0xff, 0xf1, 0x5f,
    0xff, 0xf6, 0x10, 0x7, 0xff, 0xf1, 0x5f, 0xff,
    0x80, 0x0, 0x7, 0xff, 0xf1, 0x5f, 0xff, 0x50,
    0x0, 0x7, 0xff, 0xf1, 0x5f, 0xff, 0x30, 0x0,
    0x7, 0xff, 0xf1, 0x5f, 0xff, 0x30, 0x0, 0x7,
    0xff, 0xf1,

    /* U+0E06 "ฆ" */
    0xff, 0xa0, 0x9f, 0x90, 0xf, 0xff, 0xae, 0xfe,
    0x7f, 0xf9, 0x0, 0xff, 0xfa, 0x8f, 0xff, 0xff,
    0x80, 0xf, 0xff, 0xa0, 0x56, 0xff, 0xf5, 0x0,
    0xff, 0xfa, 0x0, 0xaf, 0xfd, 0x0, 0xf, 0xff,
    0xa0, 0x5f, 0xff, 0x30, 0x0, 0xff, 0xfa, 0xd,
    0xff, 0xa0, 0x0, 0xf, 0xff, 0xa2, 0xff, 0xf6,
    0x0, 0x0, 0xff, 0xfa, 0x3f, 0xff, 0x70, 0x0,
    0xf, 0xff, 0xa3, 0xff, 0xfc, 0x0, 0x2, 0xff,
    0xf9, 0x3f, 0xff, 0xfb, 0x55, 0xdf, 0xff, 0x73,
    0xff, 0xff, 0xff, 0xff, 0xff, 0xf3, 0x3f, 0xfb,
    0x6f, 0xff, 0xff, 0xfa, 0x3, 0xff, 0x80, 0x4b,
    0xef, 0xd7, 0x0,

    /* U+0E07 "ง" */
    0xbf, 0xfe, 0x8, 0xff, 0xd9, 0x10, 0x7, 0xff,
    0xf2, 0x4f, 0xff, 0xfe, 0x20, 0x3f, 0xff, 0x61,
    0xdf, 0xff, 0xfc, 0x0, 0xef, 0xfa, 0x0, 0xc,
    0xff, 0xf3, 0xa, 0xff, 0xe0, 0x0, 0x4f, 0xff,
    0x80, 0x6f, 0xff, 0x30, 0x0, 0xff, 0xfa, 0x1,
    0xff, 0xf7, 0x0, 0xf, 0xff, 0xa0, 0xd, 0xff,
    0xb0, 0x1, 0xff, 0xf9, 0x0, 0x9f, 0xff, 0x0,
    0x4f, 0xff, 0x70, 0x4, 0xff, 0xf3, 0x9, 0xff,
    0xf3, 0x0, 0xf, 0xff, 0x85, 0xff, 0xfd, 0x0,
    0x0, 0xbf, 0xff, 0xff, 0xff, 0x40, 0x0, 0x7,
    0xff, 0xff, 0xff, 0x70, 0x0, 0x0, 0x3f, 0xff,
    0xda, 0x30, 0x0,

    /* U+0E08 "จ" */
    0x2, 0x8c, 0xef, 0xfd, 0x92, 0x0, 0x0, 0xff,
    0xff, 0xff, 0xff, 0xf6, 0x0, 0x1f, 0xff, 0xff,
    0xff, 0xff, 0xf4, 0x1, 0xe7, 0x20, 0x3, 0xcf,
    0xff, 0xb0, 0x0, 0x0, 0x0, 0x0, 0xdf, 0xff,
    0x0, 0x0, 0x0, 0x0, 0x8, 0xff, 0xf3, 0x9,
    0xff, 0xff, 0x0, 0x6f, 0xff, 0x40, 0x9f, 0xff,
    0xf0, 0x5, 0xff, 0xf4, 0x2, 0x7f, 0xff, 0x0,
    0x7f, 0xff, 0x30, 0x3, 0xff, 0xf0, 0xb, 0xff,
    0xf0, 0x0, 0x3f, 0xff, 0x5, 0xff, 0xfc, 0x0,
    0x3, 0xff, 0xfe, 0xff, 0xff, 0x40, 0x0, 0x3f,
    0xff, 0xff, 0xff, 0x70, 0x0, 0x3, 0xff, 0xff,
    0xda, 0x30, 0x0,

    /* U+0E09 "ฉ" */
    0x1, 0x7b, 0xdf, 0xfe, 0xb6, 0x0, 0x0, 0xdf,
    0xff, 0xff, 0xff, 0xfc, 0x0, 0xd, 0xff, 0xff,
    0xff, 0xff, 0xf8, 0x0, 0xc8, 0x30, 0x1, 0x7f,
    0xff, 0xe0, 0x0, 0x0, 0x0, 0x0, 0x9f, 0xff,
    0x20, 0x0, 0x0, 0x0, 0x5, 0xff, 0xf3, 0x2e,
    0xee, 0x30, 0x0, 0x5f, 0xff, 0x43, 0xff, 0xf4,
    0x0, 0x5, 0xff, 0xf4, 0x3f, 0xff, 0x40, 0x0,
    0x6f, 0xff, 0x43, 0xff, 0xf6, 0x0, 0xb, 0xff,
    0xf4, 0x2f, 0xff, 0xe5, 0x4a, 0xff, 0xff, 0x40,
    0xff, 0xff, 0xff, 0xff, 0xff, 0xf4, 0x7, 0xff,
    0xff, 0xff, 0x6b, 0xff, 0x40, 0x6, 0xdf, 0xfc,
    0x40, 0x8f, 0xf4,

    /* U+0E0A "ช" */
    0x7d, 0xfe, 0xa0, 0x0, 0x8f, 0xff, 0xb, 0xff,
    0xff, 0x80, 0xa, 0xff, 0xe0, 0x6a, 0xef, 0xfc,
    0x3, 0xff, 0xfa, 0x0, 0x9, 0xff, 0xb5, 0xff,
    0xfd, 0x20, 0x0, 0xef, 0xf7, 0x5f, 0xff, 0xd2,
    0x0, 0x8f, 0xfe, 0x0, 0x3f, 0xff, 0x90, 0xf,
    0xff, 0x80, 0x0, 0xdf, 0xfc, 0x3, 0xff, 0xf4,
    0x0, 0xd, 0xff, 0xc0, 0x4f, 0xff, 0x40, 0x0,
    0xdf, 0xfc, 0x3, 0xff, 0xf6, 0x0, 0xe, 0xff,
    0xb0, 0x1f, 0xff, 0xc1, 0x6, 0xff, 0xf9, 0x0,
    0xcf, 0xff, 0xff, 0xff, 0xff, 0x40, 0x2, 0xef,
    0xff, 0xff, 0xff, 0x90, 0x0, 0x1, 0x8d, 0xff,
    0xeb, 0x50, 0x0,

    /* U+0E0B "ซ" */
    0xf, 0xf8, 0xb, 0xf4, 0x7, 0xff, 0xf1, 0xf,
    0xfe, 0xbf, 0xf3, 0x8, 0xff, 0xf0, 0xa, 0xff,
    0xff, 0xf3, 0x1e, 0xff, 0xb0, 0x0, 0x56, 0xff,
    0xf2, 0xff, 0xfd, 0x20, 0x0, 0xb, 0xff, 0xa1,
    0xff, 0xfe, 0x30, 0x0, 0x7f, 0xfe, 0x10, 0x1e,
    0xff, 0xb0, 0x0, 0xef, 0xf8, 0x0, 0xb, 0xff,
    0xd0, 0x3, 0xff, 0xf5, 0x0, 0xb, 0xff, 0xd0,
    0x4, 0xff, 0xf5, 0x0, 0xb, 0xff, 0xd0, 0x3,
    0xff, 0xf6, 0x0, 0xc, 0xff, 0xd0, 0x1, 0xff,
    0xfd, 0x10, 0x4f, 0xff, 0xa0, 0x0, 0xbf, 0xff,
    0xff, 0xff, 0xff, 0x50, 0x0, 0x2e, 0xff, 0xff,
    0xff, 0xfa, 0x0, 0x0, 0x1, 0x8d, 0xff, 0xeb,
    0x50, 0x0,

    /* U+0E0C "ฌ" */
    0x0, 0x28, 0xde, 0xfe, 0xb5, 0x0, 0x0, 0x0,
    0xff, 0xf9, 0x5, 0xff, 0xff, 0xff, 0xff, 0xa0,
    0x0, 0x0, 0xff, 0xf9, 0x2f, 0xff, 0xff, 0xff,
    0xff, 0xf7, 0x0, 0x0, 0xff, 0xf9, 0x8f, 0xff,
    0x90, 0x5, 0xff, 0xfd, 0x0, 0x0, 0xff, 0xf9,
    0xaf, 0xff, 0x40, 0x0, 0xaf, 0xff, 0x0, 0x0,
    0xff, 0xf9, 0x28, 0xdf, 0xfb, 0x0, 0x8f, 0xff,
    0x0, 0x0, 0xff, 0xf9, 0x2, 0xbf, 0xff, 0x0,
    0x8f, 0xff, 0x0, 0x0, 0xff, 0xf9, 0x1e, 0xff,
    0xa2, 0x0, 0x8f, 0xff, 0x0, 0x0, 0xff, 0xf9,
    0x5f, 0xff, 0x20, 0x0, 0x8f, 0xff, 0x20, 0x0,
    0xff, 0xf9, 0x6f, 0xff, 0x10, 0x0, 0x8f, 0xff,
    0x70, 0x3, 0xff, 0xf8, 0x6f, 0xff, 0x10, 0x0,
    0x8f, 0xff, 0xf7, 0x4c, 0xff, 0xf7, 0x5f, 0xff,
    0xc9, 0x0, 0x8f, 0xfd, 0xff, 0xff, 0xff, 0xf4,
    0x1e, 0xff, 0xff, 0x0, 0x8f, 0xf7, 0xaf, 0xff,
    0xff, 0xc0, 0x3, 0xbf, 0xfd, 0x10, 0x8f, 0xf4,
    0x7, 0xdf, 0xea, 0x10,

    /* U+0E0D "ญ" */
    0x0, 0x18, 0xde, 0xfe, 0xa4, 0x0, 0x0, 0x0,
    0xff, 0xf9, 0x5, 0xff, 0xff, 0xff, 0xff, 0x90,
    0x0, 0x0, 0xff, 0xf9, 0x2f, 0xff, 0xff, 0xff,
    0xff, 0xf5, 0x0, 0x0, 0xff, 0xf9, 0x8f, 0xff,
    0x90, 0x5, 0xff, 0xfb, 0x0, 0x0, 0xff, 0xf9,
    0xaf, 0xff, 0x30, 0x0, 0xbf, 0xfe, 0x0, 0x0,
    0xff, 0xf9, 0x3a, 0xff, 0xf9, 0x0, 0x9f, 0xff,
    0x0, 0x0, 0xff, 0xf9, 0x1, 0x9f, 0xff, 0x0,
    0x9f, 0xff, 0x0, 0x0, 0xff, 0xf9, 0xd, 0xff,
    0xc6, 0x0, 0x9f, 0xff, 0x0, 0x0, 0xff, 0xf9,
    0x5f, 0xff, 0x20, 0x0, 0x9f, 0xff, 0x0, 0x2,
    0xff, 0xf9, 0x6f, 0xff, 0x10, 0x0, 0x8f, 0xff,
    0x10, 0x8, 0xff, 0xf9, 0x6f, 0xff, 0x10, 0x0,
    0x7f, 0xff, 0xb4, 0x7f, 0xff, 0xf9, 0x5f, 0xff,
    0xc8, 0x0, 0x4f, 0xff, 0xff, 0xff, 0xff, 0xf9,
    0x1e, 0xff, 0xff, 0x0, 0xc, 0xff, 0xff, 0xf8,
    0xef, 0xf9, 0x3, 0xbf, 0xff, 0x20, 0x1, 0x9e,
    0xfd, 0x60, 0xff, 0xf8, 0x0, 0x0, 0x0, 0x0,
    0x0, 0x0, 0x0, 0x4, 0xff, 0xf5, 0x0, 0x0,
    0x0, 0x0, 0xc, 0x82, 0x1, 0x5e, 0xff, 0xf1,
    0x0, 0x0, 0x0, 0x0, 0xd, 0xff, 0xff, 0xff,
    0xff, 0x90, 0x0, 0x0, 0x0, 0x0, 0xd, 0xff,
    0xff, 0xff, 0xfb, 0x0, 0x0, 0x0, 0x0, 0x0,
    0x3, 0x9d, 0xef, 0xeb, 0x50, 0x0,

    /* U+0E0E "ฎ" */
    0x0, 0x0, 0x6b, 0xef, 0xfc, 0x81, 0x0, 0x0,
    0x2d, 0xff, 0xff, 0xff, 0xfe, 0x30, 0x0, 0xdf,
    0xff, 0xff, 0xff, 0xff, 0xe0, 0x3, 0xff, 0xfd,
    0x30, 0x2c, 0xff, 0xf5, 0x5, 0xff, 0xf7, 0x0,
    0x2, 0xff, 0xf8, 0x1, 0x7d, 0xff, 0xc2, 0x0,
    0xff, 0xf9, 0x0, 0x7, 0xff, 0xf3, 0x0, 0xff,
    0xf9, 0x0, 0x6f, 0xff, 0x70, 0x0, 0xff, 0xf9,
    0x0, 0xbf, 0xfd, 0x0, 0x0, 0xff, 0xf9, 0x0,
    0xcf, 0xfc, 0x0, 0x0, 0xff, 0xf9, 0x0, 0xcf,
    0xfc, 0x0, 0x0, 0xff, 0xf9, 0x18, 0xff, 0xfb,
    0x0, 0x0, 0xff, 0xf9, 0x5f, 0xff, 0xf7, 0x0,
    0x0, 0xff, 0xf9, 0x4d, 0xfe, 0x80, 0x0, 0x0,
    0xff, 0xf9, 0x0, 0x0, 0x0, 0x0, 0x0, 0xff,
    0xf9, 0x0, 0x4, 0xbe, 0xfd, 0x92, 0xff, 0xf9,
    0x0, 0x4f, 0xff, 0xff, 0xff, 0xff, 0xf9, 0x0,
    0xaf, 0xff, 0xfe, 0xff, 0xff, 0xf9, 0x0, 0xcf,
    0xfb, 0x0, 0x16, 0xef, 0xf9,

    /* U+0E0F "ฏ" */
    0x0, 0x0, 0x6b, 0xef, 0xfc, 0x81, 0x0, 0x0,
    0x2d, 0xff, 0xff, 0xff, 0xfe, 0x30, 0x0, 0xdf,
    0xff, 0xff, 0xff, 0xff, 0xe0, 0x3, 0xff, 0xfd,
    0x30, 0x2c, 0xff, 0xf5, 0x5, 0xff, 0xf7, 0x0,
    0x2, 0xff, 0xf8, 0x1, 0x7d, 0xff, 0xc2, 0x0,
    0xff, 0xf9, 0x0, 0x7, 0xff, 0xf3, 0x0, 0xff,
    0xf9, 0x0, 0x6f, 0xff, 0x70, 0x0, 0xff, 0xf9,
    0x0, 0xbf, 0xfd, 0x0, 0x0, 0xff, 0xf9, 0x0,
    0xcf, 0xfc, 0x0, 0x0, 0xff, 0xf9, 0x0, 0xcf,
    0xfc, 0x0, 0x0, 0xff, 0xf9, 0x18, 0xff, 0xfb,
    0x0, 0x0, 0xff, 0xf9, 0x5f, 0xff, 0xf7, 0x0,
    0x0, 0xff, 0xf9, 0x4d, 0xfe, 0x80, 0x0, 0x0,
    0xff, 0xf9, 0x0, 0x0, 0x0, 0x0, 0x0, 0xff,
    0xf9, 0x0, 0x4d, 0xfd, 0x50, 0x72, 0xff, 0xf9,
    0x2, 0xff, 0xff, 0xfb, 0xff, 0xff, 0xf9, 0x6,
    0xff, 0xfe, 0xff, 0xff, 0xff, 0xf9, 0x8, 0xff,
    0x70, 0x8f, 0x44, 0xef, 0xf9,

    /* U+0E10 "ฐ" */
    0x0, 0x0, 0x0, 0x0, 0x1, 0xff, 0xf1, 0x2,
    0x8c, 0xef, 0xed, 0x89, 0xff, 0xd0, 0xf, 0xff,
    0xff, 0xff, 0xff, 0xff, 0x50, 0xf, 0xff, 0xff,
    0xff, 0xff, 0xf6, 0x0, 0xd, 0x62, 0x0, 0x3b,
    0xff, 0xf8, 0x0, 0x0, 0x0, 0x0, 0x0, 0xcf,
    0xff, 0x0, 0x2, 0x44, 0x44, 0x0, 0x7f, 0xff,
    0x30, 0x9, 0xff, 0xff, 0x0, 0x5f, 0xff, 0x50,
    0x9, 0xff, 0xff, 0x0, 0x4f, 0xff, 0x50, 0x0,
    0x3f, 0xff, 0x0, 0x6f, 0xff, 0x40, 0x0, 0x3f,
    0xff, 0x0, 0xaf, 0xff, 0x10, 0x0, 0x3f, 0xff,
    0x5, 0xff, 0xfd, 0x0, 0x0, 0x3f, 0xff, 0xef,
    0xff, 0xf5, 0x0, 0x0, 0x3f, 0xff, 0xff, 0xff,
    0x80, 0x0, 0x0, 0x3f, 0xff, 0xfd, 0xa3, 0x0,
    0x0, 0x0, 0x0, 0x0, 0x0, 0x5, 0x77, 0x10,
    0x1, 0xaf, 0xe6, 0x6, 0x2b, 0xff, 0x30, 0xa,
    0xff, 0xff, 0xaf, 0xfe, 0xff, 0x30, 0xe, 0xff,
    0xdf, 0xff, 0xff, 0xff, 0x30, 0xf, 0xfc, 0x4,
    0xf3, 0x7f, 0xff, 0x30,

    /* U+0E11 "ฑ" */
    0xf, 0xf7, 0xd, 0xf1, 0x4c, 0xfe, 0x80, 0xf,
    0xfc, 0x8f, 0xf6, 0xff, 0xff, 0xf7, 0xa, 0xff,
    0xff, 0xff, 0xff, 0xff, 0xfc, 0x0, 0x56, 0xff,
    0xfe, 0x43, 0xff, 0xfe, 0x0, 0xa, 0xff, 0xf2,
    0x0, 0xbf, 0xfe, 0x0, 0x5f, 0xff, 0x70, 0x0,
    0xbf, 0xfe, 0x0, 0xcf, 0xfe, 0x0, 0x0, 0xbf,
    0xfe, 0x0, 0xef, 0xfb, 0x0, 0x0, 0xbf, 0xfe,
    0x0, 0xff, 0xf9, 0x0, 0x0, 0xbf, 0xfe, 0x0,
    0xff, 0xf9, 0x0, 0x0, 0xbf, 0xfe, 0x0, 0xff,
    0xf9, 0x0, 0x0, 0xbf, 0xfe, 0x0, 0xff, 0xf9,
    0x0, 0x0, 0xbf, 0xfe, 0x0, 0xff, 0xf9, 0x0,
    0x0, 0xbf, 0xfe, 0x0, 0xff, 0xf9, 0x0, 0x0,
    0xbf, 0xfe,

    /* U+0E12 "ฒ" */
    0x0, 0x8e, 0xfb, 0x16, 0xdf, 0xd4, 0x0, 0x0,
    0x6f, 0xff, 0x30, 0x9f, 0xff, 0xfd, 0xff, 0xff,
    0xf2, 0x0, 0x6, 0xff, 0xf3, 0x2f, 0xff, 0xff,
    0xff, 0xff, 0xff, 0x70, 0x0, 0x6f, 0xff, 0x36,
    0xff, 0xf6, 0x4f, 0x91, 0xff, 0xf9, 0x0, 0x6,
    0xff, 0xf3, 0x9f, 0xff, 0x0, 0x20, 0xe, 0xff,
    0xa0, 0x0, 0x6f, 0xff, 0x3b, 0xff, 0xe0, 0x0,
    0x0, 0xef, 0xfa, 0x0, 0x6, 0xff, 0xf3, 0xbf,
    0xfd, 0x0, 0x0, 0xe, 0xff, 0xa0, 0x0, 0x6f,
    0xff, 0x3b, 0xff, 0xd0, 0x0, 0x0, 0xef, 0xfa,
    0x0, 0x6, 0xff, 0xf3, 0xaf, 0xff, 0x0, 0x0,
    0xe, 0xff, 0xb0, 0x0, 0x6f, 0xff, 0x38, 0xff,
    0xf2, 0x0, 0x0, 0xef, 0xff, 0x10, 0x9, 0xff,
    0xf2, 0x4f, 0xff, 0xa0, 0x0, 0xe, 0xff, 0xfd,
    0x56, 0xff, 0xff, 0x10, 0xdf, 0xff, 0xee, 0x20,
    0xef, 0xfe, 0xff, 0xff, 0xff, 0xe0, 0x3, 0xff,
    0xff, 0xf4, 0xe, 0xff, 0x2e, 0xff, 0xff, 0xf6,
    0x0, 0x2, 0xad, 0xff, 0x50, 0xef, 0xe0, 0x2a,
    0xef, 0xd6, 0x0,

    /* U+0E13 "ณ" */
    0x0, 0x28, 0xdf, 0xfe, 0xb5, 0x0, 0x0, 0x0,
    0xff, 0xf9, 0x5, 0xff, 0xff, 0xff, 0xff, 0xa0,
    0x0, 0x0, 0xff, 0xf9, 0x2f, 0xff, 0xff, 0xff,
    0xff, 0xf6, 0x0, 0x0, 0xff, 0xf9, 0x8f, 0xff,
    0x90, 0x5, 0xff, 0xfc, 0x0, 0x0, 0xff, 0xf9,
    0xaf, 0xff, 0x40, 0x0, 0xaf, 0xfe, 0x0, 0x0,
    0xff, 0xf9, 0x28, 0xdf, 0xfb, 0x0, 0x9f, 0xff,
    0x0, 0x0, 0xff, 0xf9, 0x2, 0xbf, 0xff, 0x0,
    0x9f, 0xff, 0x0, 0x0, 0xff, 0xf9, 0x1e, 0xff,
    0xa2, 0x0, 0x9f, 0xff, 0x0, 0x0, 0xff, 0xf9,
    0x5f, 0xff, 0x20, 0x0, 0x9f, 0xff, 0x0, 0x2,
    0xff, 0xf9, 0x6f, 0xff, 0x10, 0x0, 0x8f, 0xff,
    0x10, 0x7, 0xff, 0xf9, 0x6f, 0xff, 0x10, 0x0,
    0x8f, 0xff, 0xb4, 0x7f, 0xff, 0xf9, 0x5f, 0xff,
    0xc9, 0x0, 0x4f, 0xff, 0xff, 0xff, 0xdf, 0xf9,
    0x1e, 0xff, 0xff, 0x0, 0xd, 0xff, 0xff, 0xfa,
    0x7f, 0xf9, 0x3, 0xbf, 0xfd, 0x10, 0x1, 0xae,
    0xfd, 0x70, 0x4f, 0xf9,

    /* U+0E14 "ด" */
    0x0, 0x7, 0xce, 0xfe, 0xd8, 0x20, 0x0, 0x2e,
    0xff, 0xff, 0xff, 0xff, 0x40, 0xd, 0xff, 0xff,
    0xff, 0xff, 0xfe, 0x4, 0xff, 0xfd, 0x30, 0x2c,
    0xff, 0xf5, 0x8f, 0xff, 0x30, 0x0, 0x3f, 0xff,
    0x7b, 0xff, 0xe0, 0x0, 0x1, 0xff, 0xf8, 0xcf,
    0xfd, 0x0, 0x0, 0x1f, 0xff, 0x8d, 0xff, 0xd0,
    0x0, 0x1, 0xff, 0xf8, 0xcf, 0xfe, 0x0, 0x0,
    0x1f, 0xff, 0x89, 0xff, 0xf2, 0x0, 0x1, 0xff,
    0xf8, 0x6f, 0xff, 0xb1, 0x0, 0x1f, 0xff, 0x80,
    0xef, 0xff, 0xff, 0x11, 0xff, 0xf8, 0x5, 0xff,
    0xff, 0xf3, 0x1f, 0xff, 0x80, 0x3, 0xae, 0xff,
    0x41, 0xff, 0xf8,

    /* U+0E15 "ต" */
    0x0, 0x8e, 0xfc, 0x24, 0xcf, 0xd8, 0x0, 0x9,
    0xff, 0xff, 0xde, 0xff, 0xff, 0x70, 0x2f, 0xff,
    0xff, 0xff, 0xff, 0xff, 0xd0, 0x6f, 0xff, 0x72,
    0xfc, 0xc, 0xff, 0xf0, 0x9f, 0xff, 0x10, 0x21,
    0x9, 0xff, 0xf0, 0xbf, 0xff, 0x0, 0x0, 0x9,
    0xff, 0xf0, 0xbf, 0xfe, 0x0, 0x0, 0x9, 0xff,
    0xf0, 0xbf, 0xfe, 0x0, 0x0, 0x9, 0xff, 0xf0,
    0xaf, 0xff, 0x0, 0x0, 0x9, 0xff, 0xf0, 0x8f,
    0xff, 0x30, 0x0, 0x9, 0xff, 0xf0, 0x4f, 0xff,
    0xb0, 0x0, 0x9, 0xff, 0xf0, 0xd, 0xff, 0xff,
    0xe3, 0x9, 0xff, 0xf0, 0x3, 0xff, 0xff, 0xf5,
    0x9, 0xff, 0xf0, 0x0, 0x29, 0xdf, 0xf7, 0x9,
    0xff, 0xf0,

    /* U+0E16 "ถ" */
    0x0, 0x18, 0xce, 0xfe, 0xb6, 0x0, 0x0, 0x4f,
    0xff, 0xff, 0xff, 0xfc, 0x10, 0x2f, 0xff, 0xff,
    0xff, 0xff, 0xfa, 0x8, 0xff, 0xfa, 0x10, 0x4e,
    0xff, 0xf1, 0xaf, 0xff, 0x30, 0x0, 0x7f, 0xff,
    0x32, 0x8d, 0xff, 0xa0, 0x4, 0xff, 0xf4, 0x2,
    0xbf, 0xff, 0x0, 0x4f, 0xff, 0x50, 0xef, 0xfa,
    0x30, 0x4, 0xff, 0xf5, 0x5f, 0xff, 0x10, 0x0,
    0x4f, 0xff, 0x56, 0xff, 0xf1, 0x0, 0x4, 0xff,
    0xf5, 0x6f, 0xff, 0x10, 0x0, 0x4f, 0xff, 0x55,
    0xff, 0xfc, 0x90, 0x4, 0xff, 0xf5, 0x1e, 0xff,
    0xff, 0x0, 0x4f, 0xff, 0x50, 0x3b, 0xff, 0xd1,
    0x4, 0xff, 0xf5,

    /* U+0E17 "ท" */
    0x2f, 0xf9, 0x3, 0xbe, 0xfd, 0x80, 0x2, 0xff,
    0xc4, 0xff, 0xff, 0xff, 0xb0, 0x2f, 0xff, 0xef,
    0xff, 0xff, 0xff, 0x52, 0xff, 0xff, 0xd5, 0x5c,
    0xff, 0xf9, 0x2f, 0xff, 0xf1, 0x0, 0x1f, 0xff,
    0xb2, 0xff, 0xfa, 0x0, 0x0, 0xdf, 0xfc, 0x2f,
    0xff, 0x80, 0x0, 0xd, 0xff, 0xc2, 0xff, 0xf7,
    0x0, 0x0, 0xdf, 0xfc, 0x2f, 0xff, 0x70, 0x0,
    0xd, 0xff, 0xc2, 0xff, 0xf7, 0x0, 0x0, 0xdf,
    0xfc, 0x2f, 0xff, 0x70, 0x0, 0xd, 0xff, 0xc2,
    0xff, 0xf7, 0x0, 0x0, 0xdf, 0xfc, 0x2f, 0xff,
    0x70, 0x0, 0xd, 0xff, 0xc2, 0xff, 0xf7, 0x0,
    0x0, 0xdf, 0xfc,

    /* U+0E18 "ธ" */
    0x1, 0x7c, 0xef, 0xfe, 0xc8, 0x20, 0x2e, 0xff,
    0xff, 0xff, 0xff, 0x70, 0xaf, 0xff, 0xec, 0xde,
    0xff, 0x70, 0xcf, 0xfe, 0x0, 0x0, 0x15, 0x40,
    0xbf, 0xff, 0xc7, 0x20, 0x0, 0x0, 0x4f, 0xff,
    0xff, 0xfd, 0x71, 0x0, 0x2, 0xaf, 0xff, 0xff,
    0xfe, 0x40, 0x13, 0x32, 0x59, 0xdf, 0xff, 0xe0,
    0x6f, 0xfb, 0x0, 0x6, 0xff, 0xf5, 0x6f, 0xfb,
    0x0, 0x0, 0xff, 0xf7, 0x6f, 0xfb, 0x0, 0x3,
    0xff, 0xf6, 0x6f, 0xff, 0xca, 0xbf, 0xff, 0xf1,
    0x6f, 0xff, 0xff, 0xff, 0xff, 0x60, 0x5, 0x9c,
    0xef, 0xfd, 0xa3, 0x0,

    /* U+0E19 "น" */
    0x5f, 0xff, 0x40, 0x0, 0xf, 0xff, 0x95, 0xff,
    0xf4, 0x0, 0x0, 0xff, 0xf9, 0x5f, 0xff, 0x40,
    0x0, 0xf, 0xff, 0x95, 0xff, 0xf4, 0x0, 0x0,
    0xff, 0xf9, 0x5f, 0xff, 0x40, 0x0, 0xf, 0xff,
    0x95, 0xff, 0xf4, 0x0, 0x0, 0xff, 0xf9, 0x5f,
    0xff, 0x40, 0x0, 0xf, 0xff, 0x95, 0xff, 0xf4,
    0x0, 0x0, 0xff, 0xf9, 0x4f, 0xff, 0x50, 0x0,
    0x3f, 0xff, 0x94, 0xff, 0xf8, 0x0, 0x9, 0xff,
    0xf9, 0x2f, 0xff, 0xf7, 0x48, 0xff, 0xff, 0x90,
    0xdf, 0xff, 0xff, 0xff, 0xdf, 0xf9, 0x4, 0xff,
    0xff, 0xff, 0xa5, 0xff, 0x90, 0x3, 0xbf, 0xfd,
    0x70, 0x3f, 0xf9,

    /* U+0E1A "บ" */
    0x5f, 0xff, 0x40, 0x0, 0x1f, 0xff, 0x85, 0xff,
    0xf4, 0x0, 0x1, 0xff, 0xf8, 0x5f, 0xff, 0x40,
    0x0, 0x1f, 0xff, 0x85, 0xff, 0xf4, 0x0, 0x1,
    0xff, 0xf8, 0x5f, 0xff, 0x40, 0x0, 0x1f, 0xff,
    0x85, 0xff, 0xf4, 0x0, 0x1, 0xff, 0xf8, 0x5f,
    0xff, 0x40, 0x0, 0x1f, 0xff, 0x85, 0xff, 0xf4,
    0x0, 0x1, 0xff, 0xf8, 0x4f, 0xff, 0x40, 0x0,
    0x1f, 0xff, 0x83, 0xff, 0xf7, 0x0, 0x4, 0xff,
    0xf6, 0xf, 0xff, 0xe4, 0x2, 0xcf, 0xff, 0x30,
    0x9f, 0xff, 0xff, 0xff, 0xff, 0xc0, 0x0, 0xcf,
    0xff, 0xff, 0xff, 0xe2, 0x0, 0x0, 0x6c, 0xef,
    0xfc, 0x81, 0x0,

    /* U+0E1B "ป" */
    0x0, 0x0, 0x0, 0x0, 0x1f, 0xff, 0x80, 0x0,
    0x0, 0x0, 0x1, 0xff, 0xf8, 0x0, 0x0, 0x0,
    0x0, 0x1f, 0xff, 0x80, 0x0, 0x0, 0x0, 0x1,
    0xff, 0xf8, 0x0, 0x0, 0x0, 0x0, 0x1f, 0xff,
    0x85, 0xff, 0xf4, 0x0, 0x1, 0xff, 0xf8, 0x5f,
    0xff, 0x40, 0x0, 0x1f, 0xff, 0x85, 0xff, 0xf4,
    0x0, 0x1, 0xff, 0xf8, 0x5f, 0xff, 0x40, 0x0,
    0x1f, 0xff, 0x85, 0xff, 0xf4, 0x0, 0x1, 0xff,
    0xf8, 0x5f, 0xff, 0x40, 0x0, 0x1f, 0xff, 0x85,
    0xff, 0xf4, 0x0, 0x1, 0xff, 0xf8, 0x5f, 0xff,
    0x40, 0x0, 0x1f, 0xff, 0x84, 0xff, 0xf4, 0x0,
    0x1, 0xff, 0xf8, 0x3f, 0xff, 0x70, 0x0, 0x4f,
    0xff, 0x60, 0xff, 0xfe, 0x40, 0x2c, 0xff, 0xf3,
    0x9, 0xff, 0xff, 0xff, 0xff, 0xfc, 0x0, 0xc,
    0xff, 0xff, 0xff, 0xfe, 0x20, 0x0, 0x6, 0xce,
    0xff, 0xc8, 0x10, 0x0,

    /* U+0E1C "ผ" */
    0x2, 0xbf, 0xfe, 0x10, 0x0, 0xef, 0xf7, 0xd,
    0xff, 0xfe, 0x0, 0x0, 0xef, 0xf7, 0x1f, 0xff,
    0xea, 0x0, 0x0, 0xef, 0xf7, 0x3f, 0xff, 0x30,
    0x0, 0x0, 0xef, 0xf7, 0x3f, 0xff, 0x20, 0x0,
    0x0, 0xef, 0xf7, 0x3f, 0xff, 0x20, 0xdf, 0x20,
    0xef, 0xf7, 0x3f, 0xff, 0x25, 0xff, 0xa0, 0xef,
    0xf7, 0x3f, 0xff, 0x2d, 0xff, 0xf2, 0xdf, 0xf7,
    0x3f, 0xff, 0x6f, 0xfd, 0xfa, 0xcf, 0xf7, 0x3f,
    0xff, 0xdf, 0x94, 0xff, 0xdf, 0xf7, 0x3f, 0xff,
    0xff, 0x10, 0xcf, 0xff, 0xf7, 0x3f, 0xff, 0xf8,
    0x0, 0x4f, 0xff, 0xf7, 0x3f, 0xff, 0xf1, 0x0,
    0xb, 0xff, 0xf7, 0x3f, 0xff, 0x70, 0x0, 0x3,
    0xff, 0xf7,

    /* U+0E1D "ฝ" */
    0x0, 0x0, 0x0, 0x0, 0x0, 0xef, 0xf7, 0x0,
    0x0, 0x0, 0x0, 0x0, 0xef, 0xf7, 0x0, 0x0,
    0x0, 0x0, 0x0, 0xef, 0xf7, 0x0, 0x0, 0x0,
    0x0, 0x0, 0xef, 0xf7, 0x0, 0x0, 0x0, 0x0,
    0x0, 0xef, 0xf7, 0x2, 0xbf, 0xfc, 0x0, 0x0,
    0xef, 0xf7, 0xd, 0xff, 0xff, 0x0, 0x0, 0xef,
    0xf7, 0x1f, 0xff, 0xea, 0x0, 0x0, 0xef, 0xf7,
    0x3f, 0xff, 0x30, 0x0, 0x0, 0xef, 0xf7, 0x3f,
    0xff, 0x20, 0x0, 0x0, 0xef, 0xf7, 0x3f, 0xff,
    0x20, 0xdf, 0x20, 0xef, 0xf7, 0x3f, 0xff, 0x25,
    0xff, 0xa0, 0xef, 0xf7, 0x3f, 0xff, 0x2d, 0xff,
    0xf2, 0xdf, 0xf7, 0x3f, 0xff, 0x6f, 0xfd, 0xfa,
    0xcf, 0xf7, 0x3f, 0xff, 0xdf, 0x94, 0xff, 0xdf,
    0xf7, 0x3f, 0xff, 0xff, 0x10, 0xcf, 0xff, 0xf7,
    0x3f, 0xff, 0xf8, 0x0, 0x4f, 0xff, 0xf7, 0x3f,
    0xff, 0xf1, 0x0, 0xb, 0xff, 0xf7, 0x3f, 0xff,
    0x70, 0x0, 0x3, 0xff, 0xf7,

    /* U+0E1E "พ" */
    0x2f, 0xff, 0x50, 0x8, 0xfe, 0x0, 0xd, 0xff,
    0x90, 0xff, 0xf7, 0x0, 0xcf, 0xf3, 0x0, 0xff,
    0xf7, 0xd, 0xff, 0x90, 0xf, 0xff, 0x70, 0x1f,
    0xff, 0x40, 0xaf, 0xfb, 0x4, 0xff, 0xfb, 0x4,
    0xff, 0xf2, 0x8, 0xff, 0xd0, 0x9f, 0xff, 0xf0,
    0x6f, 0xff, 0x0, 0x5f, 0xff, 0xd, 0xfa, 0xff,
    0x48, 0xff, 0xd0, 0x3, 0xff, 0xf2, 0xff, 0x6f,
    0xf8, 0xaf, 0xfa, 0x0, 0xf, 0xff, 0x7f, 0xf2,
    0xcf, 0xbb, 0xff, 0x70, 0x0, 0xdf, 0xfc, 0xfe,
    0x8, 0xff, 0xcf, 0xf5, 0x0, 0xb, 0xff, 0xff,
    0xa0, 0x4f, 0xff, 0xff, 0x20, 0x0, 0x8f, 0xff,
    0xf6, 0x0, 0xff, 0xff, 0xf0, 0x0, 0x6, 0xff,
    0xff, 0x10, 0xb, 0xff, 0xfd, 0x0, 0x0, 0x3f,
    0xff, 0xd0, 0x0, 0x7f, 0xff, 0xb0, 0x0, 0x0,
    0xff, 0xf9, 0x0, 0x3, 0xff, 0xf8, 0x0,

    /* U+0E1F "ฟ" */
    0x0, 0x0, 0x0, 0x0, 0x0, 0x0, 0x7, 0xff,
    0xf0, 0x0, 0x0, 0x0, 0x0, 0x0, 0x0, 0x9,
    0xff, 0xd0, 0x0, 0x0, 0x0, 0x0, 0x0, 0x0,
    0xb, 0xff, 0xb0, 0x0, 0x0, 0x0, 0x0, 0x0,
    0x0, 0xc, 0xff, 0x80, 0x0, 0x0, 0x0, 0x0,
    0x0, 0x0, 0xe, 0xff, 0x60, 0x2f, 0xff, 0x40,
    0x8, 0xfe, 0x0, 0xf, 0xff, 0x40, 0xf, 0xff,
    0x60, 0xc, 0xff, 0x20, 0x2f, 0xff, 0x20, 0xd,
    0xff, 0x80, 0x1f, 0xff, 0x70, 0x4f, 0xff, 0x0,
    0xb, 0xff, 0xa0, 0x5f, 0xff, 0xb0, 0x5f, 0xfd,
    0x0, 0x8, 0xff, 0xc0, 0x9f, 0xff, 0xf0, 0x7f,
    0xfb, 0x0, 0x6, 0xff, 0xe0, 0xdf, 0xaf, 0xf3,
    0x9f, 0xf9, 0x0, 0x3, 0xff, 0xf1, 0xff, 0x6f,
    0xf7, 0xaf, 0xf7, 0x0, 0x1, 0xff, 0xf6, 0xff,
    0x2c, 0xfb, 0xbf, 0xf4, 0x0, 0x0, 0xef, 0xfb,
    0xfe, 0x9, 0xfe, 0xdf, 0xf2, 0x0, 0x0, 0xbf,
    0xff, 0xf9, 0x5, 0xff, 0xff, 0xf0, 0x0, 0x0,
    0x9f, 0xff, 0xf5, 0x1, 0xff, 0xff, 0xe0, 0x0,
    0x0, 0x6f, 0xff, 0xf1, 0x0, 0xcf, 0xff, 0xc0,
    0x0, 0x0, 0x4f, 0xff, 0xc0, 0x0, 0x8f, 0xff,
    0x90, 0x0, 0x0, 0x1f, 0xff, 0x80, 0x0, 0x4f,
    0xff, 0x70, 0x0,

    /* U+0E20 "ภ" */
    0x0, 0x0, 0x7c, 0xef, 0xfc, 0x81, 0x0, 0x0,
    0x2d, 0xff, 0xff, 0xff, 0xfe, 0x30, 0x0, 0xdf,
    0xff, 0xff, 0xff, 0xff, 0xe0, 0x3, 0xff, 0xfd,
    0x30, 0x2c, 0xff, 0xf5, 0x6, 0xff, 0xf8, 0x0,
    0x2, 0xff, 0xf8, 0x0, 0x6c, 0xff, 0xd3, 0x0,
    0xff, 0xf9, 0x0, 0x8, 0xff, 0xf3, 0x0, 0xff,
    0xf9, 0x0, 0x7f, 0xff, 0x50, 0x0, 0xff, 0xf9,
    0x0, 0xbf, 0xfd, 0x0, 0x0, 0xff, 0xf9, 0x0,
    0xcf, 0xfc, 0x0, 0x0, 0xff, 0xf9, 0x0, 0xcf,
    0xfc, 0x0, 0x0, 0xff, 0xf9, 0x19, 0xff, 0xfb,
    0x0, 0x0, 0xff, 0xf9, 0x4f, 0xff, 0xf7, 0x0,
    0x0, 0xff, 0xf9, 0x5e, 0xfe, 0x80, 0x0, 0x0,
    0xff, 0xf9,

    /* U+0E21 "ม" */
    0x1f, 0xff, 0x80, 0x0, 0xc, 0xff, 0xd1, 0xff,
    0xf8, 0x0, 0x0, 0xcf, 0xfd, 0x1f, 0xff, 0x80,
    0x0, 0xc, 0xff, 0xd1, 0xff, 0xf8, 0x0, 0x0,
    0xcf, 0xfd, 0x1f, 0xff, 0x80, 0x0, 0xc, 0xff,
    0xd1, 0xff, 0xf8, 0x0, 0x0, 0xcf, 0xfd, 0x1f,
    0xff, 0x80, 0x0, 0xc, 0xff, 0xd1, 0xff, 0xf8,
    0x0, 0x0, 0xcf, 0xfd, 0x1f, 0xff, 0xb0, 0x0,
    0xd, 0xff, 0xd1, 0xff, 0xff, 0x10, 0x1, 0xff,
    0xfc, 0x1f, 0xff, 0xfd, 0x54, 0xbf, 0xff, 0xa1,
    0xff, 0xfe, 0xff, 0xff, 0xff, 0xf6, 0x1f, 0xfd,
    0x4f, 0xff, 0xff, 0xfc, 0x1, 0xff, 0xb0, 0x3a,
    0xef, 0xe9, 0x0,

    /* U+0E22 "ย" */
    0x2, 0xae, 0xfe, 0xc0, 0x5f, 0xff, 0x42, 0xff,
    0xff, 0xfd, 0x5, 0xff, 0xf4, 0x9f, 0xff, 0xec,
    0x80, 0x5f, 0xff, 0x4a, 0xff, 0xf0, 0x0, 0x5,
    0xff, 0xf4, 0x5f, 0xff, 0x51, 0x0, 0x5f, 0xff,
    0x40, 0x6e, 0xff, 0xf8, 0x5, 0xff, 0xf4, 0x6,
    0xef, 0xff, 0x80, 0x5f, 0xff, 0x43, 0xff, 0xfc,
    0x62, 0x5, 0xff, 0xf4, 0x9f, 0xff, 0x10, 0x0,
    0x5f, 0xff, 0x3a, 0xff, 0xf1, 0x0, 0x6, 0xff,
    0xf3, 0x9f, 0xff, 0x80, 0x1, 0xdf, 0xff, 0x13,
    0xff, 0xff, 0xfe, 0xff, 0xff, 0xb0, 0x8, 0xff,
    0xff, 0xff, 0xff, 0xe2, 0x0, 0x4, 0xad, 0xff,
    0xec, 0x71, 0x0,

    /* U+0E23 "ร" */
    0x0, 0x6, 0xce, 0xff, 0xda, 0x30, 0x1, 0xdf,
    0xff, 0xff, 0xff, 0xb0, 0x9, 0xff, 0xff, 0xee,
    0xff, 0xb0, 0xc, 0xff, 0xe1, 0x0, 0x15, 0x60,
    0xc, 0xff, 0xf4, 0x0, 0x0, 0x0, 0x7, 0xff,
    0xff, 0xd7, 0x10, 0x0, 0x0, 0xbf, 0xff, 0xff,
    0xf9, 0x0, 0x0, 0x5, 0xdf, 0xff, 0xff, 0xc0,
    0x0, 0x0, 0x3, 0x9f, 0xff, 0xf5, 0x0, 0x0,
    0x0, 0x3, 0xff, 0xf8, 0x6, 0xd7, 0x20, 0x5,
    0xff, 0xf8, 0xc, 0xff, 0xff, 0xff, 0xff, 0xf3,
    0xf, 0xff, 0xff, 0xff, 0xff, 0x90, 0x1, 0x6b,
    0xdf, 0xfe, 0xb5, 0x0,

    /* U+0E24 "ฤ" */
    0x0, 0x18, 0xce, 0xfe, 0xb6, 0x0, 0x0, 0x4f,
    0xff, 0xff, 0xff, 0xfc, 0x10, 0x2f, 0xff, 0xff,
    0xff, 0xff, 0xfa, 0x8, 0xff, 0xfa, 0x10, 0x4e,
    0xff, 0xf1, 0xaf, 0xff, 0x30, 0x0, 0x7f, 0xff,
    0x42, 0x8d, 0xff, 0xa0, 0x4, 0xff, 0xf4, 0x2,
    0xbf, 0xff, 0x0, 0x4f, 0xff, 0x50, 0xef, 0xfa,
    0x30, 0x4, 0xff, 0xf5, 0x5f, 0xff, 0x10, 0x0,
    0x4f, 0xff, 0x56, 0xff, 0xf1, 0x0, 0x4, 0xff,
    0xf5, 0x6f, 0xff, 0x10, 0x0, 0x4f, 0xff, 0x55,
    0xff, 0xfc, 0x90, 0x4, 0xff, 0xf5, 0x1e, 0xff,
    0xff, 0x0, 0x4f, 0xff, 0x50, 0x3b, 0xff, 0xc1,
    0x4, 0xff, 0xf5, 0x0, 0x0, 0x0, 0x0, 0x4f,
    0xff, 0x50, 0x0, 0x0, 0x0, 0x4, 0xff, 0xf5,
    0x0, 0x0, 0x0, 0x0, 0x4f, 0xff, 0x50, 0x0,
    0x0, 0x0, 0x4, 0xff, 0xf5, 0x0, 0x0, 0x0,
    0x0, 0x4f, 0xff, 0x50,

    /* U+0E25 "ล" */
    0x0, 0x16, 0xbe, 0xff, 0xd9, 0x30, 0x0, 0xd,
    0xff, 0xff, 0xff, 0xff, 0x60, 0x0, 0xdf, 0xff,
    0xef, 0xff, 0xff, 0x20, 0xc, 0x82, 0x0, 0x7,
    0xff, 0xf7, 0x0, 0x0, 0x0, 0x0, 0xe, 0xff,
    0x90, 0x0, 0x0, 0x35, 0x67, 0xef, 0xfb, 0x0,
    0x1a, 0xff, 0xff, 0xff, 0xff, 0xb0, 0x2e, 0xff,
    0xff, 0xff, 0xff, 0xfb, 0xb, 0xff, 0xfa, 0x63,
    0x2d, 0xff, 0xb0, 0xff, 0xfa, 0x0, 0x0, 0xdf,
    0xfb, 0xf, 0xff, 0xa0, 0x0, 0xd, 0xff, 0xb0,
    0xdf, 0xff, 0xa8, 0x30, 0xdf, 0xfb, 0x5, 0xff,
    0xff, 0xf7, 0xd, 0xff, 0xb0, 0x4, 0xbe, 0xff,
    0x70, 0xdf, 0xfb,

    /* U+0E26 "ฦ" */
    0x0, 0x0, 0x7c, 0xef, 0xfc, 0x81, 0x0, 0x0,
    0x2d, 0xff, 0xff, 0xff, 0xfe, 0x30, 0x0, 0xdf,
    0xff, 0xff, 0xff, 0xff, 0xe0, 0x3, 0xff, 0xfd,
    0x30, 0x2c, 0xff, 0xf5, 0x6, 0xff, 0xf8, 0x0,
    0x2, 0xff, 0xf8, 0x0, 0x6c, 0xff, 0xd3, 0x0,
    0xff, 0xf9, 0x0, 0x8, 0xff, 0xf3, 0x0, 0xff,
    0xf9, 0x0, 0x7f, 0xff, 0x50, 0x0, 0xff, 0xf9,
    0x0, 0xbf, 0xfd, 0x0, 0x0, 0xff, 0xf9, 0x0,
    0xcf, 0xfc, 0x0, 0x0, 0xff, 0xf9, 0x0, 0xcf,
    0xfc, 0x0, 0x0, 0xff, 0xf9, 0x19, 0xff, 0xfb,
    0x0, 0x0, 0xff, 0xf9, 0x5f, 0xff, 0xf7, 0x0,
    0x0, 0xff, 0xf9, 0x3d, 0xfe, 0x80, 0x0, 0x0,
    0xff, 0xf9, 0x0, 0x0, 0x0, 0x0, 0x0, 0xff,
    0xf9, 0x0, 0x0, 0x0, 0x0, 0x0, 0xff, 0xf9,
    0x0, 0x0, 0x0, 0x0, 0x0, 0xff, 0xf9, 0x0,
    0x0, 0x0, 0x0, 0x0, 0xff, 0xf9, 0x0, 0x0,
    0x0, 0x0, 0x0, 0xff, 0xf9,

    /* U+0E27 "ว" */
    0x4, 0xad, 0xff, 0xd9, 0x20, 0x0, 0xc, 0xff,
    0xff, 0xff, 0xf5, 0x0, 0xc, 0xff, 0xff, 0xff,
    0xff, 0x20, 0x7, 0x41, 0x3, 0xcf, 0xff, 0x90,
    0x0, 0x0, 0x0, 0x1f, 0xff, 0xe0, 0x0, 0x0,
    0x0, 0xb, 0xff, 0xf0, 0x0, 0x0, 0x0, 0x9,
    0xff, 0xf2, 0x0, 0x0, 0x0, 0x9, 0xff, 0xf1,
    0x0, 0x0, 0x0, 0xb, 0xff, 0xf0, 0x0, 0x0,
    0x0, 0x1f, 0xff, 0xd0, 0x3, 0x72, 0x2, 0xcf,
    0xff, 0x80, 0xa, 0xff, 0xff, 0xff, 0xff, 0x10,
    0xf, 0xff, 0xff, 0xff, 0xf4, 0x0, 0x2, 0x9d,
    0xff, 0xd9, 0x20, 0x0,

    /* U+0E28 "ศ" */
    0x0, 0x0, 0x0, 0x0, 0x0, 0x29, 0x98, 0x0,
    0x6, 0xbe, 0xfe, 0xc7, 0xaf, 0xfc, 0x0, 0xbf,
    0xff, 0xff, 0xff, 0xff, 0xf4, 0x8, 0xff, 0xff,
    0xff, 0xff, 0xff, 0x50, 0xf, 0xff, 0xe4, 0x2,
    0xaf, 0xff, 0x70, 0x3f, 0xff, 0x70, 0x0, 0xf,
    0xff, 0xb0, 0x4f, 0xff, 0x40, 0x0, 0xc, 0xff,
    0xc0, 0x5f, 0xff, 0x47, 0xb9, 0xb, 0xff, 0xd0,
    0x5f, 0xff, 0xbf, 0xfb, 0xb, 0xff, 0xd0, 0x5f,
    0xff, 0xff, 0xfb, 0xb, 0xff, 0xd0, 0x5f, 0xff,
    0xf6, 0x10, 0xb, 0xff, 0xd0, 0x5f, 0xff, 0x90,
    0x0, 0xb, 0xff, 0xd0, 0x5f, 0xff, 0x50, 0x0,
    0xb, 0xff, 0xd0, 0x5f, 0xff, 0x40, 0x0, 0xb,
    0xff, 0xd0, 0x5f, 0xff, 0x40, 0x0, 0xb, 0xff,
    0xd0,

    /* U+0E29 "ษ" */
    0x5f, 0xff, 0x40, 0x0, 0xa, 0xff, 0xf0, 0x5,
    0xff, 0xf4, 0x0, 0x0, 0xaf, 0xff, 0x0, 0x5f,
    0xff, 0x40, 0x0, 0xa, 0xff, 0xf0, 0x5, 0xff,
    0xf4, 0x0, 0x0, 0xaf, 0xff, 0x0, 0x5f, 0xff,
    0x45, 0xe9, 0xa, 0xff, 0xf0, 0x5, 0xff, 0xf4,
    0x9f, 0xf1, 0xaf, 0xff, 0x0, 0x5f, 0xff, 0x47,
    0xff, 0xff, 0xff, 0xff, 0x55, 0xff, 0xf4, 0x1e,
    0xff, 0xff, 0xff, 0xf5, 0x4f, 0xff, 0x40, 0x15,
    0x7d, 0xff, 0xf7, 0x23, 0xff, 0xf7, 0x0, 0x0,
    0xcf, 0xfd, 0x0, 0xf, 0xff, 0xe4, 0x0, 0x6f,
    0xff, 0xa0, 0x0, 0x8f, 0xff, 0xff, 0xff, 0xff,
    0xf3, 0x0, 0x0, 0xcf, 0xff, 0xff, 0xff, 0xf7,
    0x0, 0x0, 0x0, 0x6b, 0xef, 0xfd, 0xa3, 0x0,
    0x0,

    /* U+0E2A "ส" */
    0x0, 0x0, 0x0, 0x0, 0x0, 0x49, 0x96, 0x0,
    0x16, 0xbe, 0xff, 0xd8, 0xdf, 0xf8, 0x0, 0xdf,
    0xff, 0xff, 0xff, 0xff, 0xe1, 0x0, 0xdf, 0xff,
    0xef, 0xff, 0xff, 0x30, 0x0, 0xc8, 0x20, 0x0,
    0x7f, 0xff, 0x70, 0x0, 0x0, 0x0, 0x0, 0xe,
    0xff, 0xa0, 0x0, 0x0, 0x3, 0x56, 0x7e, 0xff,
    0xb0, 0x0, 0x1a, 0xff, 0xff, 0xff, 0xff, 0xb0,
    0x2, 0xef, 0xff, 0xff, 0xff, 0xff, 0xb0, 0xb,
    0xff, 0xfa, 0x63, 0x2d, 0xff, 0xb0, 0xf, 0xff,
    0xa0, 0x0, 0xd, 0xff, 0xb0, 0xf, 0xff, 0xa0,
    0x0, 0xd, 0xff, 0xb0, 0xd, 0xff, 0xfa, 0x83,
    0xd, 0xff, 0xb0, 0x5, 0xff, 0xff, 0xf7, 0xd,
    0xff, 0xb0, 0x0, 0x4b, 0xef, 0xf7, 0xd, 0xff,
    0xb0,

    /* U+0E2B "ห" */
    0x1f, 0xff, 0x70, 0x0, 0xcf, 0xff, 0x41, 0xff,
    0xf7, 0x0, 0x8f, 0xff, 0x60, 0x1f, 0xff, 0x70,
    0x5f, 0xff, 0x90, 0x1, 0xff, 0xf7, 0x2f, 0xff,
    0xb0, 0x0, 0x1f, 0xff, 0x8d, 0xff, 0xfa, 0x30,
    0x1, 0xff, 0xff, 0xff, 0xff, 0xff, 0x60, 0x1f,
    0xff, 0xff, 0xff, 0xff, 0xff, 0x11, 0xff, 0xff,
    0xf5, 0x1b, 0xff, 0xf5, 0x1f, 0xff, 0xf7, 0x0,
    0x3f, 0xff, 0x71, 0xff, 0xfa, 0x0, 0x1, 0xff,
    0xf8, 0x1f, 0xff, 0x70, 0x0, 0x1f, 0xff, 0x81,
    0xff, 0xf7, 0x0, 0x1, 0xff, 0xf8, 0x1f, 0xff,
    0x70, 0x0, 0x1f, 0xff, 0x81, 0xff, 0xf7, 0x0,
    0x1, 0xff, 0xf8,

    /* U+0E2C "ฬ" */
    0x0, 0x0, 0x0, 0x0, 0x0, 0x0, 0x3, 0x88,
    0x80, 0x0, 0x0, 0x0, 0x0, 0x0, 0x0, 0xa,
    0xff, 0xf0, 0x0, 0x0, 0x0, 0x0, 0x7, 0x77,
    0xbf, 0xff, 0x80, 0x0, 0x0, 0x0, 0x0, 0x2f,
    0xff, 0xff, 0xd6, 0x0, 0x2f, 0xff, 0x50, 0x0,
    0x2f, 0xff, 0xff, 0xf5, 0x0, 0xf, 0xff, 0x70,
    0x0, 0x0, 0x3, 0xef, 0xfe, 0x0, 0xe, 0xff,
    0x80, 0x0, 0x0, 0x0, 0x8f, 0xff, 0x0, 0xc,
    0xff, 0xa0, 0xb, 0xfb, 0x0, 0x8f, 0xff, 0x0,
    0xa, 0xff, 0xc0, 0x1f, 0xff, 0x10, 0x9f, 0xfd,
    0x0, 0x8, 0xff, 0xd0, 0x6f, 0xff, 0x60, 0xcf,
    0xfa, 0x0, 0x5, 0xff, 0xf0, 0xbf, 0xcf, 0xb0,
    0xef, 0xf8, 0x0, 0x3, 0xff, 0xf1, 0xff, 0x6f,
    0xf1, 0xff, 0xf6, 0x0, 0x1, 0xff, 0xf7, 0xfe,
    0xf, 0xf6, 0xff, 0xf3, 0x0, 0x0, 0xff, 0xfc,
    0xfa, 0xa, 0xfc, 0xff, 0xf1, 0x0, 0x0, 0xdf,
    0xff, 0xf5, 0x6, 0xff, 0xff, 0xf0, 0x0, 0x0,
    0xaf, 0xff, 0xf0, 0x1, 0xff, 0xff, 0xc0, 0x0,
    0x0, 0x8f, 0xff, 0xb0, 0x0, 0xcf, 0xff, 0xa0,
    0x0, 0x0, 0x6f, 0xff, 0x60, 0x0, 0x7f, 0xff,
    0x70, 0x0,

    /* U+0E2D "อ" */
    0x4, 0x9c, 0xef, 0xec, 0x71, 0x0, 0x2, 0xff,
    0xff, 0xff, 0xff, 0xe3, 0x0, 0x2f, 0xff, 0xff,
    0xff, 0xff, 0xe0, 0x2, 0xb6, 0x20, 0x4, 0xdf,
    0xff, 0x80, 0x0, 0x0, 0x0, 0x1, 0xff, 0xfc,
    0x4, 0x66, 0x66, 0x60, 0xb, 0xff, 0xf0, 0xcf,
    0xff, 0xff, 0x10, 0x9f, 0xff, 0x1d, 0xff, 0xff,
    0xf1, 0x9, 0xff, 0xf1, 0xdf, 0xfb, 0x0, 0x0,
    0xaf, 0xff, 0xb, 0xff, 0xd0, 0x0, 0xd, 0xff,
    0xd0, 0x8f, 0xff, 0x40, 0x7, 0xff, 0xf8, 0x2,
    0xff, 0xff, 0xde, 0xff, 0xff, 0x20, 0x6, 0xff,
    0xff, 0xff, 0xff, 0x50, 0x0, 0x3, 0xae, 0xff,
    0xd9, 0x20, 0x0,

    /* U+0E2E "ฮ" */
    0x0, 0x0, 0x0, 0x0, 0x9, 0xff, 0xa0, 0x49,
    0xce, 0xfe, 0xb5, 0xef, 0xf6, 0x3f, 0xff, 0xff,
    0xff, 0xff, 0xfd, 0x3, 0xff, 0xff, 0xff, 0xff,
    0xfe, 0x10, 0x3b, 0x52, 0x0, 0x4d, 0xff, 0xf4,
    0x0, 0x0, 0x0, 0x0, 0x2f, 0xff, 0xb0, 0x46,
    0x66, 0x66, 0x0, 0xcf, 0xff, 0xc, 0xff, 0xff,
    0xf1, 0x9, 0xff, 0xf1, 0xdf, 0xff, 0xff, 0x10,
    0x9f, 0xff, 0x1d, 0xff, 0xb0, 0x0, 0xa, 0xff,
    0xf0, 0xbf, 0xfd, 0x0, 0x0, 0xdf, 0xfe, 0x8,
    0xff, 0xf4, 0x0, 0x6f, 0xff, 0x90, 0x2f, 0xff,
    0xfd, 0xef, 0xff, 0xf2, 0x0, 0x6f, 0xff, 0xff,
    0xff, 0xf5, 0x0, 0x0, 0x3a, 0xef, 0xfd, 0x92,
    0x0, 0x0,

    /* U+0E2F "ฯ" */
    0x1, 0xae, 0xff, 0x6, 0xff, 0xf3, 0xd, 0xff,
    0xfe, 0x6, 0xff, 0xf3, 0x6f, 0xff, 0xb7, 0x6,
    0xff, 0xf3, 0xaf, 0xfd, 0x0, 0x6, 0xff, 0xf3,
    0xaf, 0xfc, 0x0, 0x8, 0xff, 0xf3, 0x8f, 0xff,
    0x50, 0x3e, 0xff, 0xf3, 0x3f, 0xff, 0xff, 0xff,
    0xff, 0xf3, 0x8, 0xff, 0xff, 0xff, 0xff, 0xf3,
    0x0, 0x4a, 0xcb, 0x77, 0xff, 0xf3, 0x0, 0x0,
    0x0, 0x6, 0xff, 0xf3, 0x0, 0x0, 0x0, 0x6,
    0xff, 0xf3, 0x0, 0x0, 0x0, 0x6, 0xff, 0xf3,
    0x0, 0x0, 0x0, 0x6, 0xff, 0xf3, 0x0, 0x0,
    0x0, 0x6, 0xff, 0xf3,

    /* U+0E30 "ะ" */
    0x2, 0x20, 0x0, 0x0, 0xd, 0xff, 0x0, 0x0,
    0xf, 0xff, 0x87, 0x73, 0xc, 0xff, 0xff, 0xf8,
    0x2, 0xbf, 0xff, 0xf8, 0x0, 0x0, 0x0, 0x0,
    0x0, 0x0, 0x0, 0x0, 0x2, 0x20, 0x0, 0x0,
    0xd, 0xff, 0x0, 0x0, 0xf, 0xff, 0x87, 0x73,
    0xc, 0xff, 0xff, 0xf8, 0x2, 0xbf, 0xff, 0xf8,

    /* U+0E31 "ั" */
    0x1, 0x0, 0x0, 0x0, 0x0, 0x2f, 0xf9, 0x0,
    0x0, 0x0, 0x5f, 0xfe, 0x76, 0x66, 0x64, 0x3f,
    0xff, 0xff, 0xff, 0xfa, 0x6, 0xdf, 0xff, 0xff,
    0xfa,

    /* U+0E32 "า" */
    0x29, 0xdf, 0xfd, 0x91, 0x8, 0xff, 0xff, 0xff,
    0xd1, 0x8f, 0xff, 0xff, 0xff, 0x75, 0x41, 0x6,
    0xff, 0xfa, 0x0, 0x0, 0xe, 0xff, 0xc0, 0x0,
    0x0, 0xdf, 0xfc, 0x0, 0x0, 0xd, 0xff, 0xc0,
    0x0, 0x0, 0xdf, 0xfc, 0x0, 0x0, 0xd, 0xff,
    0xc0, 0x0, 0x0, 0xdf, 0xfc, 0x0, 0x0, 0xd,
    0xff, 0xc0, 0x0, 0x0, 0xdf, 0xfc, 0x0, 0x0,
    0xd, 0xff, 0xc0, 0x0, 0x0, 0xdf, 0xfc,

    /* U+0E33 "ำ" */
    0x0, 0x1, 0x0, 0x0, 0x0, 0x0, 0x0, 0x0,
    0x0, 0x5e, 0xff, 0x90, 0x0, 0x0, 0x0, 0x0,
    0x0, 0x1f, 0xe6, 0xbf, 0x60, 0x0, 0x0, 0x0,
    0x0, 0x4, 0xf9, 0x4, 0xfa, 0x0, 0x0, 0x0,
    0x0, 0x0, 0x2f, 0xd3, 0x9f, 0x80, 0x0, 0x0,
    0x0, 0x0, 0x0, 0x8f, 0xff, 0xc0, 0x0, 0x0,
    0x0, 0x0, 0x0, 0x0, 0x14, 0x30, 0x0, 0x0,
    0x0, 0x0, 0x0, 0x0, 0x0, 0x0, 0x0, 0x2,
    0x9d, 0xff, 0xd9, 0x10, 0x0, 0x0, 0x0, 0x0,
    0x8f, 0xff, 0xff, 0xfd, 0x10, 0x0, 0x0, 0x0,
    0x8, 0xff, 0xff, 0xff, 0xf7, 0x0, 0x0, 0x0,
    0x0, 0x54, 0x10, 0x6f, 0xff, 0xa0, 0x0, 0x0,
    0x0, 0x0, 0x0, 0x0, 0xef, 0xfc, 0x0, 0x0,
    0x0, 0x0, 0x0, 0x0, 0xd, 0xff, 0xc0, 0x0,
    0x0, 0x0, 0x0, 0x0, 0x0, 0xdf, 0xfc, 0x0,
    0x0, 0x0, 0x0, 0x0, 0x0, 0xd, 0xff, 0xc0,
    0x0, 0x0, 0x0, 0x0, 0x0, 0x0, 0xdf, 0xfc,
    0x0, 0x0, 0x0, 0x0, 0x0, 0x0, 0xd, 0xff,
    0xc0, 0x0, 0x0, 0x0, 0x0, 0x0, 0x0, 0xdf,
    0xfc, 0x0, 0x0, 0x0, 0x0, 0x0, 0x0, 0xd,
    0xff, 0xc0, 0x0, 0x0, 0x0, 0x0, 0x0, 0x0,
    0xdf, 0xfc, 0x0, 0x0, 0x0, 0x0, 0x0, 0x0,
    0xd, 0xff, 0xc0,

    /* U+0E34 "ิ" */
    0x2, 0x9a, 0xaa, 0xaa, 0xaa, 0xa1, 0xaf, 0xff,
    0xff, 0xff, 0xff, 0xf1, 0xef, 0xff, 0xff, 0xff,
    0xff, 0xf1,

    /* U+0E35 "ี" */
    0x0, 0x0, 0x0, 0x0, 0x78, 0x80, 0x0, 0x0,
    0x0, 0x0, 0xff, 0xf1, 0x2, 0x9a, 0xaa, 0xaa,
    0xff, 0xf1, 0xaf, 0xff, 0xff, 0xff, 0xff, 0xf1,
    0xef, 0xff, 0xff, 0xff, 0xff, 0xf1,

    /* U+0E36 "ึ" */
    0x0, 0x0, 0x0, 0x0, 0x0, 0x0, 0x0, 0x0,
    0x0, 0x6, 0xff, 0xb0, 0x0, 0x0, 0x0, 0x1f,
    0x96, 0xf7, 0x2, 0x9a, 0xaa, 0xbf, 0x20, 0xd9,
    0xaf, 0xff, 0xff, 0xff, 0xa7, 0xf7, 0xef, 0xff,
    0xff, 0xff, 0xff, 0xa0,

    /* U+0E37 "ื" */
    0x0, 0x0, 0x6, 0x83, 0x18, 0x81, 0x0, 0x0,
    0xd, 0xf7, 0x2f, 0xf2, 0x2, 0x8a, 0xae, 0xfc,
    0xaf, 0xf2, 0xaf, 0xff, 0xff, 0xff, 0xff, 0xf2,
    0xdf, 0xff, 0xff, 0xff, 0xff, 0xf2,

    /* U+0E38 "ุ" */
    0x1b, 0xdd, 0x70, 0xf, 0xff, 0xf0, 0x3, 0xff,
    0xf1, 0x0, 0xff, 0xf1, 0x0, 0xff, 0xf1,

    /* U+0E39 "ู" */
    0x2e, 0xfc, 0x20, 0xcf, 0xf2, 0x1f, 0xff, 0x70,
    0xcf, 0xf2, 0x4, 0xff, 0x91, 0xef, 0xf1, 0x1,
    0xff, 0xff, 0xff, 0xd0, 0x0, 0x4c, 0xff, 0xeb,
    0x20,

    /* U+0E3A "ฺ" */
    0xa, 0xc7, 0x7, 0xff, 0xf2, 0x7f, 0xff, 0x31,
    0xcf, 0xa0,

    /* U+0E3F "฿" */
    0x0, 0x0, 0x4f, 0x60, 0x0, 0x0, 0x0, 0x0,
    0x4f, 0x60, 0x0, 0x0, 0x6f, 0xff, 0xff, 0xfe,
    0xc5, 0x0, 0x6f, 0xff, 0xff, 0xff, 0xff, 0x80,
    0x6f, 0xfc, 0xcf, 0xef, 0xff, 0xf1, 0x6f, 0xf3,
    0x4f, 0x61, 0xef, 0xf3, 0x6f, 0xf3, 0x4f, 0x60,
    0xaf, 0xf2, 0x6f, 0xf3, 0x4f, 0x60, 0xef, 0xd0,
    0x6f, 0xfb, 0xbf, 0xdd, 0xff, 0x40, 0x6f, 0xff,
    0xff, 0xff, 0xc2, 0x0, 0x6f, 0xff, 0xff, 0xff,
    0xff, 0x50, 0x6f, 0xf3, 0x4f, 0x73, 0xdf, 0xf2,
    0x6f, 0xf3, 0x4f, 0x60, 0x6f, 0xf7, 0x6f, 0xf3,
    0x4f, 0x60, 0x5f, 0xf9, 0x6f, 0xf3, 0x4f, 0x60,
    0xcf, 0xf7, 0x6f, 0xfd, 0xdf, 0xef, 0xff, 0xf2,
    0x6f, 0xff, 0xff, 0xff, 0xff, 0x70, 0x6f, 0xff,
    0xff, 0xfe, 0xa3, 0x0, 0x0, 0x0, 0x4f, 0x60,
    0x0, 0x0, 0x0, 0x0, 0x4f, 0x60, 0x0, 0x0,
    0x0, 0x0, 0x16, 0x20, 0x0, 0x0,

    /* U+0E40 "เ" */
    0xff, 0xfa, 0x0, 0xff, 0xfa, 0x0, 0xff, 0xfa,
    0x0, 0xff, 0xfa, 0x0, 0xff, 0xfa, 0x0, 0xff,
    0xfa, 0x0, 0xff, 0xfa, 0x0, 0xff, 0xfa, 0x0,
    0xff, 0xfa, 0x0, 0xff, 0xfa, 0x0, 0xff, 0xfb,
    0x0, 0xdf, 0xff, 0xc4, 0x8f, 0xff, 0xf7, 0x8,
    0xef, 0xd5,

    /* U+0E41 "แ" */
    0xff, 0xfa, 0x0, 0xb, 0xff, 0xd0, 0xf, 0xff,
    0xa0, 0x0, 0xbf, 0xfd, 0x0, 0xff, 0xfa, 0x0,
    0xb, 0xff, 0xd0, 0xf, 0xff, 0xa0, 0x0, 0xbf,
    0xfd, 0x0, 0xff, 0xfa, 0x0, 0xb, 0xff, 0xd0,
    0xf, 0xff, 0xa0, 0x0, 0xbf, 0xfd, 0x0, 0xff,
    0xfa, 0x0, 0xb, 0xff, 0xd0, 0xf, 0xff, 0xa0,
    0x0, 0xbf, 0xfd, 0x0, 0xff, 0xfa, 0x0, 0xb,
    0xff, 0xd0, 0xf, 0xff, 0xa0, 0x0, 0xbf, 0xfd,
    0x0, 0xff, 0xfb, 0x0, 0xb, 0xff, 0xe0, 0xd,
    0xff, 0xfc, 0x40, 0xaf, 0xff, 0xd7, 0x8f, 0xff,
    0xf7, 0x5, 0xff, 0xff, 0xb0, 0x8e, 0xfd, 0x50,
    0x6, 0xdf, 0xe8,

    /* U+0E42 "โ" */
    0x5, 0xdf, 0xff, 0xff, 0xe9, 0xff, 0xff, 0xff,
    0xfe, 0x7f, 0xff, 0xfb, 0xbb, 0xa0, 0x1e, 0xff,
    0x80, 0x0, 0x0, 0x9f, 0xfe, 0x0, 0x0, 0x8,
    0xff, 0xf0, 0x0, 0x0, 0x8f, 0xff, 0x10, 0x0,
    0x8, 0xff, 0xf1, 0x0, 0x0, 0x8f, 0xff, 0x10,
    0x0, 0x8, 0xff, 0xf1, 0x0, 0x0, 0x8f, 0xff,
    0x10, 0x0, 0x8, 0xff, 0xf1, 0x0, 0x0, 0x8f,
    0xff, 0x10, 0x0, 0x8, 0xff, 0xf1, 0x0, 0x0,
    0x8f, 0xff, 0x10, 0x0, 0x8, 0xff, 0xf1, 0x0,
    0x0, 0x8f, 0xff, 0x10, 0x0, 0x7, 0xff, 0xf2,
    0x0, 0x0, 0x6f, 0xff, 0xea, 0x0, 0x2, 0xff,
    0xff, 0xf0, 0x0, 0x4, 0xcf, 0xeb, 0x0,

    /* U+0E43 "ใ" */
    0x2a, 0xef, 0xec, 0x50, 0x7f, 0xff, 0xff, 0xf7,
    0x7f, 0xef, 0xff, 0xfe, 0x21, 0x1, 0xef, 0xff,
    0x0, 0x0, 0xdf, 0xfc, 0x0, 0x6, 0xff, 0xf4,
    0x0, 0x3f, 0xff, 0xa0, 0x0, 0xcf, 0xfe, 0x0,
    0x0, 0xef, 0xfa, 0x0, 0x0, 0xff, 0xfa, 0x0,
    0x0, 0xff, 0xfa, 0x0, 0x0, 0xff, 0xfa, 0x0,
    0x0, 0xff, 0xfa, 0x0, 0x0, 0xff, 0xfa, 0x0,
    0x0, 0xff, 0xfa, 0x0, 0x0, 0xff, 0xfa, 0x0,
    0x0, 0xff, 0xfa, 0x0, 0x0, 0xff, 0xfb, 0x0,
    0x0, 0xdf, 0xff, 0xc4, 0x0, 0x8f, 0xff, 0xf7,
    0x0, 0x8, 0xef, 0xd5,

    /* U+0E44 "ไ" */
    0x7f, 0xff, 0xff, 0xff, 0x4b, 0xff, 0xff, 0xff,
    0xf4, 0xac, 0xcd, 0xff, 0xfe, 0x30, 0x0, 0xdf,
    0xfb, 0x0, 0x0, 0x5f, 0xff, 0x40, 0x0, 0x7,
    0xff, 0xf2, 0x0, 0x0, 0x7f, 0xff, 0x20, 0x0,
    0x7, 0xff, 0xf2, 0x0, 0x0, 0x7f, 0xff, 0x20,
    0x0, 0x7, 0xff, 0xf2, 0x0, 0x0, 0x7f, 0xff,
    0x20, 0x0, 0x7, 0xff, 0xf2, 0x0, 0x0, 0x7f,
    0xff, 0x20, 0x0, 0x7, 0xff, 0xf2, 0x0, 0x0,
    0x7f, 0xff, 0x20, 0x0, 0x7, 0xff, 0xf2, 0x0,
    0x0, 0x7f, 0xff, 0x20, 0x0, 0x7, 0xff, 0xf2,
    0x0, 0x0, 0x6f, 0xff, 0xea, 0x0, 0x1, 0xff,
    0xff, 0xf0, 0x0, 0x4, 0xcf, 0xfb, 0x0,

    /* U+0E45 "ๅ" */
    0x29, 0xdf, 0xfd, 0x91, 0x8, 0xff, 0xff, 0xff,
    0xe1, 0x8f, 0xff, 0xff, 0xff, 0x75, 0x41, 0x6,
    0xff, 0xfb, 0x0, 0x0, 0xe, 0xff, 0xc0, 0x0,
    0x0, 0xdf, 0xfc, 0x0, 0x0, 0xd, 0xff, 0xc0,
    0x0, 0x0, 0xdf, 0xfc, 0x0, 0x0, 0xd, 0xff,
    0xc0, 0x0, 0x0, 0xdf, 0xfc, 0x0, 0x0, 0xd,
    0xff, 0xc0, 0x0, 0x0, 0xdf, 0xfc, 0x0, 0x0,
    0xd, 0xff, 0xc0, 0x0, 0x0, 0xdf, 0xfc, 0x0,
    0x0, 0xd, 0xff, 0xc0, 0x0, 0x0, 0xdf, 0xfc,
    0x0, 0x0, 0xd, 0xff, 0xc0, 0x0, 0x0, 0xdf,
    0xfc, 0x0, 0x0, 0xd, 0xff, 0xc0,

    /* U+0E46 "ๆ" */
    0x1, 0xaf, 0xfb, 0x18, 0xef, 0xd5, 0x0, 0xdf,
    0xff, 0xfe, 0xff, 0xff, 0xf2, 0x4f, 0xff, 0xce,
    0xfe, 0xcf, 0xff, 0x77, 0xff, 0xd0, 0x7f, 0x40,
    0xff, 0xf9, 0x8f, 0xfc, 0x3, 0x71, 0xf, 0xff,
    0x97, 0xff, 0xe0, 0x0, 0x0, 0xff, 0xf9, 0x4f,
    0xff, 0xeb, 0x0, 0xf, 0xff, 0x90, 0xcf, 0xff,
    0xf0, 0x0, 0xff, 0xf9, 0x1, 0xaf, 0xeb, 0x10,
    0xf, 0xff, 0x90, 0x0, 0x0, 0x0, 0x0, 0xff,
    0xf9, 0x0, 0x0, 0x0, 0x0, 0xf, 0xff, 0x90,
    0x0, 0x0, 0x0, 0x0, 0xff, 0xf9, 0x0, 0x0,
    0x0, 0x0, 0xf, 0xff, 0x90, 0x0, 0x0, 0x0,
    0x0, 0xff, 0xf9, 0x0, 0x0, 0x0, 0x0, 0xf,
    0xff, 0x90, 0x0, 0x0, 0x0, 0x0, 0xff, 0xf9,
    0x0, 0x0, 0x0, 0x0, 0xf, 0xff, 0x90, 0x0,
    0x0, 0x0, 0x0, 0xff, 0xf9, 0x0, 0x0, 0x0,
    0x0, 0xf, 0xff, 0x90,

    /* U+0E47 "็" */
    0x4, 0xcf, 0xff, 0xff, 0xf9, 0x1f, 0xff, 0xdd,
    0xdd, 0xd7, 0x5f, 0xf3, 0x0, 0x0, 0x0, 0x5f,
    0xf3, 0x8a, 0xe, 0xf9, 0x1e, 0xff, 0xff, 0xff,
    0xf6, 0x3, 0xbf, 0x75, 0xef, 0xa0,

    /* U+0E48 "่" */
    0x3a, 0xaa, 0x5f, 0xff, 0x5f, 0xff, 0x5f, 0xff,
    0x5f, 0xff, 0x5f, 0xff,

    /* U+0E49 "้" */
    0x3, 0x67, 0x20, 0x0, 0x2, 0xff, 0xff, 0x20,
    0x0, 0x8, 0xdf, 0xf5, 0x0, 0x0, 0x7, 0xff,
    0x86, 0x64, 0x8, 0xff, 0xff, 0xff, 0xb2, 0xff,
    0xff, 0xff, 0xfb,

    /* U+0E4A "๊" */
    0x4, 0x94, 0x8, 0x93, 0x0, 0x5, 0xff, 0xfe,
    0xff, 0xf3, 0x0, 0xbf, 0xf7, 0xc8, 0xff, 0x70,
    0xc, 0xfe, 0x0, 0x1f, 0xfa, 0x61, 0x8f, 0xfd,
    0x1a, 0xff, 0xff, 0x30, 0xaf, 0xe2, 0xbf, 0xff,
    0xf3,

    /* U+0E4B "๋" */
    0x1, 0xaa, 0x80, 0x0, 0x2f, 0xfc, 0x0, 0xcf,
    0xff, 0xff, 0x6c, 0xff, 0xff, 0xf6, 0x24, 0xff,
    0xc2, 0x10, 0x2f, 0xfc, 0x0,

    /* U+0E4C "์" */
    0x3, 0x78, 0x88, 0x45, 0xff, 0xff, 0xf8, 0xbf,
    0xff, 0xff, 0x8c, 0xff, 0x70, 0x0, 0x8d, 0xa3,
    0x0, 0x0,

    /* U+0E4D "ํ" */
    0x0, 0x1, 0x0, 0x0, 0x5e, 0xff, 0x90, 0x1f,
    0xe6, 0xbf, 0x64, 0xf9, 0x4, 0xfa, 0x2f, 0xd3,
    0x9f, 0x80, 0x8f, 0xff, 0xc0, 0x0, 0x14, 0x30,
    0x0,

    /* U+0E4E "๎" */
    0x0, 0x4, 0xbc, 0x40, 0x0, 0xff, 0xf8, 0x2a,
    0xbf, 0xc1, 0xc, 0xff, 0xfa, 0x0, 0xef, 0x91,
    0x0, 0x6, 0x72, 0x0, 0x0,

    /* U+0E4F "๏" */
    0x0, 0x6, 0xbe, 0xff, 0xd9, 0x30, 0x0, 0x1,
    0xdf, 0xff, 0xff, 0xff, 0xf6, 0x0, 0xb, 0xff,
    0xb4, 0x23, 0x7f, 0xff, 0x30, 0x2f, 0xf9, 0x1b,
    0xfd, 0x43, 0xff, 0xa0, 0x6f, 0xf3, 0x7f, 0xff,
    0xe0, 0xcf, 0xe0, 0x8f, 0xf0, 0x9f, 0xff, 0xf0,
    0x9f, 0xf0, 0x8f, 0xf1, 0x7f, 0xff, 0xe0, 0xaf,
    0xf0, 0x6f, 0xf3, 0x1c, 0xff, 0x50, 0xdf, 0xe0,
    0x2f, 0xfb, 0x0, 0x0, 0x4, 0xff, 0xa0, 0xa,
    0xff, 0xb4, 0x23, 0x8f, 0xff, 0x20, 0x1, 0xcf,
    0xff, 0xff, 0xff, 0xf5, 0x0, 0x0, 0x6, 0xbe,
    0xff, 0xd9, 0x20, 0x0,

    /* U+0E50 "๐" */
    0x0, 0x2a, 0xef, 0xfc, 0x70, 0x0, 0x5, 0xff,
    0xff, 0xff, 0xfd, 0x10, 0x1f, 0xff, 0xfe, 0xff,
    0xff, 0xa0, 0x8f, 0xff, 0x40, 0xa, 0xff, 0xf1,
    0xbf, 0xfc, 0x0, 0x3, 0xff, 0xf5, 0xdf, 0xf9,
    0x0, 0x0, 0xff, 0xf7, 0xdf, 0xfa, 0x0, 0x0,
    0xff, 0xf7, 0xbf, 0xfc, 0x0, 0x3, 0xff, 0xf5,
    0x7f, 0xff, 0x50, 0xb, 0xff, 0xf1, 0x1e, 0xff,
    0xfe, 0xff, 0xff, 0x90, 0x4, 0xff, 0xff, 0xff,
    0xfc, 0x0, 0x0, 0x29, 0xef, 0xfc, 0x70, 0x0,

    /* U+0E51 "๑" */
    0x2, 0x9d, 0xff, 0xd9, 0x20, 0x2, 0xef, 0xff,
    0xff, 0xff, 0x40, 0xaf, 0xff, 0xbb, 0xff, 0xfe,
    0xe, 0xff, 0x60, 0x4, 0xff, 0xf5, 0xff, 0xf4,
    0x0, 0xe, 0xff, 0x8d, 0xff, 0xc6, 0x0, 0xcf,
    0xfa, 0x8f, 0xff, 0xf0, 0xd, 0xff, 0x91, 0xdf,
    0xff, 0x21, 0xff, 0xf7, 0x0, 0x45, 0x20, 0x9f,
    0xff, 0x30, 0x0, 0xaa, 0xdf, 0xff, 0xc0, 0x0,
    0xf, 0xff, 0xff, 0xe2, 0x0, 0x0, 0xcf, 0xfd,
    0x81, 0x0,

    /* U+0E52 "๒" */
    0xbf, 0xfa, 0x0, 0x0, 0x0, 0x0, 0x0, 0xbf,
    0xfa, 0x0, 0x0, 0x0, 0x0, 0x0, 0xbf, 0xfa,
    0x0, 0x0, 0x0, 0x0, 0x0, 0xbf, 0xfa, 0x8,
    0xed, 0x4b, 0xfd, 0x30, 0xbf, 0xfa, 0x4f, 0xff,
    0xff, 0xff, 0xe0, 0xbf, 0xfa, 0x8f, 0xf6, 0xf6,
    0xff, 0xf1, 0xbf, 0xfa, 0x9f, 0xe0, 0x40, 0xff,
    0xf2, 0xbf, 0xfa, 0x7f, 0xf3, 0x0, 0xff, 0xf2,
    0xbf, 0xfa, 0x2f, 0xff, 0x60, 0xff, 0xf2, 0xbf,
    0xfb, 0x5, 0xdf, 0x71, 0xff, 0xf2, 0x9f, 0xfe,
    0x0, 0x0, 0x4, 0xff, 0xf0, 0x5f, 0xff, 0xa1,
    0x0, 0x1c, 0xff, 0xc0, 0xd, 0xff, 0xff, 0xdd,
    0xff, 0xff, 0x60, 0x2, 0xef, 0xff, 0xff, 0xff,
    0xf9, 0x0, 0x0, 0x17, 0xce, 0xff, 0xda, 0x40,
    0x0,

    /* U+0E53 "๓" */
    0x0, 0x69, 0x60, 0x17, 0x85, 0x0, 0xc, 0xff,
    0xfa, 0xef, 0xff, 0x90, 0x5f, 0xff, 0xff, 0xff,
    0xff, 0xf1, 0xaf, 0xff, 0x6f, 0xc8, 0xff, 0xf3,
    0xcf, 0xfb, 0x5, 0x22, 0xff, 0xf3, 0xdf, 0xf9,
    0x0, 0x2, 0xff, 0xf3, 0xdf, 0xf9, 0x0, 0x2,
    0xff, 0xf3, 0xcf, 0xfa, 0x0, 0x2, 0xff, 0xf3,
    0xaf, 0xfe, 0x0, 0x2, 0xff, 0xf3, 0x5f, 0xff,
    0xd7, 0x2, 0xff, 0xf3, 0xd, 0xff, 0xfd, 0x2,
    0xff, 0xf3, 0x2, 0xae, 0xff, 0x2, 0xff, 0xf3,

    /* U+0E54 "๔" */
    0x0, 0x0, 0x0, 0x5, 0x88, 0x40, 0x0, 0x0,
    0x0, 0xaf, 0xf8, 0x0, 0x0, 0x0, 0xc, 0xff,
    0x70, 0x1, 0x79, 0x9c, 0xff, 0xf5, 0x4, 0xff,
    0xff, 0xff, 0xfe, 0x11, 0xff, 0xff, 0xff, 0xeb,
    0x30, 0x7f, 0xff, 0xa2, 0x0, 0x0, 0xb, 0xff,
    0xe0, 0x0, 0x13, 0x20, 0xdf, 0xfa, 0x0, 0x7f,
    0xff, 0x3d, 0xff, 0x90, 0x1f, 0xff, 0xf0, 0xcf,
    0xfa, 0x3, 0xff, 0xb0, 0xa, 0xff, 0xf1, 0x1f,
    0xfa, 0x0, 0x4f, 0xff, 0xea, 0xff, 0xfb, 0x70,
    0xaf, 0xff, 0xff, 0xff, 0xfb, 0x0, 0x7c, 0xff,
    0xff, 0xff, 0xb0,

    /* U+0E55 "๕" */
    0x0, 0x0, 0x10, 0x0, 0x0, 0x0, 0x2, 0xdf,
    0xf8, 0x9, 0xcb, 0x0, 0xaf, 0x7c, 0xf2, 0xcf,
    0xf0, 0xb, 0xf0, 0x7f, 0x3e, 0xfe, 0x0, 0x4f,
    0xef, 0xfb, 0xff, 0xc0, 0x4e, 0xff, 0xff, 0xff,
    0xf6, 0x1e, 0xff, 0xff, 0xff, 0xd6, 0x6, 0xff,
    0xfa, 0x20, 0x0, 0x0, 0xbf, 0xfe, 0x0, 0x0,
    0x32, 0xc, 0xff, 0xa0, 0x5, 0xff, 0xf6, 0xdf,
    0xf9, 0x0, 0xef, 0xff, 0x2c, 0xff, 0xa0, 0x1f,
    0xfd, 0x0, 0xaf, 0xff, 0x10, 0xff, 0xc0, 0x4,
    0xff, 0xfe, 0xae, 0xff, 0xc8, 0xa, 0xff, 0xff,
    0xff, 0xff, 0xd0, 0x6, 0xcf, 0xff, 0xff, 0xfd,

    /* U+0E56 "๖" */
    0x5f, 0xf9, 0x0, 0x0, 0x0, 0x0, 0x2f, 0xfc,
    0x0, 0x0, 0x0, 0x0, 0xe, 0xff, 0x0, 0x0,
    0x0, 0x0, 0xb, 0xff, 0x5b, 0xef, 0xb4, 0x0,
    0x8, 0xff, 0xff, 0xff, 0xff, 0x40, 0x5, 0xff,
    0xfd, 0xcf, 0xff, 0xd0, 0x2, 0xff, 0xb0, 0x8,
    0xff, 0xf3, 0x0, 0x33, 0x10, 0x1, 0xff, 0xf6,
    0x0, 0x0, 0x0, 0x0, 0xff, 0xf7, 0x0, 0x0,
    0x0, 0x0, 0xff, 0xf7, 0x0, 0x0, 0x0, 0x2,
    0xff, 0xf5, 0x0, 0x2d, 0x60, 0x9, 0xff, 0xf2,
    0x2, 0xff, 0xfc, 0xdf, 0xff, 0xb0, 0x0, 0xbf,
    0xff, 0xff, 0xfe, 0x20, 0x0, 0x6, 0xcf, 0xfd,
    0x91, 0x0,

    /* U+0E57 "๗" */
    0x0, 0x0, 0x0, 0x0, 0x0, 0x0, 0xaf, 0xfb,
    0x0, 0x0, 0x0, 0x0, 0x0, 0x0, 0xaf, 0xfb,
    0x0, 0x0, 0x0, 0x0, 0x0, 0x0, 0xaf, 0xfb,
    0x3, 0xbd, 0xa1, 0x7d, 0xd7, 0x0, 0xaf, 0xfb,
    0x1e, 0xff, 0xfd, 0xff, 0xff, 0x50, 0xaf, 0xfb,
    0x7f, 0xff, 0xff, 0xff, 0xff, 0x90, 0xaf, 0xfb,
    0xbf, 0xfd, 0x2f, 0x6a, 0xff, 0xa0, 0xaf, 0xfb,
    0xdf, 0xfa, 0x2, 0x8, 0xff, 0xa0, 0xaf, 0xfb,
    0xdf, 0xf9, 0x0, 0x8, 0xff, 0xa0, 0xaf, 0xfb,
    0xdf, 0xf9, 0x0, 0x8, 0xff, 0xa0, 0xaf, 0xfa,
    0xcf, 0xfa, 0x0, 0x8, 0xff, 0xa0, 0xaf, 0xf9,
    0x9f, 0xfe, 0x0, 0x8, 0xff, 0xa0, 0xdf, 0xf6,
    0x5f, 0xff, 0xa4, 0x8, 0xff, 0xca, 0xff, 0xf1,
    0xd, 0xff, 0xfd, 0x8, 0xff, 0xff, 0xff, 0x50,
    0x1, 0xaf, 0xff, 0x8, 0xff, 0xfd, 0xa3, 0x0,

    /* U+0E58 "๘" */
    0x0, 0x0, 0x0, 0x8, 0xff, 0xc0, 0x0, 0x0,
    0x0, 0x8, 0xff, 0xc0, 0x0, 0x0, 0x0, 0xa,
    0xff, 0xb0, 0x0, 0x6, 0x89, 0xbf, 0xff, 0x90,
    0x4, 0xff, 0xff, 0xff, 0xff, 0x30, 0x1f, 0xff,
    0xff, 0xff, 0xd5, 0x0, 0x7f, 0xff, 0x60, 0x0,
    0x0, 0x0, 0xbf, 0xfa, 0x0, 0x0, 0x2, 0x10,
    0xdf, 0xf7, 0x0, 0x0, 0x3e, 0xc0, 0xdf, 0xf6,
    0x0, 0x0, 0xcf, 0xf4, 0xdf, 0xf9, 0x5, 0x30,
    0x6f, 0xf7, 0xaf, 0xff, 0x7f, 0xb0, 0x9f, 0xf7,
    0x6f, 0xff, 0xff, 0xff, 0xff, 0xf5, 0xd, 0xff,
    0xfa, 0xff, 0xff, 0xe0, 0x1, 0x9e, 0x90, 0x8e,
    0xfb, 0x20,

    /* U+0E59 "๙" */
    0x0, 0x0, 0x0, 0x0, 0x6f, 0xfa, 0x0, 0x0,
    0x0, 0x0, 0x6f, 0xfa, 0x0, 0x0, 0x0, 0x0,
    0x6f, 0xf9, 0x0, 0x58, 0x83, 0x28, 0xdf, 0xf7,
    0xc, 0xff, 0xff, 0xff, 0xff, 0xe1, 0x5f, 0xff,
    0xff, 0xff, 0x93, 0x0, 0xaf, 0xfe, 0x2d, 0xff,
    0x40, 0x0, 0xcf, 0xfa, 0x7, 0xff, 0x80, 0x0,
    0xdf, 0xf9, 0x2, 0xff, 0xd0, 0x0, 0xdf, 0xf9,
    0x0, 0xdf, 0xf3, 0x0, 0xcf, 0xfb, 0x0, 0x8f,
    0xf8, 0x0, 0xaf, 0xfe, 0x0, 0x3f, 0xfd, 0x0,
    0x5f, 0xff, 0xd7, 0xe, 0xff, 0x20, 0xd, 0xff,
    0xfd, 0x9, 0xff, 0x80, 0x2, 0xbf, 0xff, 0x4,
    0xff, 0xd0,

    /* U+0E5A "๚" */
    0x1, 0xae, 0xff, 0x6, 0xff, 0xf3, 0x0, 0x9f,
    0xff, 0x0, 0xdf, 0xff, 0xe0, 0x6f, 0xff, 0x30,
    0x9, 0xff, 0xf0, 0x6f, 0xff, 0xb7, 0x6, 0xff,
    0xf3, 0x0, 0x9f, 0xff, 0xa, 0xff, 0xd0, 0x0,
    0x6f, 0xff, 0x30, 0x9, 0xff, 0xf0, 0xaf, 0xfc,
    0x0, 0x8, 0xff, 0xf3, 0x0, 0xcf, 0xff, 0x8,
    0xff, 0xf5, 0x3, 0xef, 0xff, 0x41, 0x7f, 0xff,
    0xf0, 0x3f, 0xff, 0xff, 0xff, 0xff, 0xff, 0xff,
    0xff, 0xff, 0x0, 0x8f, 0xff, 0xff, 0xff, 0xff,
    0xff, 0xff, 0xff, 0xf0, 0x0, 0x4a, 0xcb, 0x76,
    0xff, 0xfb, 0xc6, 0x9f, 0xff, 0x0, 0x0, 0x0,
    0x0, 0x6f, 0xff, 0x30, 0x9, 0xff, 0xf0, 0x0,
    0x0, 0x0, 0x6, 0xff, 0xf3, 0x0, 0x9f, 0xff,
    0x0, 0x0, 0x0, 0x0, 0x6f, 0xff, 0x30, 0x9,
    0xff, 0xf0, 0x0, 0x0, 0x0, 0x6, 0xff, 0xf3,
    0x0, 0x9f, 0xff, 0x0, 0x0, 0x0, 0x0, 0x6f,
    0xff, 0x30, 0x9, 0xff, 0xf0,

    /* U+0E5B "๛" */
    0x3, 0xcf, 0xeb, 0x30, 0x0, 0x0, 0x0, 0x0,
    0x0, 0x0, 0x1f, 0xff, 0xff, 0xe1, 0x23, 0x20,
    0x0, 0x0, 0x0, 0x0, 0x8f, 0xfd, 0xaf, 0xf5,
    0xaf, 0xc0, 0xef, 0x24, 0x70, 0x0, 0xbf, 0xf5,
    0xf, 0xf6, 0xbf, 0xf3, 0xff, 0x7e, 0xf3, 0x0,
    0xcf, 0xf4, 0xa, 0xf3, 0xff, 0xfc, 0xff, 0xef,
    0xfb, 0x0, 0xaf, 0xf9, 0x0, 0x7, 0xfd, 0xff,
    0xfa, 0xfe, 0xff, 0xf7, 0x5f, 0xff, 0xca, 0xcf,
    0xf6, 0xaf, 0xc4, 0xfa, 0x7f, 0xf7, 0xb, 0xff,
    0xff, 0xff, 0xb0, 0x4a, 0x60, 0x84, 0x4, 0x72,
    0x0, 0x7d, 0xff, 0xc6, 0x0, 0x0, 0x0, 0x0,
    0x0, 0x0
};


/*---------------------
 *  GLYPH DESCRIPTION
 *--------------------*/

static const lv_font_fmt_txt_glyph_dsc_t glyph_dsc[] = {
    {.bitmap_index = 0, .adv_w = 0, .box_w = 0, .box_h = 0, .ofs_x = 0, .ofs_y = 0} /* id = 0 reserved */,
    {.bitmap_index = 0, .adv_w = 96, .box_w = 0, .box_h = 0, .ofs_x = 0, .ofs_y = 0},
    {.bitmap_index = 0, .adv_w = 104, .box_w = 5, .box_h = 17, .ofs_x = 1, .ofs_y = 0},
    {.bitmap_index = 43, .adv_w = 123, .box_w = 7, .box_h = 7, .ofs_x = 0, .ofs_y = 11},
    {.bitmap_index = 68, .adv_w = 229, .box_w = 14, .box_h = 17, .ofs_x = 0, .ofs_y = 0},
    {.bitmap_index = 187, .adv_w = 220, .box_w = 12, .box_h = 23, .ofs_x = 1, .ofs_y = -3},
    {.bitmap_index = 325, .adv_w = 284, .box_w = 16, .box_h = 17, .ofs_x = 1, .ofs_y = 0},
    {.bitmap_index = 461, .adv_w = 252, .box_w = 16, .box_h = 17, .ofs_x = 0, .ofs_y = 0},
    {.bitmap_index = 597, .adv_w = 62, .box_w = 4, .box_h = 7, .ofs_x = 0, .ofs_y = 11},
    {.bitmap_index = 611, .adv_w = 135, .box_w = 7, .box_h = 26, .ofs_x = 1, .ofs_y = -6},
    {.bitmap_index = 702, .adv_w = 135, .box_w = 8, .box_h = 26, .ofs_x = 0, .ofs_y = -6},
    {.bitmap_index = 806, .adv_w = 174, .box_w = 11, .box_h = 11, .ofs_x = 0, .ofs_y = 6},
    {.bitmap_index = 867, .adv_w = 210, .box_w = 13, .box_h = 13, .ofs_x = 0, .ofs_y = 2},
    {.bitmap_index = 952, .adv_w = 94, .box_w = 5, .box_h = 8, .ofs_x = 0, .ofs_y = -5},
    {.bitmap_index = 972, .adv_w = 149, .box_w = 7, .box_h = 3, .ofs_x = 1, .ofs_y = 6},
    {.bitmap_index = 983, .adv_w = 112, .box_w = 5, .box_h = 4, .ofs_x = 1, .ofs_y = 0},
    {.bitmap_index = 993, .adv_w = 144, .box_w = 10, .box_h = 19, .ofs_x = -1, .ofs_y = -2},
    {.bitmap_index = 1088, .adv_w = 220, .box_w = 12, .box_h = 17, .ofs_x = 1, .ofs_y = 0},
    {.bitmap_index = 1190, .adv_w = 220, .box_w = 9, .box_h = 17, .ofs_x = 1, .ofs_y = 0},
    {.bitmap_index = 1267, .adv_w = 220, .box_w = 13, .box_h = 17, .ofs_x = 0, .ofs_y = 0},
    {.bitmap_index = 1378, .adv_w = 220, .box_w = 13, .box_h = 17, .ofs_x = 0, .ofs_y = 0},
    {.bitmap_index = 1489, .adv_w = 220, .box_w = 14, .box_h = 17, .ofs_x = 0, .ofs_y = 0},
    {.bitmap_index = 1608, .adv_w = 220, .box_w = 12, .box_h = 17, .ofs_x = 1, .ofs_y = 0},
    {.bitmap_index = 1710, .adv_w = 220, .box_w = 12, .box_h = 17, .ofs_x = 1, .ofs_y = 0},
    {.bitmap_index = 1812, .adv_w = 220, .box_w = 13, .box_h = 17, .ofs_x = 0, .ofs_y = 0},
    {.bitmap_index = 1923, .adv_w = 220, .box_w = 12, .box_h = 17, .ofs_x = 1, .ofs_y = 0},
    {.bitmap_index = 2025, .adv_w = 220, .box_w = 12, .box_h = 17, .ofs_x = 1, .ofs_y = 0},
    {.bitmap_index = 2127, .adv_w = 108, .box_w = 5, .box_h = 13, .ofs_x = 1, .ofs_y = 0},
    {.bitmap_index = 2160, .adv_w = 101, .box_w = 6, .box_h = 18, .ofs_x = 0, .ofs_y = -5},
    {.bitmap_index = 2214, .adv_w = 196, .box_w = 11, .box_h = 12, .ofs_x = 0, .ofs_y = 1},
    {.bitmap_index = 2280, .adv_w = 220, .box_w = 12, .box_h = 8, .ofs_x = 1, .ofs_y = 4},
    {.bitmap_index = 2328, .adv_w = 198, .box_w = 11, .box_h = 12, .ofs_x = 1, .ofs_y = 1},
    {.bitmap_index = 2394, .adv_w = 191, .box_w = 12, .box_h = 17, .ofs_x = 0, .ofs_y = 0},
    {.bitmap_index = 2496, .adv_w = 344, .box_w = 21, .box_h = 22, .ofs_x = 0, .ofs_y = -5},
    {.bitmap_index = 2727, .adv_w = 259, .box_w = 17, .box_h = 17, .ofs_x = 0, .ofs_y = 0},
    {.bitmap_index = 2872, .adv_w = 245, .box_w = 14, .box_h = 17, .ofs_x = 1, .ofs_y = 0},
    {.bitmap_index = 2991, .adv_w = 251, .box_w = 14, .box_h = 17, .ofs_x = 1, .ofs_y = 0},
    {.bitmap_index = 3110, .adv_w = 250, .box_w = 14, .box_h = 17, .ofs_x = 1, .ofs_y = 0},
    {.bitmap_index = 3229, .adv_w = 216, .box_w = 12, .box_h = 17, .ofs_x = 1, .ofs_y = 0},
    {.bitmap_index = 3331, .adv_w = 211, .box_w = 12, .box_h = 17, .ofs_x = 1, .ofs_y = 0},
    {.bitmap_index = 3433, .adv_w = 262, .box_w = 15, .box_h = 17, .ofs_x = 1, .ofs_y = 0},
    {.bitmap_index = 3561, .adv_w = 272, .box_w = 15, .box_h = 17, .ofs_x = 1, .ofs_y = 0},
    {.bitmap_index = 3689, .adv_w = 112, .box_w = 5, .box_h = 17, .ofs_x = 1, .ofs_y = 0},
    {.bitmap_index = 3732, .adv_w = 215, .box_w = 12, .box_h = 17, .ofs_x = 0, .ofs_y = 0},
    {.bitmap_index = 3834, .adv_w = 244, .box_w = 15, .box_h = 17, .ofs_x = 1, .ofs_y = 0},
    {.bitmap_index = 3962, .adv_w = 208, .box_w = 12, .box_h = 17, .ofs_x = 1, .ofs_y = 0},
    {.bitmap_index = 4064, .adv_w = 336, .box_w = 19, .box_h = 17, .ofs_x = 1, .ofs_y = 0},
    {.bitmap_index = 4226, .adv_w = 271, .box_w = 15, .box_h = 17, .ofs_x = 1, .ofs_y = 0},
    {.bitmap_index = 4354, .adv_w = 265, .box_w = 15, .box_h = 17, .ofs_x = 1, .ofs_y = 0},
    {.bitmap_index = 4482, .adv_w = 248, .box_w = 14, .box_h = 17, .ofs_x = 1, .ofs_y = 0},
    {.bitmap_index = 4601, .adv_w = 265, .box_w = 16, .box_h = 20, .ofs_x = 0, .ofs_y = -3},
    {.bitmap_index = 4761, .adv_w = 245, .box_w = 14, .box_h = 17, .ofs_x = 1, .ofs_y = 0},
    {.bitmap_index = 4880, .adv_w = 236, .box_w = 14, .box_h = 17, .ofs_x = 0, .ofs_y = 0},
    {.bitmap_index = 4999, .adv_w = 238, .box_w = 15, .box_h = 17, .ofs_x = 0, .ofs_y = 0},
    {.bitmap_index = 5127, .adv_w = 253, .box_w = 14, .box_h = 17, .ofs_x = 1, .ofs_y = 0},
    {.bitmap_index = 5246, .adv_w = 251, .box_w = 16, .box_h = 17, .ofs_x = 0, .ofs_y = 0},
    {.bitmap_index = 5382, .adv_w = 336, .box_w = 21, .box_h = 17, .ofs_x = 0, .ofs_y = 0},
    {.bitmap_index = 5561, .adv_w = 244, .box_w = 15, .box_h = 17, .ofs_x = 0, .ofs_y = 0},
    {.bitmap_index = 5689, .adv_w = 238, .box_w = 15, .box_h = 17, .ofs_x = 0, .ofs_y = 0},
    {.bitmap_index = 5817, .adv_w = 233, .box_w = 14, .box_h = 17, .ofs_x = 0, .ofs_y = 0},
    {.bitmap_index = 5936, .adv_w = 107, .box_w = 6, .box_h = 24, .ofs_x = 1, .ofs_y = -4},
    {.bitmap_index = 6008, .adv_w = 162, .box_w = 11, .box_h = 19, .ofs_x = 0, .ofs_y = -2},
    {.bitmap_index = 6113, .adv_w = 107, .box_w = 6, .box_h = 24, .ofs_x = 0, .ofs_y = -4},
    {.bitmap_index = 6185, .adv_w = 168, .box_w = 10, .box_h = 9, .ofs_x = 0, .ofs_y = 9},
    {.bitmap_index = 6230, .adv_w = 172, .box_w = 11, .box_h = 3, .ofs_x = 0, .ofs_y = -3},
    {.bitmap_index = 6247, .adv_w = 127, .box_w = 7, .box_h = 4, .ofs_x = 0, .ofs_y = 14},
    {.bitmap_index = 6261, .adv_w = 206, .box_w = 13, .box_h = 13, .ofs_x = 0, .ofs_y = 0},
    {.bitmap_index = 6346, .adv_w = 216, .box_w = 12, .box_h = 18, .ofs_x = 1, .ofs_y = 0},
    {.bitmap_index = 6454, .adv_w = 200, .box_w = 12, .box_h = 13, .ofs_x = 0, .ofs_y = 0},
    {.bitmap_index = 6532, .adv_w = 217, .box_w = 13, .box_h = 18, .ofs_x = 0, .ofs_y = 0},
    {.bitmap_index = 6649, .adv_w = 208, .box_w = 13, .box_h = 13, .ofs_x = 0, .ofs_y = 0},
    {.bitmap_index = 6734, .adv_w = 138, .box_w = 9, .box_h = 18, .ofs_x = 0, .ofs_y = 0},
    {.bitmap_index = 6815, .adv_w = 219, .box_w = 13, .box_h = 18, .ofs_x = 0, .ofs_y = -5},
    {.bitmap_index = 6932, .adv_w = 215, .box_w = 12, .box_h = 18, .ofs_x = 1, .ofs_y = 0},
    {.bitmap_index = 7040, .adv_w = 102, .box_w = 5, .box_h = 18, .ofs_x = 1, .ofs_y = 0},
    {.bitmap_index = 7085, .adv_w = 100, .box_w = 8, .box_h = 23, .ofs_x = -2, .ofs_y = -5},
    {.bitmap_index = 7177, .adv_w = 205, .box_w = 13, .box_h = 18, .ofs_x = 1, .ofs_y = 0},
    {.bitmap_index = 7294, .adv_w = 102, .box_w = 4, .box_h = 18, .ofs_x = 1, .ofs_y = 0},
    {.bitmap_index = 7330, .adv_w = 332, .box_w = 19, .box_h = 13, .ofs_x = 1, .ofs_y = 0},
    {.bitmap_index = 7454, .adv_w = 215, .box_w = 12, .box_h = 13, .ofs_x = 1, .ofs_y = 0},
    {.bitmap_index = 7532, .adv_w = 217, .box_w = 13, .box_h = 13, .ofs_x = 0, .ofs_y = 0},
    {.bitmap_index = 7617, .adv_w = 216, .box_w = 12, .box_h = 18, .ofs_x = 1, .ofs_y = -5},
    {.bitmap_index = 7725, .adv_w = 217, .box_w = 13, .box_h = 18, .ofs_x = 0, .ofs_y = -5},
    {.bitmap_index = 7842, .adv_w = 140, .box_w = 8, .box_h = 14, .ofs_x = 1, .ofs_y = 0},
    {.bitmap_index = 7898, .adv_w = 198, .box_w = 12, .box_h = 13, .ofs_x = 0, .ofs_y = 0},
    {.bitmap_index = 7976, .adv_w = 130, .box_w = 8, .box_h = 16, .ofs_x = 0, .ofs_y = 0},
    {.bitmap_index = 8040, .adv_w = 215, .box_w = 12, .box_h = 13, .ofs_x = 1, .ofs_y = 0},
    {.bitmap_index = 8118, .adv_w = 194, .box_w = 12, .box_h = 13, .ofs_x = 0, .ofs_y = 0},
    {.bitmap_index = 8196, .adv_w = 282, .box_w = 18, .box_h = 13, .ofs_x = 0, .ofs_y = 0},
    {.bitmap_index = 8313, .adv_w = 196, .box_w = 13, .box_h = 13, .ofs_x = 0, .ofs_y = 0},
    {.bitmap_index = 8398, .adv_w = 193, .box_w = 13, .box_h = 18, .ofs_x = 0, .ofs_y = -5},
    {.bitmap_index = 8515, .adv_w = 196, .box_w = 12, .box_h = 13, .ofs_x = 0, .ofs_y = 0},
    {.bitmap_index = 8593, .adv_w = 127, .box_w = 8, .box_h = 24, .ofs_x = 0, .ofs_y = -5},
    {.bitmap_index = 8689, .adv_w = 97, .box_w = 3, .box_h = 21, .ofs_x = 2, .ofs_y = -4},
    {.bitmap_index = 8721, .adv_w = 127, .box_w = 8, .box_h = 24, .ofs_x = 0, .ofs_y = -5},
    {.bitmap_index = 8817, .adv_w = 249, .box_w = 14, .box_h = 5, .ofs_x = 1, .ofs_y = 4},
    {.bitmap_index = 8852, .adv_w = 96, .box_w = 0, .box_h = 0, .ofs_x = 0, .ofs_y = 0},
    {.bitmap_index = 8852, .adv_w = 109, .box_w = 5, .box_h = 17, .ofs_x = 1, .ofs_y = -4},
    {.bitmap_index = 8895, .adv_w = 221, .box_w = 12, .box_h = 19, .ofs_x = 1, .ofs_y = -3},
    {.bitmap_index = 9009, .adv_w = 228, .box_w = 13, .box_h = 17, .ofs_x = 1, .ofs_y = 0},
    {.bitmap_index = 9120, .adv_w = 266, .box_w = 16, .box_h = 17, .ofs_x = 0, .ofs_y = -1},
    {.bitmap_index = 9256, .adv_w = 206, .box_w = 13, .box_h = 17, .ofs_x = 0, .ofs_y = 0},
    {.bitmap_index = 9367, .adv_w = 97, .box_w = 4, .box_h = 21, .ofs_x = 1, .ofs_y = -4},
    {.bitmap_index = 9409, .adv_w = 241, .box_w = 13, .box_h = 22, .ofs_x = 1, .ofs_y = -5},
    {.bitmap_index = 9552, .adv_w = 179, .box_w = 10, .box_h = 3, .ofs_x = 1, .ofs_y = 15},
    {.bitmap_index = 9567, .adv_w = 301, .box_w = 17, .box_h = 19, .ofs_x = 1, .ofs_y = -1},
    {.bitmap_index = 9729, .adv_w = 170, .box_w = 9, .box_h = 9, .ofs_x = 1, .ofs_y = 8},
    {.bitmap_index = 9770, .adv_w = 192, .box_w = 11, .box_h = 10, .ofs_x = 0, .ofs_y = 1},
    {.bitmap_index = 9825, .adv_w = 212, .box_w = 11, .box_h = 6, .ofs_x = 1, .ofs_y = 4},
    {.bitmap_index = 9858, .adv_w = 149, .box_w = 7, .box_h = 3, .ofs_x = 1, .ofs_y = 6},
    {.bitmap_index = 9869, .adv_w = 301, .box_w = 17, .box_h = 19, .ofs_x = 1, .ofs_y = -1},
    {.bitmap_index = 10031, .adv_w = 192, .box_w = 10, .box_h = 2, .ofs_x = 1, .ofs_y = 15},
    {.bitmap_index = 10041, .adv_w = 149, .box_w = 7, .box_h = 7, .ofs_x = 1, .ofs_y = 11},
    {.bitmap_index = 10066, .adv_w = 206, .box_w = 11, .box_h = 16, .ofs_x = 1, .ofs_y = 0},
    {.bitmap_index = 10154, .adv_w = 143, .box_w = 9, .box_h = 9, .ofs_x = 0, .ofs_y = 8},
    {.bitmap_index = 10195, .adv_w = 143, .box_w = 9, .box_h = 9, .ofs_x = 0, .ofs_y = 8},
    {.bitmap_index = 10236, .adv_w = 128, .box_w = 7, .box_h = 4, .ofs_x = 1, .ofs_y = 14},
    {.bitmap_index = 10250, .adv_w = 236, .box_w = 12, .box_h = 18, .ofs_x = 1, .ofs_y = -5},
    {.bitmap_index = 10358, .adv_w = 188, .box_w = 11, .box_h = 17, .ofs_x = 0, .ofs_y = 0},
    {.bitmap_index = 10452, .adv_w = 116, .box_w = 5, .box_h = 4, .ofs_x = 1, .ofs_y = 6},
    {.bitmap_index = 10462, .adv_w = 103, .box_w = 5, .box_h = 6, .ofs_x = 1, .ofs_y = -5},
    {.bitmap_index = 10477, .adv_w = 143, .box_w = 6, .box_h = 10, .ofs_x = 1, .ofs_y = 8},
    {.bitmap_index = 10507, .adv_w = 176, .box_w = 9, .box_h = 9, .ofs_x = 1, .ofs_y = 8},
    {.bitmap_index = 10548, .adv_w = 192, .box_w = 11, .box_h = 10, .ofs_x = 1, .ofs_y = 1},
    {.bitmap_index = 10603, .adv_w = 276, .box_w = 16, .box_h = 18, .ofs_x = 1, .ofs_y = 0},
    {.bitmap_index = 10747, .adv_w = 292, .box_w = 18, .box_h = 17, .ofs_x = 0, .ofs_y = 0},
    {.bitmap_index = 10900, .adv_w = 310, .box_w = 18, .box_h = 17, .ofs_x = 1, .ofs_y = 0},
    {.bitmap_index = 11053, .adv_w = 191, .box_w = 12, .box_h = 18, .ofs_x = 0, .ofs_y = -5},
    {.bitmap_index = 11161, .adv_w = 259, .box_w = 17, .box_h = 22, .ofs_x = 0, .ofs_y = 0},
    {.bitmap_index = 11348, .adv_w = 259, .box_w = 17, .box_h = 22, .ofs_x = 0, .ofs_y = 0},
    {.bitmap_index = 11535, .adv_w = 259, .box_w = 17, .box_h = 22, .ofs_x = 0, .ofs_y = 0},
    {.bitmap_index = 11722, .adv_w = 259, .box_w = 17, .box_h = 23, .ofs_x = 0, .ofs_y = 0},
    {.bitmap_index = 11918, .adv_w = 259, .box_w = 17, .box_h = 21, .ofs_x = 0, .ofs_y = 0},
    {.bitmap_index = 12097, .adv_w = 259, .box_w = 17, .box_h = 23, .ofs_x = 0, .ofs_y = 0},
    {.bitmap_index = 12293, .adv_w = 361, .box_w = 22, .box_h = 17, .ofs_x = 0, .ofs_y = 0},
    {.bitmap_index = 12480, .adv_w = 251, .box_w = 14, .box_h = 22, .ofs_x = 1, .ofs_y = -5},
    {.bitmap_index = 12634, .adv_w = 216, .box_w = 12, .box_h = 22, .ofs_x = 1, .ofs_y = 0},
    {.bitmap_index = 12766, .adv_w = 216, .box_w = 12, .box_h = 22, .ofs_x = 1, .ofs_y = 0},
    {.bitmap_index = 12898, .adv_w = 216, .box_w = 12, .box_h = 22, .ofs_x = 1, .ofs_y = 0},
    {.bitmap_index = 13030, .adv_w = 216, .box_w = 12, .box_h = 21, .ofs_x = 1, .ofs_y = 0},
    {.bitmap_index = 13156, .adv_w = 112, .box_w = 7, .box_h = 22, .ofs_x = -1, .ofs_y = 0},
    {.bitmap_index = 13233, .adv_w = 112, .box_w = 7, .box_h = 22, .ofs_x = 1, .ofs_y = 0},
    {.bitmap_index = 13310, .adv_w = 112, .box_w = 9, .box_h = 22, .ofs_x = -1, .ofs_y = 0},
    {.bitmap_index = 13409, .adv_w = 112, .box_w = 9, .box_h = 21, .ofs_x = -1, .ofs_y = 0},
    {.bitmap_index = 13504, .adv_w = 255, .box_w = 15, .box_h = 17, .ofs_x = 0, .ofs_y = 0},
    {.bitmap_index = 13632, .adv_w = 271, .box_w = 15, .box_h = 23, .ofs_x = 1, .ofs_y = 0},
    {.bitmap_index = 13805, .adv_w = 265, .box_w = 15, .box_h = 22, .ofs_x = 1, .ofs_y = 0},
    {.bitmap_index = 13970, .adv_w = 265, .box_w = 15, .box_h = 22, .ofs_x = 1, .ofs_y = 0},
    {.bitmap_index = 14135, .adv_w = 265, .box_w = 15, .box_h = 22, .ofs_x = 1, .ofs_y = 0},
    {.bitmap_index = 14300, .adv_w = 265, .box_w = 15, .box_h = 23, .ofs_x = 1, .ofs_y = 0},
    {.bitmap_index = 14473, .adv_w = 265, .box_w = 15, .box_h = 21, .ofs_x = 1, .ofs_y = 0},
    {.bitmap_index = 14631, .adv_w = 204, .box_w = 12, .box_h = 12, .ofs_x = 0, .ofs_y = 2},
    {.bitmap_index = 14703, .adv_w = 265, .box_w = 15, .box_h = 19, .ofs_x = 1, .ofs_y = -1},
    {.bitmap_index = 14846, .adv_w = 253, .box_w = 14, .box_h = 22, .ofs_x = 1, .ofs_y = 0},
    {.bitmap_index = 15000, .adv_w = 253, .box_w = 14, .box_h = 22, .ofs_x = 1, .ofs_y = 0},
    {.bitmap_index = 15154, .adv_w = 253, .box_w = 14, .box_h = 22, .ofs_x = 1, .ofs_y = 0},
    {.bitmap_index = 15308, .adv_w = 253, .box_w = 14, .box_h = 21, .ofs_x = 1, .ofs_y = 0},
    {.bitmap_index = 15455, .adv_w = 238, .box_w = 15, .box_h = 22, .ofs_x = 0, .ofs_y = 0},
    {.bitmap_index = 15620, .adv_w = 234, .box_w = 13, .box_h = 17, .ofs_x = 1, .ofs_y = 0},
    {.bitmap_index = 15731, .adv_w = 242, .box_w = 14, .box_h = 18, .ofs_x = 1, .ofs_y = 0},
    {.bitmap_index = 15857, .adv_w = 206, .box_w = 13, .box_h = 18, .ofs_x = 0, .ofs_y = 0},
    {.bitmap_index = 15974, .adv_w = 206, .box_w = 13, .box_h = 18, .ofs_x = 0, .ofs_y = 0},
    {.bitmap_index = 16091, .adv_w = 206, .box_w = 13, .box_h = 18, .ofs_x = 0, .ofs_y = 0},
    {.bitmap_index = 16208, .adv_w = 206, .box_w = 13, .box_h = 19, .ofs_x = 0, .ofs_y = 0},
    {.bitmap_index = 16332, .adv_w = 206, .box_w = 13, .box_h = 17, .ofs_x = 0, .ofs_y = 0},
    {.bitmap_index = 16443, .adv_w = 206, .box_w = 13, .box_h = 19, .ofs_x = 0, .ofs_y = 0},
    {.bitmap_index = 16567, .adv_w = 324, .box_w = 20, .box_h = 13, .ofs_x = 0, .ofs_y = 0},
    {.bitmap_index = 16697, .adv_w = 200, .box_w = 12, .box_h = 18, .ofs_x = 0, .ofs_y = -5},
    {.bitmap_index = 16805, .adv_w = 208, .box_w = 13, .box_h = 18, .ofs_x = 0, .ofs_y = 0},
    {.bitmap_index = 16922, .adv_w = 208, .box_w = 13, .box_h = 18, .ofs_x = 0, .ofs_y = 0},
    {.bitmap_index = 17039, .adv_w = 208, .box_w = 13, .box_h = 18, .ofs_x = 0, .ofs_y = 0},
    {.bitmap_index = 17156, .adv_w = 208, .box_w = 13, .box_h = 17, .ofs_x = 0, .ofs_y = 0},
    {.bitmap_index = 17267, .adv_w = 105, .box_w = 7, .box_h = 18, .ofs_x = -2, .ofs_y = 0},
    {.bitmap_index = 17330, .adv_w = 105, .box_w = 7, .box_h = 18, .ofs_x = 1, .ofs_y = 0},
    {.bitmap_index = 17393, .adv_w = 105, .box_w = 10, .box_h = 18, .ofs_x = -2, .ofs_y = 0},
    {.bitmap_index = 17483, .adv_w = 105, .box_w = 10, .box_h = 17, .ofs_x = -2, .ofs_y = 0},
    {.bitmap_index = 17568, .adv_w = 221, .box_w = 12, .box_h = 19, .ofs_x = 1, .ofs_y = 0},
    {.bitmap_index = 17682, .adv_w = 215, .box_w = 12, .box_h = 19, .ofs_x = 1, .ofs_y = 0},
    {.bitmap_index = 17796, .adv_w = 217, .box_w = 13, .box_h = 18, .ofs_x = 0, .ofs_y = 0},
    {.bitmap_index = 17913, .adv_w = 217, .box_w = 13, .box_h = 18, .ofs_x = 0, .ofs_y = 0},
    {.bitmap_index = 18030, .adv_w = 217, .box_w = 13, .box_h = 18, .ofs_x = 0, .ofs_y = 0},
    {.bitmap_index = 18147, .adv_w = 217, .box_w = 13, .box_h = 19, .ofs_x = 0, .ofs_y = 0},
    {.bitmap_index = 18271, .adv_w = 217, .box_w = 13, .box_h = 17, .ofs_x = 0, .ofs_y = 0},
    {.bitmap_index = 18382, .adv_w = 219, .box_w = 13, .box_h = 13, .ofs_x = 0, .ofs_y = 2},
    {.bitmap_index = 18467, .adv_w = 217, .box_w = 13, .box_h = 17, .ofs_x = 0, .ofs_y = -2},
    {.bitmap_index = 18578, .adv_w = 215, .box_w = 12, .box_h = 18, .ofs_x = 1, .ofs_y = 0},
    {.bitmap_index = 18686, .adv_w = 215, .box_w = 12, .box_h = 18, .ofs_x = 1, .ofs_y = 0},
    {.bitmap_index = 18794, .adv_w = 215, .box_w = 12, .box_h = 18, .ofs_x = 1, .ofs_y = 0},
    {.bitmap_index = 18902, .adv_w = 215, .box_w = 12, .box_h = 17, .ofs_x = 1, .ofs_y = 0},
    {.bitmap_index = 19004, .adv_w = 193, .box_w = 13, .box_h = 23, .ofs_x = 0, .ofs_y = -5},
    {.bitmap_index = 19154, .adv_w = 218, .box_w = 12, .box_h = 23, .ofs_x = 1, .ofs_y = -5},
    {.bitmap_index = 19292, .adv_w = 193, .box_w = 13, .box_h = 22, .ofs_x = 0, .ofs_y = -5},
    {.bitmap_index = 19435, .adv_w = 240, .box_w = 13, .box_h = 14, .ofs_x = 1, .ofs_y = 0},
    {.bitmap_index = 19526, .adv_w = 227, .box_w = 12, .box_h = 14, .ofs_x = 1, .ofs_y = 0},
    {.bitmap_index = 19610, .adv_w = 231, .box_w = 13, .box_h = 14, .ofs_x = 0, .ofs_y = 0},
    {.bitmap_index = 19701, .adv_w = 248, .box_w = 13, .box_h = 14, .ofs_x = 1, .ofs_y = 0},
    {.bitmap_index = 19792, .adv_w = 253, .box_w = 14, .box_h = 14, .ofs_x = 1, .ofs_y = 0},
    {.bitmap_index = 19890, .adv_w = 245, .box_w = 13, .box_h = 14, .ofs_x = 1, .ofs_y = 0},
    {.bitmap_index = 19981, .adv_w = 219, .box_w = 13, .box_h = 14, .ofs_x = 0, .ofs_y = 0},
    {.bitmap_index = 20072, .adv_w = 215, .box_w = 13, .box_h = 14, .ofs_x = 0, .ofs_y = 0},
    {.bitmap_index = 20163, .adv_w = 239, .box_w = 13, .box_h = 14, .ofs_x = 1, .ofs_y = 0},
    {.bitmap_index = 20254, .adv_w = 230, .box_w = 13, .box_h = 14, .ofs_x = 1, .ofs_y = 0},
    {.bitmap_index = 20345, .adv_w = 232, .box_w = 14, .box_h = 14, .ofs_x = 0, .ofs_y = 0},
    {.bitmap_index = 20443, .adv_w = 356, .box_w = 20, .box_h = 14, .ofs_x = 1, .ofs_y = 0},
    {.bitmap_index = 20583, .adv_w = 360, .box_w = 20, .box_h = 19, .ofs_x = 1, .ofs_y = -5},
    {.bitmap_index = 20773, .adv_w = 245, .box_w = 14, .box_h = 19, .ofs_x = 0, .ofs_y = -5},
    {.bitmap_index = 20906, .adv_w = 245, .box_w = 14, .box_h = 19, .ofs_x = 0, .ofs_y = -5},
    {.bitmap_index = 21039, .adv_w = 220, .box_w = 14, .box_h = 20, .ofs_x = 0, .ofs_y = -5},
    {.bitmap_index = 21179, .adv_w = 250, .box_w = 14, .box_h = 14, .ofs_x = 0, .ofs_y = 0},
    {.bitmap_index = 21277, .adv_w = 362, .box_w = 21, .box_h = 14, .ofs_x = 1, .ofs_y = 0},
    {.bitmap_index = 21424, .adv_w = 360, .box_w = 20, .box_h = 14, .ofs_x = 1, .ofs_y = 0},
    {.bitmap_index = 21564, .adv_w = 243, .box_w = 13, .box_h = 14, .ofs_x = 1, .ofs_y = 0},
    {.bitmap_index = 21655, .adv_w = 251, .box_w = 14, .box_h = 14, .ofs_x = 1, .ofs_y = 0},
    {.bitmap_index = 21753, .adv_w = 240, .box_w = 13, .box_h = 14, .ofs_x = 1, .ofs_y = 0},
    {.bitmap_index = 21844, .adv_w = 247, .box_w = 13, .box_h = 14, .ofs_x = 1, .ofs_y = 0},
    {.bitmap_index = 21935, .adv_w = 215, .box_w = 12, .box_h = 14, .ofs_x = 1, .ofs_y = 0},
    {.bitmap_index = 22019, .adv_w = 248, .box_w = 13, .box_h = 14, .ofs_x = 1, .ofs_y = 0},
    {.bitmap_index = 22110, .adv_w = 243, .box_w = 13, .box_h = 14, .ofs_x = 1, .ofs_y = 0},
    {.bitmap_index = 22201, .adv_w = 244, .box_w = 13, .box_h = 19, .ofs_x = 1, .ofs_y = 0},
    {.bitmap_index = 22325, .adv_w = 262, .box_w = 14, .box_h = 14, .ofs_x = 1, .ofs_y = 0},
    {.bitmap_index = 22423, .adv_w = 262, .box_w = 14, .box_h = 19, .ofs_x = 1, .ofs_y = 0},
    {.bitmap_index = 22556, .adv_w = 279, .box_w = 17, .box_h = 14, .ofs_x = 0, .ofs_y = 0},
    {.bitmap_index = 22675, .adv_w = 276, .box_w = 18, .box_h = 19, .ofs_x = 0, .ofs_y = 0},
    {.bitmap_index = 22846, .adv_w = 245, .box_w = 14, .box_h = 14, .ofs_x = 0, .ofs_y = 0},
    {.bitmap_index = 22944, .adv_w = 248, .box_w = 13, .box_h = 14, .ofs_x = 1, .ofs_y = 0},
    {.bitmap_index = 23035, .adv_w = 239, .box_w = 13, .box_h = 14, .ofs_x = 1, .ofs_y = 0},
    {.bitmap_index = 23126, .adv_w = 199, .box_w = 12, .box_h = 14, .ofs_x = 0, .ofs_y = 0},
    {.bitmap_index = 23210, .adv_w = 240, .box_w = 13, .box_h = 19, .ofs_x = 1, .ofs_y = -5},
    {.bitmap_index = 23334, .adv_w = 230, .box_w = 13, .box_h = 14, .ofs_x = 0, .ofs_y = 0},
    {.bitmap_index = 23425, .adv_w = 245, .box_w = 14, .box_h = 19, .ofs_x = 0, .ofs_y = -5},
    {.bitmap_index = 23558, .adv_w = 197, .box_w = 12, .box_h = 14, .ofs_x = 0, .ofs_y = 0},
    {.bitmap_index = 23642, .adv_w = 253, .box_w = 14, .box_h = 15, .ofs_x = 1, .ofs_y = 0},
    {.bitmap_index = 23747, .adv_w = 259, .box_w = 15, .box_h = 14, .ofs_x = 1, .ofs_y = 0},
    {.bitmap_index = 23852, .adv_w = 231, .box_w = 14, .box_h = 15, .ofs_x = 0, .ofs_y = 0},
    {.bitmap_index = 23957, .adv_w = 239, .box_w = 13, .box_h = 14, .ofs_x = 1, .ofs_y = 0},
    {.bitmap_index = 24048, .adv_w = 272, .box_w = 18, .box_h = 18, .ofs_x = 0, .ofs_y = 0},
    {.bitmap_index = 24210, .adv_w = 228, .box_w = 13, .box_h = 14, .ofs_x = 1, .ofs_y = 0},
    {.bitmap_index = 24301, .adv_w = 229, .box_w = 13, .box_h = 15, .ofs_x = 1, .ofs_y = 0},
    {.bitmap_index = 24399, .adv_w = 209, .box_w = 12, .box_h = 14, .ofs_x = 0, .ofs_y = 0},
    {.bitmap_index = 24483, .adv_w = 137, .box_w = 8, .box_h = 12, .ofs_x = 0, .ofs_y = 1},
    {.bitmap_index = 24531, .adv_w = 0, .box_w = 10, .box_h = 5, .ofs_x = -9, .ofs_y = 16},
    {.bitmap_index = 24556, .adv_w = 167, .box_w = 9, .box_h = 14, .ofs_x = 0, .ofs_y = 0},
    {.bitmap_index = 24619, .adv_w = 167, .box_w = 17, .box_h = 21, .ofs_x = -8, .ofs_y = 0},
    {.bitmap_index = 24798, .adv_w = 0, .box_w = 12, .box_h = 3, .ofs_x = -13, .ofs_y = 16},
    {.bitmap_index = 24816, .adv_w = 0, .box_w = 12, .box_h = 5, .ofs_x = -13, .ofs_y = 16},
    {.bitmap_index = 24846, .adv_w = 0, .box_w = 12, .box_h = 6, .ofs_x = -13, .ofs_y = 16},
    {.bitmap_index = 24882, .adv_w = 0, .box_w = 12, .box_h = 5, .ofs_x = -13, .ofs_y = 16},
    {.bitmap_index = 24912, .adv_w = 0, .box_w = 6, .box_h = 5, .ofs_x = -7, .ofs_y = -7},
    {.bitmap_index = 24927, .adv_w = 0, .box_w = 10, .box_h = 5, .ofs_x = -11, .ofs_y = -7},
    {.bitmap_index = 24952, .adv_w = 0, .box_w = 5, .box_h = 4, .ofs_x = -6, .ofs_y = -5},
    {.bitmap_index = 24962, .adv_w = 223, .box_w = 12, .box_h = 21, .ofs_x = 1, .ofs_y = -2},
    {.bitmap_index = 25088, .adv_w = 131, .box_w = 6, .box_h = 14, .ofs_x = 2, .ofs_y = 0},
    {.bitmap_index = 25130, .adv_w = 247, .box_w = 13, .box_h = 14, .ofs_x = 2, .ofs_y = 0},
    {.bitmap_index = 25221, .adv_w = 134, .box_w = 9, .box_h = 21, .ofs_x = 0, .ofs_y = 0},
    {.bitmap_index = 25316, .adv_w = 130, .box_w = 8, .box_h = 21, .ofs_x = 0, .ofs_y = 0},
    {.bitmap_index = 25400, .adv_w = 133, .box_w = 9, .box_h = 21, .ofs_x = 0, .ofs_y = 0},
    {.bitmap_index = 25495, .adv_w = 167, .box_w = 9, .box_h = 19, .ofs_x = 0, .ofs_y = -5},
    {.bitmap_index = 25581, .adv_w = 245, .box_w = 13, .box_h = 19, .ofs_x = 1, .ofs_y = -5},
    {.bitmap_index = 25705, .adv_w = 0, .box_w = 10, .box_h = 6, .ofs_x = -12, .ofs_y = 15},
    {.bitmap_index = 25735, .adv_w = 0, .box_w = 4, .box_h = 6, .ofs_x = -6, .ofs_y = 16},
    {.bitmap_index = 25747, .adv_w = 0, .box_w = 9, .box_h = 6, .ofs_x = -10, .ofs_y = 16},
    {.bitmap_index = 25774, .adv_w = 0, .box_w = 11, .box_h = 6, .ofs_x = -11, .ofs_y = 15},
    {.bitmap_index = 25807, .adv_w = 0, .box_w = 7, .box_h = 6, .ofs_x = -8, .ofs_y = 16},
    {.bitmap_index = 25828, .adv_w = 0, .box_w = 7, .box_h = 5, .ofs_x = -7, .ofs_y = 15},
    {.bitmap_index = 25846, .adv_w = 0, .box_w = 7, .box_h = 7, .ofs_x = -8, .ofs_y = 14},
    {.bitmap_index = 25871, .adv_w = 0, .box_w = 7, .box_h = 6, .ofs_x = -7, .ofs_y = 15},
    {.bitmap_index = 25892, .adv_w = 247, .box_w = 14, .box_h = 12, .ofs_x = 1, .ofs_y = 0},
    {.bitmap_index = 25976, .adv_w = 218, .box_w = 12, .box_h = 12, .ofs_x = 1, .ofs_y = 0},
    {.bitmap_index = 26048, .adv_w = 205, .box_w = 11, .box_h = 12, .ofs_x = 1, .ofs_y = 0},
    {.bitmap_index = 26114, .adv_w = 247, .box_w = 14, .box_h = 15, .ofs_x = 1, .ofs_y = 0},
    {.bitmap_index = 26219, .adv_w = 217, .box_w = 12, .box_h = 12, .ofs_x = 1, .ofs_y = 0},
    {.bitmap_index = 26291, .adv_w = 206, .box_w = 11, .box_h = 15, .ofs_x = 1, .ofs_y = 0},
    {.bitmap_index = 26374, .adv_w = 213, .box_w = 11, .box_h = 16, .ofs_x = 1, .ofs_y = 0},
    {.bitmap_index = 26462, .adv_w = 202, .box_w = 12, .box_h = 15, .ofs_x = 0, .ofs_y = 0},
    {.bitmap_index = 26552, .adv_w = 288, .box_w = 16, .box_h = 15, .ofs_x = 1, .ofs_y = 0},
    {.bitmap_index = 26672, .adv_w = 218, .box_w = 12, .box_h = 15, .ofs_x = 1, .ofs_y = 0},
    {.bitmap_index = 26762, .adv_w = 211, .box_w = 12, .box_h = 15, .ofs_x = 1, .ofs_y = 0},
    {.bitmap_index = 26852, .adv_w = 318, .box_w = 19, .box_h = 14, .ofs_x = 0, .ofs_y = 0},
    {.bitmap_index = 26985, .adv_w = 348, .box_w = 20, .box_h = 9, .ofs_x = 1, .ofs_y = 2}
};

/*---------------------
 *  CHARACTER MAPPING
 *--------------------*/



/*Collect the unicode lists and glyph_id offsets*/
static const lv_font_fmt_txt_cmap_t cmaps[] =
{
    {
        .range_start = 32, .range_length = 95, .glyph_id_start = 1,
        .unicode_list = NULL, .glyph_id_ofs_list = NULL, .list_length = 0, .type = LV_FONT_FMT_TXT_CMAP_FORMAT0_TINY
    },
    {
        .range_start = 160, .range_length = 96, .glyph_id_start = 96,
        .unicode_list = NULL, .glyph_id_ofs_list = NULL, .list_length = 0, .type = LV_FONT_FMT_TXT_CMAP_FORMAT0_TINY
    },
    {
        .range_start = 3585, .range_length = 58, .glyph_id_start = 192,
        .unicode_list = NULL, .glyph_id_ofs_list = NULL, .list_length = 0, .type = LV_FONT_FMT_TXT_CMAP_FORMAT0_TINY
    },
    {
        .range_start = 3647, .range_length = 29, .glyph_id_start = 250,
        .unicode_list = NULL, .glyph_id_ofs_list = NULL, .list_length = 0, .type = LV_FONT_FMT_TXT_CMAP_FORMAT0_TINY
    }
};



/*--------------------
 *  ALL CUSTOM DATA
 *--------------------*/

#if LVGL_VERSION_MAJOR == 8
/*Store all the custom data of the font*/
static  lv_font_fmt_txt_glyph_cache_t cache;
#endif

#if LVGL_VERSION_MAJOR >= 8
static const lv_font_fmt_txt_dsc_t font_dsc = {
#else
static lv_font_fmt_txt_dsc_t font_dsc = {
#endif
    .glyph_bitmap = glyph_bitmap,
    .glyph_dsc = glyph_dsc,
    .cmaps = cmaps,
    .kern_dsc = NULL,
    .kern_scale = 0,
    .cmap_num = 4,
    .bpp = 4,
    .kern_classes = 0,
    .bitmap_format = 0,
#if LVGL_VERSION_MAJOR == 8
    .cache = &cache
#endif
};

extern const lv_font_t lv_font_montserrat_24;


/*-----------------
 *  PUBLIC FONT
 *----------------*/

/*Initialize a public general font descriptor*/
#if LVGL_VERSION_MAJOR >= 8
const lv_font_t font_thai_24 = {
#else
lv_font_t font_thai_24 = {
#endif
    .get_glyph_dsc = lv_font_get_glyph_dsc_fmt_txt,    /*Function pointer to get glyph's data*/
    .get_glyph_bitmap = lv_font_get_bitmap_fmt_txt,    /*Function pointer to get glyph's bitmap*/
    .line_height = 30,          /*The maximum line height required by the font*/
    .base_line = 7,             /*Baseline measured from the bottom of the line*/
#if !(LVGL_VERSION_MAJOR == 6 && LVGL_VERSION_MINOR == 0)
    .subpx = LV_FONT_SUBPX_NONE,
#endif
#if LV_VERSION_CHECK(7, 4, 0) || LVGL_VERSION_MAJOR >= 8
    .underline_position = -2,
    .underline_thickness = 1,
#endif
    .dsc = &font_dsc,          /*The custom font data. Will be accessed by `get_glyph_bitmap/dsc` */
#if LV_VERSION_CHECK(8, 2, 0) || LVGL_VERSION_MAJOR >= 9
    .fallback = &lv_font_montserrat_24,
#endif
    .user_data = NULL,
};



#endif /*#if FONT_THAI_24*/

