/*******************************************************************************
 * Size: 18 px
 * Bpp: 4
 * Opts: --font /usr/share/fonts/truetype/roboto/unhinted/RobotoTTF/Roboto-Bold.ttf -r 0x20-0x7E,0x00A0-0x00FF --font /usr/share/fonts/truetype/noto/NotoSansThai-Bold.ttf -r 0x0E01-0x0E5B --size 18 --bpp 4 --format lvgl --no-compress --no-kerning --lv-include lvgl.h --lv-fallback lv_font_montserrat_18 -o src/font_thai_18.c
 ******************************************************************************/

#ifdef LV_LVGL_H_INCLUDE_SIMPLE
#include "lvgl.h"
#else
#include "lvgl.h"
#endif

#ifndef FONT_THAI_18
#define FONT_THAI_18 1
#endif

#if FONT_THAI_18

/*-----------------
 *    BITMAPS
 *----------------*/

/*Store the image of the glyphs*/
static LV_ATTRIBUTE_LARGE_CONST const uint8_t glyph_bitmap[] = {
    /* U+0020 " " */

    /* U+0021 "!" */
    0xdf, 0xdc, 0xfc, 0xcf, 0xcb, 0xfb, 0xbf, 0xba,
    0xfa, 0xaf, 0xa9, 0xf9, 0x9f, 0x91, 0x21, 0x5b,
    0x5d, 0xfe, 0x8f, 0x80,

    /* U+0022 "\"" */
    0x7f, 0x59, 0xf3, 0x7f, 0x59, 0xf2, 0x7f, 0x39,
    0xf1, 0x7f, 0x29, 0xf0, 0x6f, 0x9, 0xe0,

    /* U+0023 "#" */
    0x0, 0x0, 0xea, 0xa, 0xf0, 0x0, 0x0, 0x2f,
    0x70, 0xdc, 0x0, 0x0, 0x5, 0xf3, 0xf, 0x80,
    0x0, 0xcf, 0xff, 0xff, 0xff, 0xf6, 0x7, 0x9e,
    0xe9, 0xcf, 0xa9, 0x30, 0x0, 0xeb, 0x9, 0xf0,
    0x0, 0x0, 0xf, 0x90, 0xbe, 0x0, 0x4, 0x9a,
    0xfc, 0x9e, 0xe9, 0x60, 0x7f, 0xff, 0xff, 0xff,
    0xfb, 0x0, 0x8, 0xf1, 0x3f, 0x60, 0x0, 0x0,
    0xae, 0x6, 0xf3, 0x0, 0x0, 0xd, 0xc0, 0x8f,
    0x10, 0x0, 0x0, 0xf9, 0xb, 0xe0, 0x0, 0x0,

    /* U+0024 "$" */
    0x0, 0x0, 0x0, 0x0, 0x0, 0x0, 0x0, 0x3f,
    0x20, 0x0, 0x0, 0x0, 0x3f, 0x20, 0x0, 0x0,
    0x2b, 0xff, 0xe9, 0x0, 0x1, 0xff, 0xff, 0xff,
    0xb0, 0x8, 0xff, 0x40, 0x9f, 0xf3, 0xa, 0xfd,
    0x0, 0x2f, 0xf6, 0x9, 0xff, 0x30, 0x1, 0x10,
    0x2, 0xff, 0xf9, 0x20, 0x0, 0x0, 0x3d, 0xff,
    0xf9, 0x0, 0x0, 0x0, 0x5c, 0xff, 0xc0, 0x0,
    0x0, 0x0, 0x7f, 0xf5, 0x2f, 0xf6, 0x0, 0x1f,
    0xf7, 0xf, 0xfc, 0x10, 0x6f, 0xf5, 0x8, 0xff,
    0xfe, 0xff, 0xe0, 0x0, 0x6e, 0xff, 0xfc, 0x20,
    0x0, 0x0, 0x7f, 0x10, 0x0, 0x0, 0x0, 0x6f,
    0x0, 0x0,

    /* U+0025 "%" */
    0x3, 0xcf, 0xd5, 0x0, 0x0, 0x0, 0x0, 0xee,
    0x8d, 0xf2, 0x0, 0x60, 0x0, 0x2f, 0x80, 0x5f,
    0x50, 0x9f, 0x20, 0x1, 0xfb, 0x8, 0xf4, 0x3f,
    0x70, 0x0, 0xa, 0xff, 0xfd, 0xd, 0xc0, 0x0,
    0x0, 0x4, 0x75, 0x7, 0xf2, 0x0, 0x0, 0x0,
    0x0, 0x2, 0xf8, 0x0, 0x0, 0x0, 0x0, 0x0,
    0xcd, 0x2b, 0xfd, 0x60, 0x0, 0x0, 0x6f, 0x4c,
    0xf9, 0xcf, 0x30, 0x0, 0x1f, 0x90, 0xfb, 0x3,
    0xf7, 0x0, 0xb, 0xe1, 0xf, 0xb0, 0x3f, 0x70,
    0x0, 0x75, 0x0, 0xbf, 0x9c, 0xf3, 0x0, 0x0,
    0x0, 0x1, 0xbf, 0xe6, 0x0,

    /* U+0026 "&" */
    0x0, 0x19, 0xef, 0xc3, 0x0, 0x0, 0x0, 0xbf,
    0xff, 0xfe, 0x10, 0x0, 0x2, 0xff, 0x63, 0xdf,
    0x60, 0x0, 0x3, 0xff, 0x10, 0xcf, 0x50, 0x0,
    0x0, 0xef, 0x9a, 0xfc, 0x0, 0x0, 0x0, 0x5f,
    0xff, 0xa0, 0x0, 0x0, 0x0, 0xbf, 0xff, 0x50,
    0x3a, 0x80, 0xb, 0xfd, 0xbf, 0xf3, 0x7f, 0xc0,
    0x3f, 0xf4, 0x1d, 0xfe, 0xdf, 0x90, 0x5f, 0xf3,
    0x2, 0xef, 0xff, 0x30, 0x2f, 0xfc, 0x33, 0xbf,
    0xfd, 0x0, 0xa, 0xff, 0xff, 0xff, 0xff, 0x70,
    0x0, 0x7d, 0xfe, 0xb4, 0x9f, 0xf3,

    /* U+0027 "'" */
    0x7f, 0x67, 0xf6, 0x7f, 0x57, 0xf4, 0x6f, 0x30,

    /* U+0028 "(" */
    0x0, 0x1, 0x50, 0x2, 0xed, 0x0, 0xdf, 0x40,
    0x7f, 0x90, 0xe, 0xf1, 0x4, 0xfb, 0x0, 0x8f,
    0x80, 0xc, 0xf5, 0x0, 0xdf, 0x40, 0xe, 0xf4,
    0x0, 0xdf, 0x40, 0xc, 0xf5, 0x0, 0xaf, 0x60,
    0x6, 0xf9, 0x0, 0x2f, 0xe0, 0x0, 0xbf, 0x50,
    0x2, 0xfd, 0x0, 0x7, 0xfa, 0x0, 0x7, 0xa0,
    0x0, 0x0,

    /* U+0029 ")" */
    0x23, 0x0, 0x0, 0x8f, 0x50, 0x0, 0x1d, 0xf3,
    0x0, 0x4, 0xfd, 0x0, 0x0, 0xcf, 0x50, 0x0,
    0x6f, 0xb0, 0x0, 0x2f, 0xf0, 0x0, 0xf, 0xf3,
    0x0, 0xf, 0xf4, 0x0, 0xe, 0xf5, 0x0, 0xf,
    0xf4, 0x0, 0xf, 0xf3, 0x0, 0x1f, 0xf1, 0x0,
    0x4f, 0xd0, 0x0, 0x9f, 0x80, 0x1, 0xff, 0x10,
    0x9, 0xf8, 0x0, 0x5f, 0xc0, 0x0, 0x6b, 0x0,
    0x0, 0x0, 0x0, 0x0,

    /* U+002A "*" */
    0x0, 0xa, 0xf0, 0x0, 0x0, 0x0, 0x9f, 0x0,
    0x0, 0x6a, 0x48, 0xe1, 0x78, 0x8, 0xff, 0xff,
    0xff, 0xd0, 0x0, 0x6f, 0xfa, 0x30, 0x0, 0xc,
    0xed, 0xd1, 0x0, 0x9, 0xf6, 0x3f, 0xb0, 0x0,
    0x3a, 0x0, 0x96, 0x0,

    /* U+002B "+" */
    0x0, 0x3, 0x99, 0x0, 0x0, 0x0, 0x5, 0xff,
    0x10, 0x0, 0x0, 0x5, 0xff, 0x10, 0x0, 0x0,
    0x5, 0xff, 0x10, 0x0, 0x8f, 0xff, 0xff, 0xff,
    0xf4, 0x8f, 0xff, 0xff, 0xff, 0xf4, 0x36, 0x69,
    0xff, 0x66, 0x61, 0x0, 0x5, 0xff, 0x10, 0x0,
    0x0, 0x5, 0xff, 0x10, 0x0, 0x0, 0x5, 0xff,
    0x10, 0x0,

    /* U+002C "," */
    0xc, 0xf5, 0xc, 0xf5, 0xd, 0xf4, 0x1f, 0xf0,
    0x7f, 0x70, 0x6, 0x0,

    /* U+002D "-" */
    0x2, 0x22, 0x21, 0xf, 0xff, 0xfe, 0xf, 0xff,
    0xfe,

    /* U+002E "." */
    0x5c, 0x6d, 0xfe, 0x7f, 0x90,

    /* U+002F "/" */
    0x0, 0x0, 0x9, 0xf5, 0x0, 0x0, 0xe, 0xf0,
    0x0, 0x0, 0x3f, 0xa0, 0x0, 0x0, 0x8f, 0x50,
    0x0, 0x0, 0xdf, 0x0, 0x0, 0x3, 0xfb, 0x0,
    0x0, 0x8, 0xf5, 0x0, 0x0, 0xd, 0xf1, 0x0,
    0x0, 0x2f, 0xb0, 0x0, 0x0, 0x7f, 0x60, 0x0,
    0x0, 0xdf, 0x10, 0x0, 0x2, 0xfc, 0x0, 0x0,
    0x7, 0xf6, 0x0, 0x0, 0xc, 0xf1, 0x0, 0x0,
    0x7, 0x60, 0x0, 0x0,

    /* U+0030 "0" */
    0x0, 0x2a, 0xef, 0xc5, 0x0, 0x2, 0xff, 0xff,
    0xff, 0x60, 0xa, 0xff, 0x43, 0xcf, 0xf0, 0xf,
    0xf9, 0x0, 0x3f, 0xf4, 0x1f, 0xf6, 0x0, 0x1f,
    0xf6, 0x2f, 0xf6, 0x0, 0x1f, 0xf7, 0x2f, 0xf6,
    0x0, 0x1f, 0xf7, 0x2f, 0xf6, 0x0, 0x1f, 0xf7,
    0x1f, 0xf7, 0x0, 0x1f, 0xf6, 0xf, 0xf9, 0x0,
    0x4f, 0xf4, 0xa, 0xff, 0x53, 0xcf, 0xf0, 0x2,
    0xff, 0xff, 0xff, 0x60, 0x0, 0x2a, 0xef, 0xc5,
    0x0,

    /* U+0031 "1" */
    0x0, 0x2, 0x8e, 0x1, 0x7c, 0xff, 0xf0, 0x8f,
    0xff, 0xff, 0x7, 0xb6, 0x9f, 0xf0, 0x0, 0x8,
    0xff, 0x0, 0x0, 0x8f, 0xf0, 0x0, 0x8, 0xff,
    0x0, 0x0, 0x8f, 0xf0, 0x0, 0x8, 0xff, 0x0,
    0x0, 0x8f, 0xf0, 0x0, 0x8, 0xff, 0x0, 0x0,
    0x8f, 0xf0, 0x0, 0x8, 0xff, 0x0,

    /* U+0032 "2" */
    0x0, 0x4c, 0xff, 0xc6, 0x0, 0x6, 0xff, 0xff,
    0xff, 0x90, 0xf, 0xfd, 0x33, 0xdf, 0xf1, 0x4f,
    0xf4, 0x0, 0x6f, 0xf3, 0x14, 0x40, 0x0, 0x6f,
    0xf1, 0x0, 0x0, 0x0, 0xdf, 0xb0, 0x0, 0x0,
    0xa, 0xff, 0x20, 0x0, 0x0, 0x9f, 0xf5, 0x0,
    0x0, 0x8, 0xff, 0x60, 0x0, 0x0, 0x8f, 0xf7,
    0x0, 0x0, 0x7, 0xff, 0x91, 0x11, 0x11, 0x1f,
    0xff, 0xff, 0xff, 0xfa, 0x2f, 0xff, 0xff, 0xff,
    0xfa,

    /* U+0033 "3" */
    0x0, 0x5c, 0xfe, 0xc6, 0x0, 0x9, 0xff, 0xff,
    0xff, 0xa0, 0x2f, 0xfb, 0x33, 0xcf, 0xf1, 0x15,
    0x51, 0x0, 0x5f, 0xf3, 0x0, 0x0, 0x1, 0xbf,
    0xe0, 0x0, 0x8, 0xff, 0xfd, 0x30, 0x0, 0x8,
    0xff, 0xfe, 0x40, 0x0, 0x0, 0x12, 0xbf, 0xf1,
    0x0, 0x0, 0x0, 0x2f, 0xf5, 0x5d, 0xd2, 0x0,
    0x2f, 0xf6, 0x3f, 0xfc, 0x33, 0xcf, 0xf3, 0x9,
    0xff, 0xff, 0xff, 0x90, 0x0, 0x6c, 0xff, 0xc6,
    0x0,

    /* U+0034 "4" */
    0x0, 0x0, 0x7, 0xff, 0x60, 0x0, 0x0, 0x2f,
    0xff, 0x60, 0x0, 0x0, 0xbf, 0xff, 0x60, 0x0,
    0x5, 0xfe, 0xff, 0x60, 0x0, 0x1e, 0xf5, 0xff,
    0x60, 0x0, 0xaf, 0x92, 0xff, 0x60, 0x4, 0xfe,
    0x2, 0xff, 0x60, 0xd, 0xf5, 0x2, 0xff, 0x60,
    0x6f, 0xff, 0xff, 0xff, 0xfd, 0x6f, 0xff, 0xff,
    0xff, 0xfd, 0x1, 0x11, 0x13, 0xff, 0x71, 0x0,
    0x0, 0x2, 0xff, 0x60, 0x0, 0x0, 0x2, 0xff,
    0x60,

    /* U+0035 "5" */
    0x1, 0xff, 0xff, 0xff, 0xf2, 0x3, 0xff, 0xff,
    0xff, 0xf2, 0x5, 0xff, 0x32, 0x22, 0x20, 0x6,
    0xfe, 0x0, 0x0, 0x0, 0x8, 0xfe, 0xce, 0xe8,
    0x0, 0xa, 0xff, 0xff, 0xff, 0xb0, 0x3, 0x88,
    0x11, 0xaf, 0xf4, 0x0, 0x0, 0x0, 0x1f, 0xf7,
    0x0, 0x0, 0x0, 0xf, 0xf8, 0xe, 0xe8, 0x0,
    0x2f, 0xf7, 0xc, 0xfe, 0x43, 0xbf, 0xf2, 0x3,
    0xff, 0xff, 0xff, 0x90, 0x0, 0x2a, 0xef, 0xd7,
    0x0,

    /* U+0036 "6" */
    0x0, 0x0, 0x6b, 0xec, 0x0, 0x0, 0x1c, 0xff,
    0xfc, 0x0, 0x0, 0xcf, 0xf9, 0x42, 0x0, 0x6,
    0xff, 0x40, 0x0, 0x0, 0xc, 0xfc, 0xae, 0xfb,
    0x10, 0xf, 0xff, 0xff, 0xff, 0xd0, 0x1f, 0xfe,
    0x42, 0xaf, 0xf5, 0x1f, 0xf7, 0x0, 0xf, 0xf9,
    0x1f, 0xf7, 0x0, 0xe, 0xfa, 0xe, 0xfa, 0x0,
    0xf, 0xf9, 0x9, 0xff, 0x62, 0xaf, 0xf4, 0x1,
    0xdf, 0xff, 0xff, 0xa0, 0x0, 0x19, 0xef, 0xd7,
    0x0,

    /* U+0037 "7" */
    0x7f, 0xff, 0xff, 0xff, 0xf9, 0x7f, 0xff, 0xff,
    0xff, 0xf8, 0x1, 0x11, 0x11, 0x5f, 0xf2, 0x0,
    0x0, 0x0, 0xbf, 0xb0, 0x0, 0x0, 0x2, 0xff,
    0x40, 0x0, 0x0, 0xa, 0xfd, 0x0, 0x0, 0x0,
    0x1f, 0xf6, 0x0, 0x0, 0x0, 0x8f, 0xf0, 0x0,
    0x0, 0x0, 0xff, 0x80, 0x0, 0x0, 0x7, 0xff,
    0x20, 0x0, 0x0, 0xe, 0xfb, 0x0, 0x0, 0x0,
    0x5f, 0xf4, 0x0, 0x0, 0x0, 0xdf, 0xd0, 0x0,
    0x0,

    /* U+0038 "8" */
    0x0, 0x3b, 0xef, 0xc6, 0x0, 0x5, 0xff, 0xff,
    0xff, 0xa0, 0xc, 0xff, 0x43, 0xcf, 0xf1, 0xd,
    0xfa, 0x0, 0x5f, 0xf2, 0x9, 0xfe, 0x21, 0xbf,
    0xe0, 0x1, 0xcf, 0xff, 0xfe, 0x30, 0x1, 0xcf,
    0xff, 0xfe, 0x30, 0xb, 0xfe, 0x42, 0xbf, 0xe1,
    0x1f, 0xf7, 0x0, 0x2f, 0xf5, 0x2f, 0xf7, 0x0,
    0x2f, 0xf6, 0xf, 0xfe, 0x43, 0xbf, 0xf4, 0x6,
    0xff, 0xff, 0xff, 0xb0, 0x0, 0x4b, 0xef, 0xc6,
    0x0,

    /* U+0039 "9" */
    0x0, 0x3b, 0xff, 0xb3, 0x0, 0x3, 0xff, 0xff,
    0xff, 0x30, 0xc, 0xff, 0x44, 0xef, 0xd0, 0x1f,
    0xf8, 0x0, 0x5f, 0xf2, 0x3f, 0xf5, 0x0, 0x2f,
    0xf5, 0x1f, 0xf7, 0x0, 0x2f, 0xf6, 0xe, 0xfe,
    0x21, 0xaf, 0xf5, 0x6, 0xff, 0xff, 0xff, 0xf4,
    0x0, 0x6d, 0xfc, 0x9f, 0xf1, 0x0, 0x0, 0x0,
    0xcf, 0xb0, 0x0, 0x4, 0x6d, 0xff, 0x30, 0x0,
    0x5f, 0xff, 0xf5, 0x0, 0x0, 0x5f, 0xd9, 0x20,
    0x0,

    /* U+003A ":" */
    0x8f, 0x8d, 0xfe, 0x5c, 0x60, 0x0, 0x0, 0x0,
    0x0, 0x0, 0x5, 0xc6, 0xdf, 0xe8, 0xf9,

    /* U+003B ";" */
    0xa, 0xf6, 0xf, 0xfc, 0x7, 0xc4, 0x0, 0x0,
    0x0, 0x0, 0x0, 0x0, 0x0, 0x0, 0x1, 0x31,
    0x9, 0xf9, 0x9, 0xf8, 0xa, 0xf6, 0xe, 0xf2,
    0x4f, 0x80, 0x2, 0x0,

    /* U+003C "<" */
    0x0, 0x0, 0x0, 0x5c, 0x0, 0x0, 0x17, 0xef,
    0xf0, 0x2, 0x9f, 0xff, 0xfb, 0x6, 0xff, 0xfd,
    0x71, 0x0, 0x8f, 0xfa, 0x10, 0x0, 0x4, 0xdf,
    0xff, 0xb5, 0x0, 0x0, 0x5c, 0xff, 0xff, 0x0,
    0x0, 0x3, 0xaf, 0xf0, 0x0, 0x0, 0x0, 0x18,
    0x0,

    /* U+003D "=" */
    0xcf, 0xff, 0xff, 0xff, 0x1c, 0xff, 0xff, 0xff,
    0xf1, 0x12, 0x22, 0x22, 0x22, 0x1, 0x22, 0x22,
    0x22, 0x20, 0xcf, 0xff, 0xff, 0xff, 0x1c, 0xff,
    0xff, 0xff, 0xf1,

    /* U+003E ">" */
    0xb6, 0x0, 0x0, 0x0, 0xff, 0xe8, 0x10, 0x0,
    0xaf, 0xff, 0xfa, 0x30, 0x1, 0x6c, 0xff, 0xf9,
    0x0, 0x1, 0x8f, 0xfb, 0x4, 0xaf, 0xff, 0xe7,
    0xdf, 0xff, 0xd6, 0x0, 0xff, 0xb4, 0x0, 0x0,
    0x82, 0x0, 0x0, 0x0,

    /* U+003F "?" */
    0x1, 0x9d, 0xfd, 0x80, 0x1, 0xef, 0xff, 0xff,
    0xc0, 0x6f, 0xf8, 0x2a, 0xff, 0x35, 0x99, 0x0,
    0x4f, 0xf4, 0x0, 0x0, 0x8, 0xff, 0x10, 0x0,
    0x7, 0xff, 0x70, 0x0, 0x5, 0xff, 0x70, 0x0,
    0x0, 0xcf, 0xa0, 0x0, 0x0, 0xd, 0xe5, 0x0,
    0x0, 0x0, 0x0, 0x0, 0x0, 0x0, 0x8, 0xb2,
    0x0, 0x0, 0x2, 0xff, 0x90, 0x0, 0x0, 0xc,
    0xe4, 0x0, 0x0,

    /* U+0040 "@" */
    0x0, 0x0, 0x6, 0xbe, 0xfe, 0xb6, 0x0, 0x0,
    0x0, 0x1, 0xdf, 0xd9, 0x79, 0xcf, 0xd1, 0x0,
    0x0, 0x1e, 0xf5, 0x0, 0x0, 0x4, 0xed, 0x0,
    0x0, 0xbf, 0x30, 0x0, 0x0, 0x0, 0x4f, 0x80,
    0x4, 0xf9, 0x0, 0x3c, 0xfe, 0x80, 0xb, 0xe0,
    0xa, 0xf1, 0x2, 0xff, 0xad, 0xf4, 0x7, 0xf2,
    0xf, 0xc0, 0xb, 0xf4, 0x8, 0xf3, 0x4, 0xf4,
    0x1f, 0x90, 0x1f, 0xd0, 0xa, 0xf1, 0x3, 0xf5,
    0x3f, 0x70, 0x5f, 0x90, 0xb, 0xf0, 0x4, 0xf4,
    0x3f, 0x70, 0x7f, 0x70, 0xd, 0xf0, 0x7, 0xf1,
    0x3f, 0x80, 0x6f, 0x90, 0x1f, 0xe0, 0xd, 0xc0,
    0xf, 0xb0, 0x1f, 0xf8, 0xde, 0xf9, 0xbf, 0x40,
    0xc, 0xf1, 0x5, 0xef, 0x82, 0xcf, 0xd5, 0x0,
    0x6, 0xf9, 0x0, 0x0, 0x0, 0x0, 0x0, 0x0,
    0x0, 0xcf, 0x91, 0x0, 0x0, 0x10, 0x0, 0x0,
    0x0, 0x1b, 0xff, 0xb9, 0xac, 0xe0, 0x0, 0x0,
    0x0, 0x0, 0x5a, 0xef, 0xec, 0x70, 0x0, 0x0,

    /* U+0041 "A" */
    0x0, 0x0, 0x5f, 0xf7, 0x0, 0x0, 0x0, 0x0,
    0xb, 0xff, 0xd0, 0x0, 0x0, 0x0, 0x1, 0xff,
    0xff, 0x30, 0x0, 0x0, 0x0, 0x7f, 0xed, 0xf9,
    0x0, 0x0, 0x0, 0xd, 0xfa, 0x8f, 0xe0, 0x0,
    0x0, 0x2, 0xff, 0x42, 0xff, 0x40, 0x0, 0x0,
    0x8f, 0xe0, 0xd, 0xfa, 0x0, 0x0, 0xe, 0xf9,
    0x0, 0x7f, 0xf1, 0x0, 0x4, 0xff, 0xff, 0xff,
    0xff, 0x60, 0x0, 0xaf, 0xff, 0xff, 0xff, 0xfc,
    0x0, 0xf, 0xfb, 0x33, 0x33, 0x9f, 0xf2, 0x6,
    0xff, 0x50, 0x0, 0x3, 0xff, 0x80, 0xbf, 0xf0,
    0x0, 0x0, 0xe, 0xfd, 0x0,

    /* U+0042 "B" */
    0xdf, 0xff, 0xfe, 0xc6, 0x0, 0xdf, 0xff, 0xff,
    0xff, 0xc0, 0xdf, 0xd3, 0x35, 0xdf, 0xf4, 0xdf,
    0xc0, 0x0, 0x5f, 0xf5, 0xdf, 0xc0, 0x1, 0xaf,
    0xf1, 0xdf, 0xff, 0xff, 0xfe, 0x50, 0xdf, 0xff,
    0xff, 0xff, 0x80, 0xdf, 0xc0, 0x0, 0x8f, 0xf5,
    0xdf, 0xc0, 0x0, 0xf, 0xf9, 0xdf, 0xc0, 0x0,
    0x1f, 0xf9, 0xdf, 0xd3, 0x34, 0xbf, 0xf6, 0xdf,
    0xff, 0xff, 0xff, 0xd0, 0xdf, 0xff, 0xff, 0xd8,
    0x10,

    /* U+0043 "C" */
    0x0, 0x5, 0xcf, 0xfd, 0x80, 0x0, 0x0, 0x9f,
    0xff, 0xff, 0xfd, 0x10, 0x6, 0xff, 0xc5, 0x49,
    0xff, 0x90, 0xd, 0xfe, 0x0, 0x0, 0xbf, 0xf0,
    0x1f, 0xf9, 0x0, 0x0, 0x48, 0x81, 0x3f, 0xf7,
    0x0, 0x0, 0x0, 0x0, 0x3f, 0xf7, 0x0, 0x0,
    0x0, 0x0, 0x3f, 0xf7, 0x0, 0x0, 0x0, 0x0,
    0x1f, 0xf9, 0x0, 0x0, 0x37, 0x71, 0xd, 0xfe,
    0x0, 0x0, 0xbf, 0xf0, 0x6, 0xff, 0xc5, 0x49,
    0xff, 0xa0, 0x0, 0xaf, 0xff, 0xff, 0xfd, 0x10,
    0x0, 0x6, 0xcf, 0xfd, 0x81, 0x0,

    /* U+0044 "D" */
    0xdf, 0xff, 0xfd, 0x80, 0x0, 0xdf, 0xff, 0xff,
    0xfd, 0x20, 0xdf, 0xd3, 0x48, 0xff, 0xd0, 0xdf,
    0xc0, 0x0, 0x6f, 0xf6, 0xdf, 0xc0, 0x0, 0xf,
    0xfb, 0xdf, 0xc0, 0x0, 0xd, 0xfe, 0xdf, 0xc0,
    0x0, 0xc, 0xfe, 0xdf, 0xc0, 0x0, 0xd, 0xfe,
    0xdf, 0xc0, 0x0, 0xf, 0xfb, 0xdf, 0xc0, 0x0,
    0x7f, 0xf6, 0xdf, 0xd3, 0x38, 0xff, 0xd0, 0xdf,
    0xff, 0xff, 0xfe, 0x20, 0xdf, 0xff, 0xfd, 0x81,
    0x0,

    /* U+0045 "E" */
    0xdf, 0xff, 0xff, 0xff, 0xbd, 0xff, 0xff, 0xff,
    0xfb, 0xdf, 0xd3, 0x33, 0x33, 0x2d, 0xfc, 0x0,
    0x0, 0x0, 0xdf, 0xc0, 0x0, 0x0, 0xd, 0xff,
    0xff, 0xff, 0xd0, 0xdf, 0xff, 0xff, 0xfd, 0xd,
    0xfc, 0x22, 0x22, 0x10, 0xdf, 0xc0, 0x0, 0x0,
    0xd, 0xfc, 0x0, 0x0, 0x0, 0xdf, 0xd3, 0x33,
    0x33, 0x2d, 0xff, 0xff, 0xff, 0xfb, 0xdf, 0xff,
    0xff, 0xff, 0xb0,

    /* U+0046 "F" */
    0xdf, 0xff, 0xff, 0xff, 0x7d, 0xff, 0xff, 0xff,
    0xf7, 0xdf, 0xd3, 0x33, 0x33, 0x1d, 0xfc, 0x0,
    0x0, 0x0, 0xdf, 0xc0, 0x0, 0x0, 0xd, 0xfd,
    0x33, 0x33, 0x20, 0xdf, 0xff, 0xff, 0xfd, 0xd,
    0xff, 0xff, 0xff, 0xd0, 0xdf, 0xc0, 0x0, 0x0,
    0xd, 0xfc, 0x0, 0x0, 0x0, 0xdf, 0xc0, 0x0,
    0x0, 0xd, 0xfc, 0x0, 0x0, 0x0, 0xdf, 0xc0,
    0x0, 0x0, 0x0,

    /* U+0047 "G" */
    0x0, 0x5, 0xbe, 0xfe, 0xa2, 0x0, 0x0, 0x8f,
    0xff, 0xff, 0xff, 0x20, 0x5, 0xff, 0xd5, 0x37,
    0xff, 0xc0, 0xc, 0xff, 0x10, 0x0, 0x8f, 0xf1,
    0xf, 0xfb, 0x0, 0x0, 0x2, 0x20, 0x2f, 0xf8,
    0x0, 0x0, 0x0, 0x0, 0x2f, 0xf8, 0x0, 0xcf,
    0xff, 0xf4, 0x2f, 0xf9, 0x0, 0xcf, 0xff, 0xf4,
    0xf, 0xfb, 0x0, 0x0, 0x6f, 0xf4, 0xc, 0xff,
    0x20, 0x0, 0x6f, 0xf4, 0x4, 0xff, 0xe6, 0x34,
    0xcf, 0xf4, 0x0, 0x7f, 0xff, 0xff, 0xff, 0xc1,
    0x0, 0x4, 0xbe, 0xfe, 0xb6, 0x0,

    /* U+0048 "H" */
    0xdf, 0xc0, 0x0, 0x1, 0xff, 0x9d, 0xfc, 0x0,
    0x0, 0x1f, 0xf9, 0xdf, 0xc0, 0x0, 0x1, 0xff,
    0x9d, 0xfc, 0x0, 0x0, 0x1f, 0xf9, 0xdf, 0xc0,
    0x0, 0x1, 0xff, 0x9d, 0xff, 0xff, 0xff, 0xff,
    0xf9, 0xdf, 0xff, 0xff, 0xff, 0xff, 0x9d, 0xfd,
    0x33, 0x33, 0x4f, 0xf9, 0xdf, 0xc0, 0x0, 0x1,
    0xff, 0x9d, 0xfc, 0x0, 0x0, 0x1f, 0xf9, 0xdf,
    0xc0, 0x0, 0x1, 0xff, 0x9d, 0xfc, 0x0, 0x0,
    0x1f, 0xf9, 0xdf, 0xc0, 0x0, 0x1, 0xff, 0x90,

    /* U+0049 "I" */
    0xbf, 0xfb, 0xff, 0xbf, 0xfb, 0xff, 0xbf, 0xfb,
    0xff, 0xbf, 0xfb, 0xff, 0xbf, 0xfb, 0xff, 0xbf,
    0xfb, 0xff, 0xbf, 0xf0,

    /* U+004A "J" */
    0x0, 0x0, 0x0, 0xbf, 0xf0, 0x0, 0x0, 0xb,
    0xff, 0x0, 0x0, 0x0, 0xbf, 0xf0, 0x0, 0x0,
    0xb, 0xff, 0x0, 0x0, 0x0, 0xbf, 0xf0, 0x0,
    0x0, 0xb, 0xff, 0x0, 0x0, 0x0, 0xbf, 0xf0,
    0x0, 0x0, 0xb, 0xff, 0x0, 0x0, 0x0, 0xbf,
    0xf9, 0xff, 0x10, 0xc, 0xfe, 0x6f, 0xfa, 0x37,
    0xff, 0xa0, 0xdf, 0xff, 0xff, 0xe2, 0x0, 0x8d,
    0xfe, 0xa1, 0x0,

    /* U+004B "K" */
    0xdf, 0xc0, 0x0, 0x3f, 0xfe, 0x1d, 0xfc, 0x0,
    0x1d, 0xff, 0x40, 0xdf, 0xc0, 0xb, 0xff, 0x70,
    0xd, 0xfc, 0x7, 0xff, 0xa0, 0x0, 0xdf, 0xc3,
    0xff, 0xd0, 0x0, 0xd, 0xfd, 0xef, 0xf2, 0x0,
    0x0, 0xdf, 0xff, 0xff, 0x60, 0x0, 0xd, 0xff,
    0xff, 0xfe, 0x10, 0x0, 0xdf, 0xf7, 0x6f, 0xfa,
    0x0, 0xd, 0xfd, 0x0, 0xcf, 0xf5, 0x0, 0xdf,
    0xc0, 0x2, 0xff, 0xe1, 0xd, 0xfc, 0x0, 0x7,
    0xff, 0x90, 0xdf, 0xc0, 0x0, 0xd, 0xff, 0x40,

    /* U+004C "L" */
    0xdf, 0xc0, 0x0, 0x0, 0xd, 0xfc, 0x0, 0x0,
    0x0, 0xdf, 0xc0, 0x0, 0x0, 0xd, 0xfc, 0x0,
    0x0, 0x0, 0xdf, 0xc0, 0x0, 0x0, 0xd, 0xfc,
    0x0, 0x0, 0x0, 0xdf, 0xc0, 0x0, 0x0, 0xd,
    0xfc, 0x0, 0x0, 0x0, 0xdf, 0xc0, 0x0, 0x0,
    0xd, 0xfc, 0x0, 0x0, 0x0, 0xdf, 0xd3, 0x33,
    0x33, 0x1d, 0xff, 0xff, 0xff, 0xf6, 0xdf, 0xff,
    0xff, 0xff, 0x60,

    /* U+004D "M" */
    0xdf, 0xfc, 0x0, 0x0, 0x0, 0xff, 0xf9, 0xdf,
    0xff, 0x10, 0x0, 0x5, 0xff, 0xf9, 0xdf, 0xff,
    0x70, 0x0, 0xb, 0xff, 0xf9, 0xdf, 0xef, 0xc0,
    0x0, 0x1f, 0xfe, 0xf9, 0xdf, 0xaf, 0xf2, 0x0,
    0x6f, 0xcd, 0xf9, 0xdf, 0x9b, 0xf7, 0x0, 0xbf,
    0x7d, 0xf9, 0xdf, 0xa5, 0xfd, 0x1, 0xff, 0x1e,
    0xf9, 0xdf, 0xb0, 0xff, 0x26, 0xfb, 0xf, 0xf9,
    0xdf, 0xb0, 0xaf, 0x8c, 0xf6, 0xf, 0xf9, 0xdf,
    0xc0, 0x4f, 0xef, 0xf0, 0xf, 0xf9, 0xdf, 0xc0,
    0xe, 0xff, 0xa0, 0xf, 0xf9, 0xdf, 0xc0, 0x9,
    0xff, 0x50, 0xf, 0xf9, 0xdf, 0xc0, 0x3, 0xfe,
    0x0, 0xf, 0xf9,

    /* U+004E "N" */
    0xdf, 0xf1, 0x0, 0x1, 0xff, 0x9d, 0xff, 0xa0,
    0x0, 0x1f, 0xf9, 0xdf, 0xff, 0x40, 0x1, 0xff,
    0x9d, 0xff, 0xfd, 0x0, 0x1f, 0xf9, 0xdf, 0xef,
    0xf7, 0x1, 0xff, 0x9d, 0xfc, 0x9f, 0xf1, 0x1f,
    0xf9, 0xdf, 0xc1, 0xef, 0xa1, 0xff, 0x9d, 0xfc,
    0x6, 0xff, 0x5f, 0xf9, 0xdf, 0xc0, 0xc, 0xfe,
    0xff, 0x9d, 0xfc, 0x0, 0x3f, 0xff, 0xf9, 0xdf,
    0xc0, 0x0, 0x9f, 0xff, 0x9d, 0xfc, 0x0, 0x1,
    0xef, 0xf9, 0xdf, 0xc0, 0x0, 0x6, 0xff, 0x90,

    /* U+004F "O" */
    0x0, 0x4, 0xbe, 0xfd, 0x70, 0x0, 0x0, 0x8f,
    0xff, 0xff, 0xfd, 0x10, 0x5, 0xff, 0xd6, 0x49,
    0xff, 0xb0, 0xc, 0xff, 0x10, 0x0, 0xaf, 0xf3,
    0x1f, 0xfa, 0x0, 0x0, 0x3f, 0xf7, 0x3f, 0xf7,
    0x0, 0x0, 0x1f, 0xf9, 0x3f, 0xf6, 0x0, 0x0,
    0xf, 0xfa, 0x3f, 0xf7, 0x0, 0x0, 0x1f, 0xf9,
    0x1f, 0xfa, 0x0, 0x0, 0x3f, 0xf7, 0xc, 0xff,
    0x10, 0x0, 0xaf, 0xf3, 0x5, 0xff, 0xd5, 0x5a,
    0xff, 0xb0, 0x0, 0x8f, 0xff, 0xff, 0xfd, 0x10,
    0x0, 0x4, 0xbf, 0xfd, 0x80, 0x0,

    /* U+0050 "P" */
    0xdf, 0xff, 0xff, 0xd8, 0x10, 0xdf, 0xff, 0xff,
    0xff, 0xd1, 0xdf, 0xd3, 0x34, 0xaf, 0xf9, 0xdf,
    0xc0, 0x0, 0xd, 0xfe, 0xdf, 0xc0, 0x0, 0xc,
    0xfe, 0xdf, 0xc0, 0x0, 0x5f, 0xfb, 0xdf, 0xff,
    0xff, 0xff, 0xf3, 0xdf, 0xff, 0xff, 0xfc, 0x30,
    0xdf, 0xd3, 0x32, 0x10, 0x0, 0xdf, 0xc0, 0x0,
    0x0, 0x0, 0xdf, 0xc0, 0x0, 0x0, 0x0, 0xdf,
    0xc0, 0x0, 0x0, 0x0, 0xdf, 0xc0, 0x0, 0x0,
    0x0,

    /* U+0051 "Q" */
    0x0, 0x4, 0xbe, 0xfd, 0x70, 0x0, 0x0, 0x8f,
    0xff, 0xff, 0xfd, 0x10, 0x5, 0xff, 0xd6, 0x4a,
    0xff, 0xb0, 0xd, 0xff, 0x10, 0x0, 0xaf, 0xf3,
    0x1f, 0xfa, 0x0, 0x0, 0x4f, 0xf7, 0x3f, 0xf7,
    0x0, 0x0, 0x1f, 0xf9, 0x4f, 0xf6, 0x0, 0x0,
    0xf, 0xfa, 0x3f, 0xf7, 0x0, 0x0, 0x1f, 0xf9,
    0x1f, 0xfa, 0x0, 0x0, 0x4f, 0xf7, 0xc, 0xff,
    0x10, 0x0, 0xaf, 0xf2, 0x5, 0xff, 0xd5, 0x5a,
    0xff, 0xa0, 0x0, 0x8f, 0xff, 0xff, 0xfd, 0x10,
    0x0, 0x4, 0xbf, 0xff, 0xfe, 0x40, 0x0, 0x0,
    0x0, 0x3, 0xef, 0xf4, 0x0, 0x0, 0x0, 0x0,
    0x1c, 0x90, 0x0, 0x0, 0x0, 0x0, 0x0, 0x0,

    /* U+0052 "R" */
    0xdf, 0xff, 0xfe, 0xc6, 0x0, 0xd, 0xff, 0xff,
    0xff, 0xfc, 0x0, 0xdf, 0xd3, 0x34, 0xcf, 0xf6,
    0xd, 0xfc, 0x0, 0x2, 0xff, 0x90, 0xdf, 0xc0,
    0x0, 0x1f, 0xf9, 0xd, 0xfc, 0x0, 0x1a, 0xff,
    0x50, 0xdf, 0xff, 0xff, 0xff, 0xb0, 0xd, 0xff,
    0xff, 0xff, 0x90, 0x0, 0xdf, 0xd3, 0x3e, 0xfd,
    0x0, 0xd, 0xfc, 0x0, 0x7f, 0xf5, 0x0, 0xdf,
    0xc0, 0x0, 0xef, 0xd0, 0xd, 0xfc, 0x0, 0x7,
    0xff, 0x50, 0xdf, 0xc0, 0x0, 0xe, 0xfd, 0x0,

    /* U+0053 "S" */
    0x0, 0x29, 0xdf, 0xfb, 0x40, 0x0, 0x4f, 0xff,
    0xff, 0xff, 0x70, 0xd, 0xff, 0x63, 0x5d, 0xff,
    0x20, 0xff, 0xb0, 0x0, 0x4f, 0xf5, 0xd, 0xfe,
    0x40, 0x0, 0x0, 0x0, 0x4f, 0xff, 0xc7, 0x10,
    0x0, 0x0, 0x2b, 0xff, 0xff, 0x90, 0x0, 0x0,
    0x2, 0x8e, 0xff, 0xb0, 0x13, 0x30, 0x0, 0x9,
    0xff, 0x44, 0xff, 0x60, 0x0, 0x4f, 0xf6, 0xe,
    0xfe, 0x63, 0x4c, 0xff, 0x40, 0x4f, 0xff, 0xff,
    0xff, 0xb0, 0x0, 0x29, 0xdf, 0xec, 0x60, 0x0,

    /* U+0054 "T" */
    0xaf, 0xff, 0xff, 0xff, 0xff, 0xca, 0xff, 0xff,
    0xff, 0xff, 0xfc, 0x23, 0x33, 0xdf, 0xe3, 0x33,
    0x20, 0x0, 0xc, 0xfd, 0x0, 0x0, 0x0, 0x0,
    0xcf, 0xd0, 0x0, 0x0, 0x0, 0xc, 0xfd, 0x0,
    0x0, 0x0, 0x0, 0xcf, 0xd0, 0x0, 0x0, 0x0,
    0xc, 0xfd, 0x0, 0x0, 0x0, 0x0, 0xcf, 0xd0,
    0x0, 0x0, 0x0, 0xc, 0xfd, 0x0, 0x0, 0x0,
    0x0, 0xcf, 0xd0, 0x0, 0x0, 0x0, 0xc, 0xfd,
    0x0, 0x0, 0x0, 0x0, 0xcf, 0xd0, 0x0, 0x0,

    /* U+0055 "U" */
    0xff, 0xa0, 0x0, 0xd, 0xfd, 0xff, 0xa0, 0x0,
    0xd, 0xfd, 0xff, 0xa0, 0x0, 0xd, 0xfd, 0xff,
    0xa0, 0x0, 0xd, 0xfd, 0xff, 0xa0, 0x0, 0xd,
    0xfd, 0xff, 0xa0, 0x0, 0xd, 0xfd, 0xff, 0xa0,
    0x0, 0xd, 0xfd, 0xff, 0xa0, 0x0, 0xd, 0xfd,
    0xff, 0xb0, 0x0, 0xd, 0xfd, 0xdf, 0xd0, 0x0,
    0xf, 0xfb, 0x9f, 0xfa, 0x44, 0xbf, 0xf6, 0x1d,
    0xff, 0xff, 0xff, 0xb0, 0x0, 0x8d, 0xff, 0xc6,
    0x0,

    /* U+0056 "V" */
    0xcf, 0xf2, 0x0, 0x0, 0x5f, 0xf8, 0x6f, 0xf6,
    0x0, 0x0, 0xaf, 0xf3, 0x1f, 0xfb, 0x0, 0x0,
    0xff, 0xd0, 0xb, 0xff, 0x0, 0x4, 0xff, 0x80,
    0x6, 0xff, 0x50, 0x8, 0xff, 0x20, 0x1, 0xff,
    0x90, 0xd, 0xfd, 0x0, 0x0, 0xbf, 0xe0, 0x2f,
    0xf7, 0x0, 0x0, 0x5f, 0xf3, 0x7f, 0xf2, 0x0,
    0x0, 0xf, 0xf7, 0xcf, 0xc0, 0x0, 0x0, 0xa,
    0xfd, 0xff, 0x70, 0x0, 0x0, 0x5, 0xff, 0xff,
    0x10, 0x0, 0x0, 0x0, 0xff, 0xfc, 0x0, 0x0,
    0x0, 0x0, 0xaf, 0xf6, 0x0, 0x0,

    /* U+0057 "W" */
    0x9f, 0xf0, 0x0, 0x5f, 0xf2, 0x0, 0x4f, 0xf5,
    0x5f, 0xf3, 0x0, 0x9f, 0xf5, 0x0, 0x7f, 0xf2,
    0x2f, 0xf6, 0x0, 0xcf, 0xf9, 0x0, 0xaf, 0xe0,
    0xe, 0xf9, 0x0, 0xff, 0xfd, 0x0, 0xcf, 0xb0,
    0xb, 0xfc, 0x4, 0xfe, 0xff, 0x0, 0xff, 0x70,
    0x7, 0xff, 0x7, 0xf9, 0xdf, 0x42, 0xff, 0x40,
    0x4, 0xff, 0x2b, 0xf5, 0x9f, 0x85, 0xff, 0x0,
    0x0, 0xff, 0x5e, 0xf1, 0x5f, 0xb8, 0xfd, 0x0,
    0x0, 0xdf, 0xbf, 0xe0, 0x1f, 0xfc, 0xf9, 0x0,
    0x0, 0x9f, 0xff, 0xa0, 0xd, 0xff, 0xf6, 0x0,
    0x0, 0x6f, 0xff, 0x60, 0xa, 0xff, 0xf2, 0x0,
    0x0, 0x2f, 0xff, 0x20, 0x6, 0xff, 0xf0, 0x0,
    0x0, 0xf, 0xfe, 0x0, 0x2, 0xff, 0xb0, 0x0,

    /* U+0058 "X" */
    0x6f, 0xf9, 0x0, 0x2, 0xff, 0xd0, 0xd, 0xff,
    0x20, 0xa, 0xff, 0x40, 0x4, 0xff, 0xa0, 0x3f,
    0xfb, 0x0, 0x0, 0xaf, 0xf3, 0xbf, 0xf2, 0x0,
    0x0, 0x2f, 0xfe, 0xff, 0x80, 0x0, 0x0, 0x8,
    0xff, 0xfe, 0x10, 0x0, 0x0, 0x1, 0xff, 0xf9,
    0x0, 0x0, 0x0, 0x9, 0xff, 0xff, 0x10, 0x0,
    0x0, 0x2f, 0xfd, 0xff, 0xa0, 0x0, 0x0, 0xbf,
    0xf2, 0xbf, 0xf3, 0x0, 0x5, 0xff, 0x90, 0x2f,
    0xfc, 0x0, 0xe, 0xff, 0x10, 0xa, 0xff, 0x50,
    0x8f, 0xf8, 0x0, 0x1, 0xff, 0xe0,

    /* U+0059 "Y" */
    0xbf, 0xf2, 0x0, 0x0, 0xff, 0xd0, 0x3f, 0xf9,
    0x0, 0x7, 0xff, 0x50, 0xb, 0xff, 0x10, 0xe,
    0xfd, 0x0, 0x3, 0xff, 0x70, 0x5f, 0xf5, 0x0,
    0x0, 0xbf, 0xe0, 0xdf, 0xd0, 0x0, 0x0, 0x3f,
    0xfa, 0xff, 0x50, 0x0, 0x0, 0xa, 0xff, 0xfc,
    0x0, 0x0, 0x0, 0x2, 0xff, 0xf4, 0x0, 0x0,
    0x0, 0x0, 0xcf, 0xe0, 0x0, 0x0, 0x0, 0x0,
    0xcf, 0xe0, 0x0, 0x0, 0x0, 0x0, 0xcf, 0xe0,
    0x0, 0x0, 0x0, 0x0, 0xcf, 0xe0, 0x0, 0x0,
    0x0, 0x0, 0xcf, 0xe0, 0x0, 0x0,

    /* U+005A "Z" */
    0x5f, 0xff, 0xff, 0xff, 0xff, 0x45, 0xff, 0xff,
    0xff, 0xff, 0xf2, 0x13, 0x33, 0x33, 0x6f, 0xf9,
    0x0, 0x0, 0x0, 0xd, 0xfe, 0x0, 0x0, 0x0,
    0x9, 0xff, 0x40, 0x0, 0x0, 0x4, 0xff, 0x90,
    0x0, 0x0, 0x1, 0xef, 0xd0, 0x0, 0x0, 0x0,
    0xaf, 0xf3, 0x0, 0x0, 0x0, 0x5f, 0xf8, 0x0,
    0x0, 0x0, 0x1e, 0xfd, 0x0, 0x0, 0x0, 0xb,
    0xff, 0x63, 0x33, 0x33, 0x14, 0xff, 0xff, 0xff,
    0xff, 0xf6, 0x5f, 0xff, 0xff, 0xff, 0xff, 0x60,

    /* U+005B "[" */
    0x0, 0x0, 0xff, 0xfd, 0xff, 0xfd, 0xff, 0x90,
    0xff, 0x90, 0xff, 0x90, 0xff, 0x90, 0xff, 0x90,
    0xff, 0x90, 0xff, 0x90, 0xff, 0x90, 0xff, 0x90,
    0xff, 0x90, 0xff, 0x90, 0xff, 0x90, 0xff, 0x90,
    0xff, 0x90, 0xff, 0xfd, 0xff, 0xfd,

    /* U+005C "\\" */
    0xdf, 0xc0, 0x0, 0x0, 0x7f, 0xf2, 0x0, 0x0,
    0x1f, 0xf8, 0x0, 0x0, 0xb, 0xfe, 0x0, 0x0,
    0x5, 0xff, 0x40, 0x0, 0x0, 0xff, 0x90, 0x0,
    0x0, 0x9f, 0xf0, 0x0, 0x0, 0x3f, 0xf5, 0x0,
    0x0, 0xd, 0xfb, 0x0, 0x0, 0x8, 0xff, 0x10,
    0x0, 0x2, 0xff, 0x70, 0x0, 0x0, 0xcf, 0xd0,
    0x0, 0x0, 0x6f, 0xf3, 0x0, 0x0, 0xf, 0xf9,
    0x0, 0x0, 0x6, 0x86,

    /* U+005D "]" */
    0x0, 0x0, 0xef, 0xfe, 0xef, 0xfe, 0xa, 0xfe,
    0xa, 0xfe, 0xa, 0xfe, 0xa, 0xfe, 0xa, 0xfe,
    0xa, 0xfe, 0xa, 0xfe, 0xa, 0xfe, 0xa, 0xfe,
    0xa, 0xfe, 0xa, 0xfe, 0xa, 0xfe, 0xa, 0xfe,
    0xa, 0xfe, 0xef, 0xfe, 0xef, 0xfe,

    /* U+005E "^" */
    0x0, 0x7, 0x70, 0x0, 0x0, 0x6f, 0xf4, 0x0,
    0x0, 0xcf, 0xfa, 0x0, 0x3, 0xfb, 0xdf, 0x10,
    0x9, 0xf5, 0x7f, 0x70, 0xf, 0xf0, 0x1f, 0xd0,
    0x6f, 0x90, 0xb, 0xf4,

    /* U+005F "_" */
    0x0, 0x0, 0x0, 0x0, 0xf, 0xff, 0xff, 0xff,
    0xf0, 0xff, 0xff, 0xff, 0xff, 0x0,

    /* U+0060 "`" */
    0x2c, 0xd6, 0x0, 0x6f, 0xf1, 0x0, 0x8f, 0xa0,

    /* U+0061 "a" */
    0x0, 0x6c, 0xfe, 0xa2, 0x0, 0x9, 0xff, 0xff,
    0xff, 0x20, 0x1f, 0xf9, 0x3, 0xff, 0x80, 0x2,
    0x20, 0x0, 0xef, 0xa0, 0x1, 0x9d, 0xff, 0xff,
    0xa0, 0xd, 0xfe, 0x98, 0xff, 0xa0, 0x4f, 0xf4,
    0x0, 0xef, 0xa0, 0x5f, 0xf6, 0x5, 0xff, 0xa0,
    0x1e, 0xff, 0xff, 0xff, 0xb0, 0x2, 0xbf, 0xe8,
    0xaf, 0xe0,

    /* U+0062 "b" */
    0xf, 0xf8, 0x0, 0x0, 0x0, 0xf, 0xf8, 0x0,
    0x0, 0x0, 0xf, 0xf8, 0x0, 0x0, 0x0, 0xf,
    0xf8, 0x0, 0x0, 0x0, 0xf, 0xf9, 0xaf, 0xe9,
    0x0, 0xf, 0xff, 0xff, 0xff, 0xa0, 0xf, 0xfe,
    0x43, 0xbf, 0xf2, 0xf, 0xf8, 0x0, 0x3f, 0xf6,
    0xf, 0xf8, 0x0, 0xf, 0xf7, 0xf, 0xf8, 0x0,
    0xf, 0xf7, 0xf, 0xf8, 0x0, 0x3f, 0xf6, 0xf,
    0xfe, 0x43, 0xbf, 0xf2, 0xf, 0xff, 0xff, 0xff,
    0xa0, 0xf, 0xf6, 0xaf, 0xe9, 0x0,

    /* U+0063 "c" */
    0x0, 0x4c, 0xff, 0xb3, 0x0, 0x5f, 0xff, 0xff,
    0xf3, 0xe, 0xfc, 0x34, 0xef, 0xb4, 0xff, 0x50,
    0x6, 0xcb, 0x6f, 0xf2, 0x0, 0x0, 0x6, 0xff,
    0x20, 0x0, 0x0, 0x4f, 0xf4, 0x0, 0x48, 0x70,
    0xef, 0xc3, 0x3d, 0xfb, 0x5, 0xff, 0xff, 0xff,
    0x30, 0x5, 0xcf, 0xeb, 0x20,

    /* U+0064 "d" */
    0x0, 0x0, 0x0, 0x6f, 0xf2, 0x0, 0x0, 0x0,
    0x6f, 0xf2, 0x0, 0x0, 0x0, 0x6f, 0xf2, 0x0,
    0x0, 0x0, 0x6f, 0xf2, 0x0, 0x7e, 0xfb, 0x8f,
    0xf2, 0x7, 0xff, 0xff, 0xff, 0xf2, 0xe, 0xfd,
    0x34, 0xdf, 0xf2, 0x4f, 0xf5, 0x0, 0x6f, 0xf2,
    0x5f, 0xf2, 0x0, 0x6f, 0xf2, 0x5f, 0xf2, 0x0,
    0x6f, 0xf2, 0x4f, 0xf5, 0x0, 0x6f, 0xf2, 0xe,
    0xfd, 0x34, 0xdf, 0xf2, 0x7, 0xff, 0xff, 0xff,
    0xf2, 0x0, 0x7e, 0xfb, 0x5f, 0xf2,

    /* U+0065 "e" */
    0x0, 0x3b, 0xff, 0xc4, 0x0, 0x3, 0xff, 0xff,
    0xff, 0x50, 0xd, 0xfe, 0x33, 0xcf, 0xd0, 0x2f,
    0xf6, 0x0, 0x4f, 0xf2, 0x5f, 0xff, 0xff, 0xff,
    0xf3, 0x5f, 0xfd, 0xcc, 0xcc, 0xc3, 0x3f, 0xf7,
    0x0, 0x0, 0x0, 0xd, 0xff, 0x62, 0x4d, 0x60,
    0x3, 0xff, 0xff, 0xff, 0xc0, 0x0, 0x2a, 0xef,
    0xd8, 0x0,

    /* U+0066 "f" */
    0x0, 0x1a, 0xef, 0x60, 0xd, 0xff, 0xf7, 0x3,
    0xff, 0x92, 0x10, 0x5f, 0xf3, 0x0, 0xcf, 0xff,
    0xff, 0x1a, 0xef, 0xfe, 0xe1, 0x5, 0xff, 0x30,
    0x0, 0x5f, 0xf3, 0x0, 0x5, 0xff, 0x30, 0x0,
    0x5f, 0xf3, 0x0, 0x5, 0xff, 0x30, 0x0, 0x5f,
    0xf3, 0x0, 0x5, 0xff, 0x30, 0x0, 0x5f, 0xf3,
    0x0,

    /* U+0067 "g" */
    0x0, 0x6d, 0xfd, 0x5f, 0xf5, 0x6, 0xff, 0xff,
    0xff, 0xf5, 0xe, 0xfe, 0x43, 0xbf, 0xf5, 0x3f,
    0xf6, 0x0, 0x3f, 0xf5, 0x5f, 0xf2, 0x0, 0x3f,
    0xf5, 0x5f, 0xf2, 0x0, 0x3f, 0xf5, 0x3f, 0xf6,
    0x0, 0x3f, 0xf5, 0xe, 0xfe, 0x43, 0xbf, 0xf5,
    0x6, 0xff, 0xff, 0xff, 0xf5, 0x0, 0x6d, 0xfc,
    0x7f, 0xf4, 0x0, 0x10, 0x0, 0x6f, 0xf3, 0x3,
    0xe5, 0x13, 0xef, 0xf0, 0x9, 0xff, 0xff, 0xff,
    0x50, 0x0, 0x7d, 0xff, 0xb4, 0x0,

    /* U+0068 "h" */
    0x1f, 0xf7, 0x0, 0x0, 0x0, 0x1f, 0xf7, 0x0,
    0x0, 0x0, 0x1f, 0xf7, 0x0, 0x0, 0x0, 0x1f,
    0xf7, 0x0, 0x0, 0x0, 0x1f, 0xf8, 0x9e, 0xe9,
    0x10, 0x1f, 0xff, 0xff, 0xff, 0xa0, 0x1f, 0xfd,
    0x43, 0xdf, 0xf0, 0x1f, 0xf7, 0x0, 0x7f, 0xf1,
    0x1f, 0xf7, 0x0, 0x6f, 0xf2, 0x1f, 0xf7, 0x0,
    0x6f, 0xf2, 0x1f, 0xf7, 0x0, 0x6f, 0xf2, 0x1f,
    0xf7, 0x0, 0x6f, 0xf2, 0x1f, 0xf7, 0x0, 0x6f,
    0xf2, 0x1f, 0xf7, 0x0, 0x6f, 0xf2,

    /* U+0069 "i" */
    0xa, 0xf6, 0xf, 0xfc, 0x6, 0xa3, 0x0, 0x0,
    0xe, 0xfa, 0xe, 0xfa, 0xe, 0xfa, 0xe, 0xfa,
    0xe, 0xfa, 0xe, 0xfa, 0xe, 0xfa, 0xe, 0xfa,
    0xe, 0xfa, 0xe, 0xfa,

    /* U+006A "j" */
    0x0, 0xaf, 0x60, 0xf, 0xfb, 0x0, 0x6a, 0x30,
    0x0, 0x0, 0x0, 0xef, 0xa0, 0xe, 0xfa, 0x0,
    0xef, 0xa0, 0xe, 0xfa, 0x0, 0xef, 0xa0, 0xe,
    0xfa, 0x0, 0xef, 0xa0, 0xe, 0xfa, 0x0, 0xef,
    0xa0, 0xe, 0xfa, 0x0, 0xef, 0xa2, 0x5f, 0xf8,
    0xdf, 0xff, 0x2c, 0xfd, 0x40,

    /* U+006B "k" */
    0xf, 0xf8, 0x0, 0x0, 0x0, 0xf, 0xf8, 0x0,
    0x0, 0x0, 0xf, 0xf8, 0x0, 0x0, 0x0, 0xf,
    0xf8, 0x0, 0x0, 0x0, 0xf, 0xf8, 0x1, 0xef,
    0xe2, 0xf, 0xf8, 0xc, 0xff, 0x40, 0xf, 0xf8,
    0x9f, 0xf6, 0x0, 0xf, 0xfd, 0xff, 0x90, 0x0,
    0xf, 0xff, 0xff, 0x40, 0x0, 0xf, 0xff, 0xff,
    0xe0, 0x0, 0xf, 0xfd, 0x5f, 0xf8, 0x0, 0xf,
    0xf8, 0xa, 0xff, 0x30, 0xf, 0xf8, 0x1, 0xff,
    0xd0, 0xf, 0xf8, 0x0, 0x6f, 0xf7,

    /* U+006C "l" */
    0xef, 0xae, 0xfa, 0xef, 0xae, 0xfa, 0xef, 0xae,
    0xfa, 0xef, 0xae, 0xfa, 0xef, 0xae, 0xfa, 0xef,
    0xae, 0xfa, 0xef, 0xae, 0xfa,

    /* U+006D "m" */
    0xf, 0xf7, 0xae, 0xfb, 0x26, 0xdf, 0xd4, 0x0,
    0xff, 0xff, 0xff, 0xfe, 0xff, 0xff, 0xf2, 0xf,
    0xfd, 0x10, 0xcf, 0xf7, 0x3, 0xff, 0x70, 0xff,
    0x80, 0x8, 0xff, 0x10, 0xf, 0xf9, 0xf, 0xf8,
    0x0, 0x7f, 0xf1, 0x0, 0xff, 0x90, 0xff, 0x80,
    0x7, 0xff, 0x10, 0xf, 0xf9, 0xf, 0xf8, 0x0,
    0x7f, 0xf1, 0x0, 0xff, 0x90, 0xff, 0x80, 0x7,
    0xff, 0x10, 0xf, 0xf9, 0xf, 0xf8, 0x0, 0x7f,
    0xf1, 0x0, 0xff, 0x90, 0xff, 0x80, 0x7, 0xff,
    0x10, 0xf, 0xf9,

    /* U+006E "n" */
    0x1f, 0xf7, 0xae, 0xea, 0x10, 0x1f, 0xff, 0xff,
    0xff, 0xb0, 0x1f, 0xfc, 0x10, 0xbf, 0xf0, 0x1f,
    0xf7, 0x0, 0x6f, 0xf1, 0x1f, 0xf7, 0x0, 0x6f,
    0xf2, 0x1f, 0xf7, 0x0, 0x6f, 0xf2, 0x1f, 0xf7,
    0x0, 0x6f, 0xf2, 0x1f, 0xf7, 0x0, 0x6f, 0xf2,
    0x1f, 0xf7, 0x0, 0x6f, 0xf2, 0x1f, 0xf7, 0x0,
    0x6f, 0xf2,

    /* U+006F "o" */
    0x0, 0x3b, 0xff, 0xc5, 0x0, 0x4, 0xff, 0xff,
    0xff, 0x70, 0xe, 0xfe, 0x43, 0xcf, 0xf1, 0x4f,
    0xf5, 0x0, 0x3f, 0xf6, 0x6f, 0xf2, 0x0, 0xf,
    0xf8, 0x6f, 0xf2, 0x0, 0xf, 0xf8, 0x4f, 0xf5,
    0x0, 0x3f, 0xf6, 0xe, 0xfe, 0x43, 0xcf, 0xf1,
    0x4, 0xff, 0xff, 0xff, 0x70, 0x0, 0x4b, 0xff,
    0xc5, 0x0,

    /* U+0070 "p" */
    0xf, 0xf8, 0xbe, 0xe9, 0x0, 0xf, 0xff, 0xff,
    0xff, 0xa0, 0xf, 0xfd, 0x10, 0xaf, 0xf2, 0xf,
    0xf8, 0x0, 0x2f, 0xf6, 0xf, 0xf8, 0x0, 0xf,
    0xf7, 0xf, 0xf8, 0x0, 0xf, 0xf7, 0xf, 0xf8,
    0x0, 0x4f, 0xf5, 0xf, 0xfe, 0x43, 0xcf, 0xf1,
    0xf, 0xff, 0xff, 0xff, 0x90, 0xf, 0xf9, 0xaf,
    0xe9, 0x0, 0xf, 0xf8, 0x0, 0x0, 0x0, 0xf,
    0xf8, 0x0, 0x0, 0x0, 0xf, 0xf8, 0x0, 0x0,
    0x0, 0xf, 0xf8, 0x0, 0x0, 0x0,

    /* U+0071 "q" */
    0x0, 0x7e, 0xfc, 0x4f, 0xf2, 0x7, 0xff, 0xff,
    0xff, 0xf2, 0xe, 0xfd, 0x33, 0xdf, 0xf2, 0x4f,
    0xf5, 0x0, 0x6f, 0xf2, 0x5f, 0xf2, 0x0, 0x6f,
    0xf2, 0x5f, 0xf2, 0x0, 0x6f, 0xf2, 0x3f, 0xf5,
    0x0, 0x6f, 0xf2, 0xe, 0xfd, 0x34, 0xdf, 0xf2,
    0x7, 0xff, 0xff, 0xff, 0xf2, 0x0, 0x7e, 0xfb,
    0x8f, 0xf2, 0x0, 0x0, 0x0, 0x6f, 0xf2, 0x0,
    0x0, 0x0, 0x6f, 0xf2, 0x0, 0x0, 0x0, 0x6f,
    0xf2, 0x0, 0x0, 0x0, 0x6f, 0xf2,

    /* U+0072 "r" */
    0x0, 0x0, 0x0, 0x0, 0xff, 0x8b, 0xf5, 0xf,
    0xff, 0xff, 0x50, 0xff, 0xf8, 0x62, 0xf, 0xf9,
    0x0, 0x0, 0xff, 0x80, 0x0, 0xf, 0xf8, 0x0,
    0x0, 0xff, 0x80, 0x0, 0xf, 0xf8, 0x0, 0x0,
    0xff, 0x80, 0x0, 0xf, 0xf8, 0x0, 0x0,

    /* U+0073 "s" */
    0x0, 0x7d, 0xfe, 0xa2, 0x0, 0xaf, 0xfe, 0xff,
    0xe1, 0x1f, 0xf6, 0x3, 0xff, 0x71, 0xff, 0x91,
    0x2, 0x21, 0x9, 0xff, 0xfd, 0x81, 0x0, 0x4,
    0xaf, 0xff, 0xe2, 0x24, 0x30, 0x5, 0xff, 0x85,
    0xff, 0x40, 0x1f, 0xf8, 0xc, 0xff, 0xef, 0xff,
    0x20, 0x9, 0xef, 0xea, 0x20,

    /* U+0074 "t" */
    0x4, 0x88, 0x0, 0x8, 0xff, 0x0, 0x8, 0xff,
    0x0, 0xef, 0xff, 0xfa, 0xdf, 0xff, 0xe9, 0x8,
    0xff, 0x0, 0x8, 0xff, 0x0, 0x8, 0xff, 0x0,
    0x8, 0xff, 0x0, 0x8, 0xff, 0x0, 0x7, 0xff,
    0x52, 0x3, 0xff, 0xfb, 0x0, 0x7e, 0xf9,

    /* U+0075 "u" */
    0x1f, 0xf7, 0x0, 0x6f, 0xf2, 0x1f, 0xf7, 0x0,
    0x6f, 0xf2, 0x1f, 0xf7, 0x0, 0x6f, 0xf2, 0x1f,
    0xf7, 0x0, 0x6f, 0xf2, 0x1f, 0xf7, 0x0, 0x6f,
    0xf2, 0x1f, 0xf7, 0x0, 0x6f, 0xf2, 0x1f, 0xf7,
    0x0, 0x6f, 0xf2, 0xf, 0xfd, 0x34, 0xdf, 0xf2,
    0xa, 0xff, 0xff, 0xff, 0xf2, 0x0, 0x9e, 0xfb,
    0x6f, 0xf2,

    /* U+0076 "v" */
    0xbf, 0xe0, 0x0, 0xdf, 0xc6, 0xff, 0x20, 0x1f,
    0xf7, 0x1f, 0xf6, 0x5, 0xff, 0x20, 0xcf, 0xb0,
    0x9f, 0xd0, 0x7, 0xff, 0xe, 0xf8, 0x0, 0x1f,
    0xf5, 0xff, 0x30, 0x0, 0xcf, 0xdf, 0xd0, 0x0,
    0x7, 0xff, 0xf8, 0x0, 0x0, 0x2f, 0xff, 0x30,
    0x0, 0x0, 0xdf, 0xe0, 0x0,

    /* U+0077 "w" */
    0xaf, 0xc0, 0x7, 0xfa, 0x0, 0x9f, 0xd6, 0xff,
    0x0, 0xbf, 0xe0, 0xc, 0xf9, 0x2f, 0xf3, 0xf,
    0xff, 0x30, 0xff, 0x50, 0xef, 0x64, 0xff, 0xf7,
    0x3f, 0xf1, 0xa, 0xf9, 0x8f, 0x8f, 0xb6, 0xfd,
    0x0, 0x6f, 0xcd, 0xf1, 0xef, 0xaf, 0x90, 0x2,
    0xff, 0xfc, 0x9, 0xff, 0xf6, 0x0, 0xe, 0xff,
    0x80, 0x5f, 0xff, 0x20, 0x0, 0xbf, 0xf3, 0x0,
    0xff, 0xe0, 0x0, 0x7, 0xfe, 0x0, 0xb, 0xfa,
    0x0,

    /* U+0078 "x" */
    0x6f, 0xf4, 0x1, 0xff, 0xa0, 0xd, 0xfd, 0x9,
    0xff, 0x10, 0x4, 0xff, 0x8f, 0xf8, 0x0, 0x0,
    0xcf, 0xff, 0xe0, 0x0, 0x0, 0x3f, 0xff, 0x60,
    0x0, 0x0, 0x5f, 0xff, 0x80, 0x0, 0x0, 0xdf,
    0xff, 0xf1, 0x0, 0x6, 0xff, 0x5f, 0xfa, 0x0,
    0xe, 0xfb, 0x8, 0xff, 0x30, 0x8f, 0xf3, 0x0,
    0xef, 0xc0,

    /* U+0079 "y" */
    0xcf, 0xe0, 0x0, 0xdf, 0xd0, 0x7f, 0xf3, 0x2,
    0xff, 0x80, 0x2f, 0xf7, 0x6, 0xff, 0x20, 0xc,
    0xfc, 0xb, 0xfd, 0x0, 0x7, 0xff, 0x1f, 0xf8,
    0x0, 0x2, 0xff, 0x9f, 0xf2, 0x0, 0x0, 0xcf,
    0xff, 0xd0, 0x0, 0x0, 0x7f, 0xff, 0x80, 0x0,
    0x0, 0x2f, 0xff, 0x20, 0x0, 0x0, 0xd, 0xfd,
    0x0, 0x0, 0x0, 0xd, 0xf8, 0x0, 0x0, 0x2,
    0x7f, 0xf2, 0x0, 0x0, 0xf, 0xff, 0xb0, 0x0,
    0x0, 0xd, 0xfb, 0x10, 0x0, 0x0,

    /* U+007A "z" */
    0x3f, 0xff, 0xff, 0xff, 0x63, 0xff, 0xff, 0xff,
    0xf5, 0x1, 0x11, 0x4f, 0xfb, 0x0, 0x0, 0xd,
    0xfe, 0x10, 0x0, 0x9, 0xff, 0x40, 0x0, 0x4,
    0xff, 0x90, 0x0, 0x1, 0xef, 0xd0, 0x0, 0x0,
    0xbf, 0xf4, 0x11, 0x10, 0x4f, 0xff, 0xff, 0xff,
    0x85, 0xff, 0xff, 0xff, 0xf8,

    /* U+007B "{" */
    0x0, 0x1, 0x93, 0x0, 0x2e, 0xf7, 0x0, 0x9f,
    0xb0, 0x0, 0xef, 0x50, 0x0, 0xff, 0x40, 0x0,
    0xff, 0x40, 0x0, 0xff, 0x30, 0x6, 0xff, 0x0,
    0x8f, 0xf6, 0x0, 0x9f, 0xf4, 0x0, 0x7, 0xff,
    0x0, 0x1, 0xff, 0x30, 0x0, 0xff, 0x40, 0x0,
    0xff, 0x40, 0x0, 0xef, 0x50, 0x0, 0xaf, 0xa0,
    0x0, 0x3f, 0xf6, 0x0, 0x2, 0xb4,

    /* U+007C "|" */
    0x7f, 0x17, 0xf1, 0x7f, 0x17, 0xf1, 0x7f, 0x17,
    0xf1, 0x7f, 0x17, 0xf1, 0x7f, 0x17, 0xf1, 0x7f,
    0x17, 0xf1, 0x7f, 0x17, 0xf1, 0x7f, 0x14, 0xa0,

    /* U+007D "}" */
    0x48, 0x10, 0x0, 0x8f, 0xe1, 0x0, 0xb, 0xf8,
    0x0, 0x6, 0xfd, 0x0, 0x5, 0xff, 0x0, 0x5,
    0xff, 0x0, 0x4, 0xff, 0x0, 0x1, 0xff, 0x50,
    0x0, 0x7f, 0xf7, 0x0, 0x5f, 0xf8, 0x1, 0xff,
    0x70, 0x4, 0xff, 0x0, 0x5, 0xff, 0x0, 0x5,
    0xff, 0x0, 0x6, 0xfd, 0x0, 0xb, 0xf9, 0x0,
    0x7f, 0xf2, 0x0, 0x5a, 0x20, 0x0,

    /* U+007E "~" */
    0x0, 0x1, 0x10, 0x0, 0x0, 0x0, 0x1c, 0xff,
    0x90, 0x2, 0xd9, 0x9, 0xff, 0xff, 0xc3, 0xaf,
    0x80, 0xef, 0x33, 0xdf, 0xff, 0xf2, 0xa, 0x80,
    0x1, 0xaf, 0xe5, 0x0,

    /* U+00A0 " " */

    /* U+00A1 "¡" */
    0x7f, 0x9d, 0xfe, 0x4b, 0x60, 0x0, 0x12, 0x18,
    0xfa, 0x8f, 0xa9, 0xfb, 0x9f, 0xba, 0xfc, 0xaf,
    0xcb, 0xfd, 0xcf, 0xdc, 0xfe,

    /* U+00A2 "¢" */
    0x0, 0x0, 0x1, 0x0, 0x0, 0x0, 0x0, 0x9f,
    0x20, 0x0, 0x0, 0x0, 0x9f, 0x20, 0x0, 0x0,
    0x3c, 0xff, 0xe7, 0x0, 0x2, 0xff, 0xff, 0xff,
    0x80, 0xa, 0xfe, 0x31, 0xaf, 0xf0, 0xf, 0xf9,
    0x0, 0x2b, 0xb1, 0x1f, 0xf7, 0x0, 0x0, 0x0,
    0x1f, 0xf7, 0x0, 0x0, 0x0, 0xe, 0xf9, 0x0,
    0x29, 0x91, 0x9, 0xff, 0x53, 0xbf, 0xf0, 0x1,
    0xef, 0xff, 0xff, 0x60, 0x0, 0x2a, 0xff, 0xc4,
    0x0, 0x0, 0x0, 0x9f, 0x20, 0x0, 0x0, 0x0,
    0x9f, 0x20, 0x0,

    /* U+00A3 "£" */
    0x0, 0x2, 0xbf, 0xfd, 0x60, 0x0, 0x2, 0xff,
    0xff, 0xff, 0x70, 0x0, 0xaf, 0xf6, 0x4d, 0xff,
    0x0, 0xd, 0xfd, 0x0, 0x4b, 0xb1, 0x0, 0xdf,
    0xd0, 0x0, 0x0, 0x0, 0x2d, 0xfe, 0x22, 0x10,
    0x0, 0x2f, 0xff, 0xff, 0xf9, 0x0, 0x2, 0xff,
    0xff, 0xff, 0x90, 0x0, 0x0, 0xbf, 0xf0, 0x0,
    0x0, 0x0, 0xa, 0xff, 0x0, 0x0, 0x0, 0x3,
    0xef, 0xc3, 0x33, 0x33, 0x1, 0xff, 0xff, 0xff,
    0xff, 0xf3, 0x1f, 0xff, 0xff, 0xff, 0xff, 0x30,

    /* U+00A4 "¤" */
    0x8, 0x60, 0x6a, 0xb8, 0x21, 0xb2, 0x1e, 0xfd,
    0xff, 0xff, 0xfd, 0xf9, 0x4, 0xff, 0x81, 0x4,
    0xdf, 0xc0, 0x6, 0xf7, 0x0, 0x0, 0x1e, 0xe0,
    0xc, 0xe0, 0x0, 0x0, 0x7, 0xf4, 0xe, 0xb0,
    0x0, 0x0, 0x3, 0xf6, 0xe, 0xa0, 0x0, 0x0,
    0x2, 0xf6, 0xc, 0xd0, 0x0, 0x0, 0x5, 0xf4,
    0x8, 0xf4, 0x0, 0x0, 0xc, 0xf0, 0x4, 0xfe,
    0x40, 0x0, 0xaf, 0xc0, 0x1e, 0xff, 0xfd, 0xcf,
    0xff, 0xf9, 0x9, 0x72, 0xae, 0xfd, 0x61, 0xc2,
    0x0, 0x0, 0x0, 0x0, 0x0, 0x0,

    /* U+00A5 "¥" */
    0xbf, 0xf1, 0x0, 0x6f, 0xf5, 0x3f, 0xf7, 0x0,
    0xcf, 0xd0, 0xc, 0xfd, 0x2, 0xff, 0x70, 0x5,
    0xff, 0x38, 0xff, 0x0, 0x0, 0xef, 0xae, 0xf9,
    0x0, 0x0, 0x7f, 0xff, 0xf2, 0x0, 0x19, 0xaf,
    0xff, 0xe9, 0x50, 0x3f, 0xff, 0xff, 0xff, 0xa0,
    0x0, 0x8, 0xff, 0x10, 0x0, 0x3f, 0xff, 0xff,
    0xff, 0xa0, 0x19, 0x9c, 0xff, 0x99, 0x50, 0x0,
    0x8, 0xff, 0x10, 0x0, 0x0, 0x8, 0xff, 0x10,
    0x0,

    /* U+00A6 "¦" */
    0xef, 0x6e, 0xf6, 0xef, 0x6e, 0xf6, 0xef, 0x6e,
    0xf6, 0xce, 0x50, 0x0, 0x33, 0x1e, 0xf6, 0xef,
    0x6e, 0xf6, 0xef, 0x6e, 0xf6, 0xef, 0x6e, 0xf6,

    /* U+00A7 "§" */
    0x0, 0x2a, 0xdf, 0xeb, 0x40, 0x0, 0x4f, 0xff,
    0xff, 0xff, 0x60, 0xc, 0xfe, 0x52, 0x4e, 0xff,
    0x0, 0xef, 0xa0, 0x0, 0x5c, 0xc1, 0xb, 0xff,
    0x71, 0x0, 0x0, 0x0, 0x3f, 0xff, 0xfc, 0x71,
    0x0, 0x6, 0xff, 0xdf, 0xff, 0xf5, 0x0, 0xff,
    0x70, 0x28, 0xff, 0xf1, 0x2f, 0xf8, 0x0, 0x4,
    0xff, 0x50, 0xef, 0xfa, 0x40, 0x4f, 0xf4, 0x4,
    0xef, 0xff, 0xff, 0xfb, 0x0, 0x0, 0x7c, 0xff,
    0xff, 0x50, 0x0, 0x0, 0x2, 0x7f, 0xfe, 0x1,
    0xbb, 0x40, 0x0, 0x7f, 0xf1, 0xf, 0xfd, 0x42,
    0x3c, 0xff, 0x0, 0x6f, 0xff, 0xff, 0xff, 0x80,
    0x0, 0x4b, 0xef, 0xeb, 0x50, 0x0,

    /* U+00A8 "¨" */
    0x2, 0x20, 0x1, 0x40, 0x1f, 0xf2, 0xc, 0xf6,
    0xd, 0xd1, 0x9, 0xf4,

    /* U+00A9 "©" */
    0x0, 0x0, 0x6c, 0xee, 0xc6, 0x0, 0x0, 0x0,
    0x1c, 0xd6, 0x33, 0x6d, 0xc1, 0x0, 0x0, 0xc9,
    0x1a, 0xee, 0x91, 0x9c, 0x0, 0x7, 0xc0, 0xad,
    0x45, 0xe8, 0xc, 0x70, 0xe, 0x30, 0xf5, 0x0,
    0x8a, 0x4, 0xe0, 0x1f, 0x2, 0xf2, 0x0, 0x0,
    0x0, 0xf1, 0x3d, 0x2, 0xf2, 0x0, 0x0, 0x0,
    0xd3, 0x2e, 0x1, 0xf4, 0x0, 0x68, 0x0, 0xf1,
    0xe, 0x20, 0xcc, 0x12, 0xd9, 0x3, 0xe0, 0x8,
    0xa0, 0x2d, 0xff, 0xc1, 0xa, 0x80, 0x1, 0xe7,
    0x0, 0x21, 0x0, 0x7e, 0x10, 0x0, 0x3e, 0xa3,
    0x0, 0x3b, 0xe3, 0x0, 0x0, 0x1, 0x9f, 0xff,
    0xf9, 0x10, 0x0, 0x0, 0x0, 0x0, 0x11, 0x0,
    0x0, 0x0,

    /* U+00AA "ª" */
    0x9, 0xee, 0x90, 0x7f, 0x77, 0xf6, 0x13, 0x0,
    0xe9, 0x1a, 0xde, 0xfa, 0xae, 0x31, 0xea, 0xbe,
    0x57, 0xfa, 0x3d, 0xfb, 0xdc,

    /* U+00AB "«" */
    0x0, 0x3, 0x20, 0x24, 0x0, 0x6, 0xf5, 0x1e,
    0xb0, 0x2, 0xfc, 0xb, 0xf2, 0x0, 0xcf, 0x36,
    0xf9, 0x0, 0x3f, 0xd0, 0xcf, 0x30, 0x0, 0x9f,
    0x53, 0xfb, 0x0, 0x0, 0xdd, 0x8, 0xf4, 0x0,
    0x3, 0xf7, 0xc, 0xd0,

    /* U+00AC "¬" */
    0x78, 0x88, 0x88, 0x83, 0xef, 0xff, 0xff, 0xf7,
    0x0, 0x0, 0x4, 0xf7, 0x0, 0x0, 0x4, 0xf7,
    0x0, 0x0, 0x2, 0x83,

    /* U+00AD "­" */
    0x2, 0x22, 0x21, 0xf, 0xff, 0xfe, 0xf, 0xff,
    0xfe,

    /* U+00AE "®" */
    0x0, 0x0, 0x6c, 0xee, 0xc6, 0x0, 0x0, 0x0,
    0x1c, 0xd6, 0x33, 0x6d, 0xc1, 0x0, 0x0, 0xc9,
    0x9f, 0xfe, 0x90, 0x9c, 0x0, 0x7, 0xc0, 0x9c,
    0x34, 0xe7, 0xc, 0x70, 0xe, 0x30, 0x9b, 0x0,
    0x9a, 0x4, 0xe0, 0x1f, 0x0, 0x9b, 0x2, 0xd8,
    0x0, 0xf1, 0x3d, 0x0, 0x9f, 0xff, 0xf1, 0x0,
    0xd3, 0x2e, 0x0, 0x9c, 0x34, 0xe8, 0x0, 0xf1,
    0xe, 0x20, 0x9b, 0x0, 0xab, 0x3, 0xe0, 0x8,
    0xa0, 0x9b, 0x0, 0x9c, 0xa, 0x80, 0x1, 0xe7,
    0x12, 0x0, 0x12, 0x7e, 0x10, 0x0, 0x3e, 0xa3,
    0x0, 0x3b, 0xe3, 0x0, 0x0, 0x1, 0x9f, 0xff,
    0xf9, 0x10, 0x0, 0x0, 0x0, 0x0, 0x11, 0x0,
    0x0, 0x0,

    /* U+00AF "¯" */
    0x48, 0x88, 0x88, 0x48, 0xff, 0xff, 0xf8,

    /* U+00B0 "°" */
    0x0, 0x0, 0x1, 0xcf, 0xc1, 0x9d, 0x5d, 0x9d,
    0x70, 0x7d, 0xbb, 0x2b, 0xa2, 0xef, 0xe2, 0x0,
    0x30, 0x0,

    /* U+00B1 "±" */
    0x0, 0x2, 0x99, 0x0, 0x0, 0x0, 0x4f, 0xf0,
    0x0, 0x0, 0x4, 0xff, 0x0, 0x0, 0x33, 0x6f,
    0xf3, 0x32, 0x3f, 0xff, 0xff, 0xff, 0xd3, 0xff,
    0xff, 0xff, 0xfd, 0x0, 0x4, 0xff, 0x0, 0x0,
    0x0, 0x4f, 0xf0, 0x0, 0x0, 0x4, 0xff, 0x0,
    0x0, 0x22, 0x22, 0x22, 0x21, 0xf, 0xff, 0xff,
    0xff, 0x90, 0xff, 0xff, 0xff, 0xf9,

    /* U+00B2 "²" */
    0x7, 0xef, 0xb2, 0x4, 0xfc, 0x9f, 0xb0, 0x37,
    0x21, 0xfd, 0x0, 0x0, 0xbf, 0x50, 0x1, 0xcf,
    0x50, 0x2, 0xdf, 0xa7, 0x70, 0x5f, 0xff, 0xff,
    0x10,

    /* U+00B3 "³" */
    0x8, 0xef, 0xc3, 0x5, 0xfc, 0x8f, 0xd0, 0x0,
    0x1, 0xfd, 0x0, 0x9, 0xff, 0x40, 0x1, 0x23,
    0xde, 0x6, 0xfc, 0x8f, 0xf0, 0x9, 0xef, 0xc4,
    0x0,

    /* U+00B4 "´" */
    0x0, 0x8d, 0xc1, 0x3, 0xff, 0x40, 0xc, 0xf6,
    0x0,

    /* U+00B5 "µ" */
    0xcf, 0xc0, 0x0, 0xdf, 0xbc, 0xfc, 0x0, 0xd,
    0xfb, 0xcf, 0xc0, 0x0, 0xdf, 0xbc, 0xfc, 0x0,
    0xd, 0xfb, 0xcf, 0xc0, 0x0, 0xdf, 0xbc, 0xfc,
    0x0, 0xd, 0xfb, 0xcf, 0xd0, 0x0, 0xdf, 0xbc,
    0xff, 0x63, 0x8f, 0xfb, 0xcf, 0xff, 0xff, 0xff,
    0xbc, 0xfe, 0xdf, 0xac, 0xfb, 0xcf, 0xc0, 0x0,
    0x0, 0xc, 0xfc, 0x0, 0x0, 0x0, 0xcf, 0xc0,
    0x0, 0x0, 0xc, 0xfc, 0x0, 0x0, 0x0,

    /* U+00B6 "¶" */
    0x0, 0x5c, 0xff, 0xfa, 0x6, 0xff, 0xff, 0xfa,
    0xf, 0xff, 0xff, 0xfa, 0x4f, 0xff, 0xff, 0xfa,
    0x4f, 0xff, 0xff, 0xfa, 0x2f, 0xff, 0xff, 0xfa,
    0xc, 0xff, 0xff, 0xfa, 0x1, 0xdf, 0xff, 0xfa,
    0x0, 0x4, 0x69, 0xfa, 0x0, 0x0, 0x4, 0xfa,
    0x0, 0x0, 0x4, 0xfa, 0x0, 0x0, 0x4, 0xfa,
    0x0, 0x0, 0x4, 0xfa,

    /* U+00B7 "·" */
    0x4c, 0x80, 0xbf, 0xf1, 0x6f, 0xb0,

    /* U+00B8 "¸" */
    0x0, 0x10, 0x0, 0xff, 0x40, 0x5, 0xff, 0x20,
    0x8f, 0xf2, 0xc, 0xd5, 0x0,

    /* U+00B9 "¹" */
    0x5, 0xa9, 0xcf, 0xfa, 0x55, 0xfa, 0x2, 0xfa,
    0x2, 0xfa, 0x2, 0xfa, 0x2, 0xfa,

    /* U+00BA "º" */
    0x8, 0xee, 0xa1, 0x8, 0xf7, 0x6f, 0xa0, 0xdb,
    0x0, 0x8f, 0xf, 0x90, 0x6, 0xf2, 0xdb, 0x0,
    0x8f, 0x8, 0xf7, 0x6e, 0xb0, 0x8, 0xee, 0xa1,
    0x0,

    /* U+00BB "»" */
    0x4, 0x10, 0x23, 0x0, 0x0, 0xcd, 0x5, 0xf5,
    0x0, 0x3, 0xf9, 0xc, 0xf1, 0x0, 0xa, 0xf4,
    0x3f, 0xc0, 0x0, 0x4f, 0xb0, 0xdf, 0x20, 0xc,
    0xf2, 0x5f, 0x90, 0x6, 0xf6, 0xe, 0xd0, 0x0,
    0xeb, 0x8, 0xf3, 0x0,

    /* U+00BC "¼" */
    0x0, 0x0, 0x0, 0x0, 0x0, 0x0, 0x0, 0x49,
    0xe5, 0x0, 0x0, 0x0, 0x0, 0x1f, 0xff, 0x50,
    0x0, 0x4d, 0x10, 0x0, 0x37, 0xf5, 0x0, 0xd,
    0xb0, 0x0, 0x0, 0x7f, 0x50, 0x8, 0xf2, 0x0,
    0x0, 0x7, 0xf5, 0x2, 0xf8, 0x0, 0x0, 0x0,
    0x7f, 0x50, 0xbe, 0x1, 0x21, 0x0, 0x6, 0xf5,
    0x5f, 0x50, 0xcf, 0x70, 0x0, 0x0, 0xe, 0xb0,
    0x8f, 0xf7, 0x0, 0x0, 0x8, 0xf2, 0x3f, 0xbf,
    0x70, 0x0, 0x2, 0xf7, 0xe, 0x95, 0xf7, 0x0,
    0x0, 0xcd, 0x7, 0xff, 0xff, 0xf3, 0x0, 0x9,
    0x40, 0x38, 0x8b, 0xfb, 0x10, 0x0, 0x0, 0x0,
    0x0, 0x5f, 0x70,

    /* U+00BD "½" */
    0x1, 0x7c, 0x20, 0x0, 0x0, 0x0, 0x3, 0xff,
    0xf3, 0x0, 0x6, 0x50, 0x0, 0x26, 0xbf, 0x30,
    0x2, 0xf8, 0x0, 0x0, 0x9, 0xf3, 0x0, 0xbe,
    0x0, 0x0, 0x0, 0x9f, 0x30, 0x5f, 0x50, 0x0,
    0x0, 0x9, 0xf3, 0xe, 0xb0, 0x0, 0x0, 0x0,
    0x9f, 0x38, 0xf2, 0x8e, 0xfb, 0x10, 0x1, 0x32,
    0xf8, 0x5f, 0xca, 0xf9, 0x0, 0x0, 0xbe, 0x4,
    0x82, 0x2f, 0xb0, 0x0, 0x5f, 0x50, 0x0, 0xb,
    0xf6, 0x0, 0xe, 0xb0, 0x0, 0xb, 0xf8, 0x0,
    0x5, 0xf2, 0x0, 0x1c, 0xf8, 0x22, 0x0, 0x1,
    0x0, 0x7, 0xff, 0xff, 0xf0, 0x0, 0x0, 0x0,
    0x25, 0x55, 0x55,

    /* U+00BE "¾" */
    0x0, 0x1, 0x0, 0x0, 0x0, 0x0, 0x0, 0x5,
    0xef, 0xf9, 0x0, 0x0, 0x0, 0x0, 0xd, 0xd6,
    0xcf, 0x40, 0x0, 0xa4, 0x0, 0x0, 0x0, 0xaf,
    0x30, 0x6, 0xf3, 0x0, 0x0, 0x3f, 0xfa, 0x0,
    0x1f, 0x90, 0x0, 0x1, 0x13, 0x9f, 0x50, 0xae,
    0x10, 0x0, 0xf, 0xe8, 0xcf, 0x64, 0xf6, 0x2,
    0x20, 0x5, 0xdf, 0xe8, 0xd, 0xc0, 0x6f, 0xd0,
    0x0, 0x0, 0x0, 0x8f, 0x22, 0xff, 0xd0, 0x0,
    0x0, 0x2, 0xf8, 0xd, 0xbf, 0xd0, 0x0, 0x0,
    0xb, 0xe0, 0x8e, 0x1f, 0xd0, 0x0, 0x0, 0x5f,
    0x41, 0xff, 0xff, 0xf9, 0x0, 0x0, 0x59, 0x0,
    0x88, 0x8f, 0xe5, 0x0, 0x0, 0x0, 0x0, 0x0,
    0xf, 0xd0,

    /* U+00BF "¿" */
    0x0, 0x4, 0xeb, 0x0, 0x0, 0x0, 0x9f, 0xf1,
    0x0, 0x0, 0x2, 0xb8, 0x0, 0x0, 0x0, 0x0,
    0x0, 0x0, 0x0, 0x5, 0xca, 0x0, 0x0, 0x0,
    0x9f, 0xc0, 0x0, 0x0, 0x4f, 0xf7, 0x0, 0x0,
    0x3f, 0xfd, 0x0, 0x0, 0xd, 0xfe, 0x10, 0x0,
    0x4, 0xff, 0x50, 0x0, 0x0, 0x5f, 0xf3, 0x0,
    0xcc, 0x63, 0xff, 0x92, 0x9f, 0xf5, 0xc, 0xff,
    0xff, 0xfd, 0x0, 0x8, 0xdf, 0xd8, 0x10,

    /* U+00C0 "À" */
    0x0, 0xa, 0xdb, 0x0, 0x0, 0x0, 0x0, 0x0,
    0x2e, 0xf6, 0x0, 0x0, 0x0, 0x0, 0x0, 0x3f,
    0xf1, 0x0, 0x0, 0x0, 0x0, 0x0, 0x0, 0x0,
    0x0, 0x0, 0x0, 0x0, 0x5f, 0xf7, 0x0, 0x0,
    0x0, 0x0, 0xb, 0xff, 0xd0, 0x0, 0x0, 0x0,
    0x1, 0xff, 0xff, 0x30, 0x0, 0x0, 0x0, 0x7f,
    0xed, 0xf9, 0x0, 0x0, 0x0, 0xd, 0xfa, 0x8f,
    0xe0, 0x0, 0x0, 0x2, 0xff, 0x42, 0xff, 0x40,
    0x0, 0x0, 0x8f, 0xe0, 0xd, 0xfa, 0x0, 0x0,
    0xe, 0xf9, 0x0, 0x7f, 0xf1, 0x0, 0x4, 0xff,
    0xff, 0xff, 0xff, 0x60, 0x0, 0xaf, 0xff, 0xff,
    0xff, 0xfc, 0x0, 0xf, 0xfb, 0x33, 0x33, 0x9f,
    0xf2, 0x6, 0xff, 0x50, 0x0, 0x3, 0xff, 0x80,
    0xbf, 0xf0, 0x0, 0x0, 0xe, 0xfd, 0x0,

    /* U+00C1 "Á" */
    0x0, 0x0, 0x0, 0x8d, 0xb1, 0x0, 0x0, 0x0,
    0x0, 0x3f, 0xf3, 0x0, 0x0, 0x0, 0x0, 0xc,
    0xf5, 0x0, 0x0, 0x0, 0x0, 0x0, 0x0, 0x0,
    0x0, 0x0, 0x0, 0x0, 0x5f, 0xf7, 0x0, 0x0,
    0x0, 0x0, 0xb, 0xff, 0xd0, 0x0, 0x0, 0x0,
    0x1, 0xff, 0xff, 0x30, 0x0, 0x0, 0x0, 0x7f,
    0xed, 0xf9, 0x0, 0x0, 0x0, 0xd, 0xfa, 0x8f,
    0xe0, 0x0, 0x0, 0x2, 0xff, 0x42, 0xff, 0x40,
    0x0, 0x0, 0x8f, 0xe0, 0xd, 0xfa, 0x0, 0x0,
    0xe, 0xf9, 0x0, 0x7f, 0xf1, 0x0, 0x4, 0xff,
    0xff, 0xff, 0xff, 0x60, 0x0, 0xaf, 0xff, 0xff,
    0xff, 0xfc, 0x0, 0xf, 0xfb, 0x33, 0x33, 0x9f,
    0xf2, 0x6, 0xff, 0x50, 0x0, 0x3, 0xff, 0x80,
    0xbf, 0xf0, 0x0, 0x0, 0xe, 0xfd, 0x0,

    /* U+00C2 "Â" */
    0x0, 0x0, 0x2e, 0xf4, 0x0, 0x0, 0x0, 0x0,
    0x1e, 0xed, 0xf3, 0x0, 0x0, 0x0, 0x1d, 0xf3,
    0x2e, 0xe1, 0x0, 0x0, 0x0, 0x0, 0x0, 0x0,
    0x0, 0x0, 0x0, 0x0, 0x5f, 0xf7, 0x0, 0x0,
    0x0, 0x0, 0xb, 0xff, 0xd0, 0x0, 0x0, 0x0,
    0x1, 0xff, 0xff, 0x30, 0x0, 0x0, 0x0, 0x7f,
    0xed, 0xf9, 0x0, 0x0, 0x0, 0xd, 0xfa, 0x8f,
    0xe0, 0x0, 0x0, 0x2, 0xff, 0x42, 0xff, 0x40,
    0x0, 0x0, 0x8f, 0xe0, 0xd, 0xfa, 0x0, 0x0,
    0xe, 0xf9, 0x0, 0x7f, 0xf1, 0x0, 0x4, 0xff,
    0xff, 0xff, 0xff, 0x60, 0x0, 0xaf, 0xff, 0xff,
    0xff, 0xfc, 0x0, 0xf, 0xfb, 0x33, 0x33, 0x9f,
    0xf2, 0x6, 0xff, 0x50, 0x0, 0x3, 0xff, 0x80,
    0xbf, 0xf0, 0x0, 0x0, 0xe, 0xfd, 0x0,

    /* U+00C3 "Ã" */
    0x0, 0x2, 0x97, 0x23, 0xb3, 0x0, 0x0, 0x0,
    0xef, 0xff, 0xff, 0x10, 0x0, 0x0, 0x1a, 0x41,
    0x79, 0x30, 0x0, 0x0, 0x0, 0x0, 0x0, 0x0,
    0x0, 0x0, 0x0, 0x0, 0x5f, 0xf7, 0x0, 0x0,
    0x0, 0x0, 0xb, 0xff, 0xd0, 0x0, 0x0, 0x0,
    0x1, 0xff, 0xff, 0x30, 0x0, 0x0, 0x0, 0x7f,
    0xed, 0xf9, 0x0, 0x0, 0x0, 0xd, 0xfa, 0x8f,
    0xe0, 0x0, 0x0, 0x2, 0xff, 0x42, 0xff, 0x40,
    0x0, 0x0, 0x8f, 0xe0, 0xd, 0xfa, 0x0, 0x0,
    0xe, 0xf9, 0x0, 0x7f, 0xf1, 0x0, 0x4, 0xff,
    0xff, 0xff, 0xff, 0x60, 0x0, 0xaf, 0xff, 0xff,
    0xff, 0xfc, 0x0, 0xf, 0xfb, 0x33, 0x33, 0x9f,
    0xf2, 0x6, 0xff, 0x50, 0x0, 0x3, 0xff, 0x80,
    0xbf, 0xf0, 0x0, 0x0, 0xe, 0xfd, 0x0,

    /* U+00C4 "Ä" */
    0x0, 0x3, 0x20, 0x1, 0x30, 0x0, 0x0, 0x2,
    0xff, 0x10, 0xef, 0x50, 0x0, 0x0, 0x1e, 0xd0,
    0xb, 0xe3, 0x0, 0x0, 0x0, 0x0, 0x0, 0x0,
    0x0, 0x0, 0x0, 0x0, 0x5f, 0xf7, 0x0, 0x0,
    0x0, 0x0, 0xb, 0xff, 0xd0, 0x0, 0x0, 0x0,
    0x1, 0xff, 0xff, 0x30, 0x0, 0x0, 0x0, 0x7f,
    0xed, 0xf9, 0x0, 0x0, 0x0, 0xd, 0xfa, 0x8f,
    0xe0, 0x0, 0x0, 0x2, 0xff, 0x42, 0xff, 0x40,
    0x0, 0x0, 0x8f, 0xe0, 0xd, 0xfa, 0x0, 0x0,
    0xe, 0xf9, 0x0, 0x7f, 0xf1, 0x0, 0x4, 0xff,
    0xff, 0xff, 0xff, 0x60, 0x0, 0xaf, 0xff, 0xff,
    0xff, 0xfc, 0x0, 0xf, 0xfb, 0x33, 0x33, 0x9f,
    0xf2, 0x6, 0xff, 0x50, 0x0, 0x3, 0xff, 0x80,
    0xbf, 0xf0, 0x0, 0x0, 0xe, 0xfd, 0x0,

    /* U+00C5 "Å" */
    0x0, 0x0, 0x3c, 0xd4, 0x0, 0x0, 0x0, 0x0,
    0xb, 0x52, 0xe0, 0x0, 0x0, 0x0, 0x0, 0xc5,
    0x2e, 0x0, 0x0, 0x0, 0x0, 0x3, 0xcd, 0x50,
    0x0, 0x0, 0x0, 0x0, 0x0, 0x0, 0x0, 0x0,
    0x0, 0x0, 0x5, 0xff, 0x70, 0x0, 0x0, 0x0,
    0x0, 0xbf, 0xfd, 0x0, 0x0, 0x0, 0x0, 0x1f,
    0xff, 0xf3, 0x0, 0x0, 0x0, 0x7, 0xfe, 0xdf,
    0x90, 0x0, 0x0, 0x0, 0xdf, 0xa8, 0xfe, 0x0,
    0x0, 0x0, 0x2f, 0xf4, 0x2f, 0xf4, 0x0, 0x0,
    0x8, 0xfe, 0x0, 0xdf, 0xa0, 0x0, 0x0, 0xef,
    0x90, 0x7, 0xff, 0x10, 0x0, 0x4f, 0xff, 0xff,
    0xff, 0xf6, 0x0, 0xa, 0xff, 0xff, 0xff, 0xff,
    0xc0, 0x0, 0xff, 0xb3, 0x33, 0x39, 0xff, 0x20,
    0x6f, 0xf5, 0x0, 0x0, 0x3f, 0xf8, 0xb, 0xff,
    0x0, 0x0, 0x0, 0xef, 0xd0,

    /* U+00C6 "Æ" */
    0x0, 0x0, 0x0, 0x5f, 0xff, 0xff, 0xff, 0xfd,
    0x0, 0x0, 0x0, 0xd, 0xff, 0xff, 0xff, 0xff,
    0xd0, 0x0, 0x0, 0x6, 0xff, 0xff, 0xa2, 0x22,
    0x21, 0x0, 0x0, 0x0, 0xef, 0xbe, 0xfa, 0x0,
    0x0, 0x0, 0x0, 0x0, 0x7f, 0xf3, 0xdf, 0xb0,
    0x0, 0x0, 0x0, 0x0, 0xe, 0xfb, 0xc, 0xff,
    0xff, 0xff, 0x20, 0x0, 0x8, 0xff, 0x30, 0xcf,
    0xff, 0xff, 0xf2, 0x0, 0x1, 0xff, 0xd3, 0x3c,
    0xfd, 0x22, 0x22, 0x0, 0x0, 0x9f, 0xff, 0xff,
    0xff, 0xe0, 0x0, 0x0, 0x0, 0x2f, 0xff, 0xff,
    0xff, 0xfe, 0x0, 0x0, 0x0, 0xa, 0xff, 0x30,
    0x0, 0x9f, 0xf2, 0x22, 0x22, 0x2, 0xff, 0xb0,
    0x0, 0x8, 0xff, 0xff, 0xff, 0xf6, 0xbf, 0xf3,
    0x0, 0x0, 0x8f, 0xff, 0xff, 0xff, 0x60,

    /* U+00C7 "Ç" */
    0x0, 0x5, 0xcf, 0xfd, 0x80, 0x0, 0x0, 0x9f,
    0xff, 0xff, 0xfd, 0x10, 0x6, 0xff, 0xc5, 0x49,
    0xff, 0x90, 0xd, 0xfe, 0x0, 0x0, 0xbf, 0xf0,
    0x1f, 0xf9, 0x0, 0x0, 0x48, 0x81, 0x3f, 0xf7,
    0x0, 0x0, 0x0, 0x0, 0x3f, 0xf7, 0x0, 0x0,
    0x0, 0x0, 0x3f, 0xf7, 0x0, 0x0, 0x0, 0x0,
    0x1f, 0xf9, 0x0, 0x0, 0x37, 0x71, 0xd, 0xfe,
    0x0, 0x0, 0xbf, 0xf0, 0x6, 0xff, 0xc5, 0x49,
    0xff, 0xa0, 0x0, 0xaf, 0xff, 0xff, 0xfd, 0x10,
    0x0, 0x6, 0xcf, 0xfd, 0x81, 0x0, 0x0, 0x0,
    0xf, 0xf6, 0x0, 0x0, 0x0, 0x0, 0x2, 0xff,
    0x20, 0x0, 0x0, 0x0, 0x9, 0xff, 0x10, 0x0,
    0x0, 0x0, 0xd, 0xc5, 0x0, 0x0,

    /* U+00C8 "È" */
    0x4, 0xcd, 0x40, 0x0, 0x0, 0x8, 0xfe, 0x0,
    0x0, 0x0, 0xa, 0xf8, 0x0, 0x0, 0x0, 0x0,
    0x0, 0x0, 0xdf, 0xff, 0xff, 0xff, 0xbd, 0xff,
    0xff, 0xff, 0xfb, 0xdf, 0xd3, 0x33, 0x33, 0x2d,
    0xfc, 0x0, 0x0, 0x0, 0xdf, 0xc0, 0x0, 0x0,
    0xd, 0xff, 0xff, 0xff, 0xd0, 0xdf, 0xff, 0xff,
    0xfd, 0xd, 0xfc, 0x22, 0x22, 0x10, 0xdf, 0xc0,
    0x0, 0x0, 0xd, 0xfc, 0x0, 0x0, 0x0, 0xdf,
    0xd3, 0x33, 0x33, 0x2d, 0xff, 0xff, 0xff, 0xfb,
    0xdf, 0xff, 0xff, 0xff, 0xb0,

    /* U+00C9 "É" */
    0x0, 0x0, 0x2c, 0xd6, 0x0, 0x0, 0xb, 0xfb,
    0x0, 0x0, 0x5, 0xfc, 0x0, 0x0, 0x0, 0x0,
    0x0, 0x0, 0xdf, 0xff, 0xff, 0xff, 0xbd, 0xff,
    0xff, 0xff, 0xfb, 0xdf, 0xd3, 0x33, 0x33, 0x2d,
    0xfc, 0x0, 0x0, 0x0, 0xdf, 0xc0, 0x0, 0x0,
    0xd, 0xff, 0xff, 0xff, 0xd0, 0xdf, 0xff, 0xff,
    0xfd, 0xd, 0xfc, 0x22, 0x22, 0x10, 0xdf, 0xc0,
    0x0, 0x0, 0xd, 0xfc, 0x0, 0x0, 0x0, 0xdf,
    0xd3, 0x33, 0x33, 0x2d, 0xff, 0xff, 0xff, 0xfb,
    0xdf, 0xff, 0xff, 0xff, 0xb0,

    /* U+00CA "Ê" */
    0x0, 0x9, 0xfb, 0x0, 0x0, 0x8, 0xfc, 0xfa,
    0x0, 0x6, 0xfa, 0x8, 0xf8, 0x0, 0x0, 0x0,
    0x0, 0x0, 0xdf, 0xff, 0xff, 0xff, 0xbd, 0xff,
    0xff, 0xff, 0xfb, 0xdf, 0xd3, 0x33, 0x33, 0x2d,
    0xfc, 0x0, 0x0, 0x0, 0xdf, 0xc0, 0x0, 0x0,
    0xd, 0xff, 0xff, 0xff, 0xd0, 0xdf, 0xff, 0xff,
    0xfd, 0xd, 0xfc, 0x22, 0x22, 0x10, 0xdf, 0xc0,
    0x0, 0x0, 0xd, 0xfc, 0x0, 0x0, 0x0, 0xdf,
    0xd3, 0x33, 0x33, 0x2d, 0xff, 0xff, 0xff, 0xfb,
    0xdf, 0xff, 0xff, 0xff, 0xb0,

    /* U+00CB "Ë" */
    0x0, 0x40, 0x0, 0x31, 0x0, 0xaf, 0x80, 0x6f,
    0xd0, 0x7, 0xf5, 0x3, 0xea, 0x0, 0x0, 0x0,
    0x0, 0x0, 0xdf, 0xff, 0xff, 0xff, 0xbd, 0xff,
    0xff, 0xff, 0xfb, 0xdf, 0xd3, 0x33, 0x33, 0x2d,
    0xfc, 0x0, 0x0, 0x0, 0xdf, 0xc0, 0x0, 0x0,
    0xd, 0xff, 0xff, 0xff, 0xd0, 0xdf, 0xff, 0xff,
    0xfd, 0xd, 0xfc, 0x22, 0x22, 0x10, 0xdf, 0xc0,
    0x0, 0x0, 0xd, 0xfc, 0x0, 0x0, 0x0, 0xdf,
    0xd3, 0x33, 0x33, 0x2d, 0xff, 0xff, 0xff, 0xfb,
    0xdf, 0xff, 0xff, 0xff, 0xb0,

    /* U+00CC "Ì" */
    0x3c, 0xd5, 0x0, 0x8f, 0xe0, 0x0, 0xaf, 0x90,
    0x0, 0x0, 0x0, 0xbf, 0xf0, 0xb, 0xff, 0x0,
    0xbf, 0xf0, 0xb, 0xff, 0x0, 0xbf, 0xf0, 0xb,
    0xff, 0x0, 0xbf, 0xf0, 0xb, 0xff, 0x0, 0xbf,
    0xf0, 0xb, 0xff, 0x0, 0xbf, 0xf0, 0xb, 0xff,
    0x0, 0xbf, 0xf0,

    /* U+00CD "Í" */
    0x1, 0xcd, 0x70, 0xaf, 0xb0, 0x4f, 0xd1, 0x0,
    0x0, 0x0, 0xbf, 0xf0, 0xb, 0xff, 0x0, 0xbf,
    0xf0, 0xb, 0xff, 0x0, 0xbf, 0xf0, 0xb, 0xff,
    0x0, 0xbf, 0xf0, 0xb, 0xff, 0x0, 0xbf, 0xf0,
    0xb, 0xff, 0x0, 0xbf, 0xf0, 0xb, 0xff, 0x0,
    0xbf, 0xf0, 0x0,

    /* U+00CE "Î" */
    0x0, 0x9f, 0xc0, 0x0, 0x7f, 0xcf, 0xa0, 0x6f,
    0xb0, 0x7f, 0x80, 0x0, 0x0, 0x0, 0x0, 0xbf,
    0xf0, 0x0, 0xb, 0xff, 0x0, 0x0, 0xbf, 0xf0,
    0x0, 0xb, 0xff, 0x0, 0x0, 0xbf, 0xf0, 0x0,
    0xb, 0xff, 0x0, 0x0, 0xbf, 0xf0, 0x0, 0xb,
    0xff, 0x0, 0x0, 0xbf, 0xf0, 0x0, 0xb, 0xff,
    0x0, 0x0, 0xbf, 0xf0, 0x0, 0xb, 0xff, 0x0,
    0x0, 0xbf, 0xf0, 0x0,

    /* U+00CF "Ï" */
    0x4, 0x0, 0x3, 0x1a, 0xf9, 0x5, 0xfd, 0x7f,
    0x60, 0x3e, 0xa0, 0x0, 0x0, 0x0, 0x0, 0xbf,
    0xf0, 0x0, 0xb, 0xff, 0x0, 0x0, 0xbf, 0xf0,
    0x0, 0xb, 0xff, 0x0, 0x0, 0xbf, 0xf0, 0x0,
    0xb, 0xff, 0x0, 0x0, 0xbf, 0xf0, 0x0, 0xb,
    0xff, 0x0, 0x0, 0xbf, 0xf0, 0x0, 0xb, 0xff,
    0x0, 0x0, 0xbf, 0xf0, 0x0, 0xb, 0xff, 0x0,
    0x0, 0xbf, 0xf0, 0x0,

    /* U+00D0 "Ð" */
    0x9, 0xff, 0xff, 0xe9, 0x20, 0x0, 0x9, 0xff,
    0xff, 0xff, 0xf5, 0x0, 0x9, 0xff, 0x43, 0x6e,
    0xff, 0x20, 0x9, 0xff, 0x0, 0x2, 0xff, 0xa0,
    0x9, 0xff, 0x0, 0x0, 0xbf, 0xf0, 0x9d, 0xff,
    0xaa, 0x20, 0x9f, 0xf2, 0xef, 0xff, 0xff, 0x40,
    0x7f, 0xf3, 0x9, 0xff, 0x0, 0x0, 0x9f, 0xf2,
    0x9, 0xff, 0x0, 0x0, 0xbf, 0xf0, 0x9, 0xff,
    0x0, 0x3, 0xff, 0xb0, 0x9, 0xff, 0x33, 0x6e,
    0xff, 0x20, 0x9, 0xff, 0xff, 0xff, 0xf5, 0x0,
    0x9, 0xff, 0xff, 0xe9, 0x20, 0x0,

    /* U+00D1 "Ñ" */
    0x0, 0x7, 0x93, 0xa, 0x60, 0x0, 0x9, 0xff,
    0xff, 0xf6, 0x0, 0x0, 0x87, 0x15, 0x96, 0x0,
    0x0, 0x0, 0x0, 0x0, 0x0, 0x0, 0xdf, 0xf1,
    0x0, 0x1, 0xff, 0x9d, 0xff, 0xa0, 0x0, 0x1f,
    0xf9, 0xdf, 0xff, 0x40, 0x1, 0xff, 0x9d, 0xff,
    0xfd, 0x0, 0x1f, 0xf9, 0xdf, 0xef, 0xf7, 0x1,
    0xff, 0x9d, 0xfc, 0x9f, 0xf1, 0x1f, 0xf9, 0xdf,
    0xc1, 0xef, 0xa1, 0xff, 0x9d, 0xfc, 0x6, 0xff,
    0x5f, 0xf9, 0xdf, 0xc0, 0xc, 0xfe, 0xff, 0x9d,
    0xfc, 0x0, 0x3f, 0xff, 0xf9, 0xdf, 0xc0, 0x0,
    0x9f, 0xff, 0x9d, 0xfc, 0x0, 0x1, 0xef, 0xf9,
    0xdf, 0xc0, 0x0, 0x6, 0xff, 0x90,

    /* U+00D2 "Ò" */
    0x0, 0x9, 0xff, 0x10, 0x0, 0x0, 0x0, 0x0,
    0xbf, 0xa0, 0x0, 0x0, 0x0, 0x0, 0xb, 0xc2,
    0x0, 0x0, 0x0, 0x0, 0x0, 0x0, 0x0, 0x0,
    0x0, 0x4, 0xbe, 0xfd, 0x70, 0x0, 0x0, 0x8f,
    0xff, 0xff, 0xfd, 0x10, 0x5, 0xff, 0xd6, 0x49,
    0xff, 0xb0, 0xc, 0xff, 0x10, 0x0, 0xaf, 0xf3,
    0x1f, 0xfa, 0x0, 0x0, 0x3f, 0xf7, 0x3f, 0xf7,
    0x0, 0x0, 0x1f, 0xf9, 0x3f, 0xf6, 0x0, 0x0,
    0xf, 0xfa, 0x3f, 0xf7, 0x0, 0x0, 0x1f, 0xf9,
    0x1f, 0xfa, 0x0, 0x0, 0x3f, 0xf7, 0xc, 0xff,
    0x10, 0x0, 0xaf, 0xf3, 0x5, 0xff, 0xd5, 0x5a,
    0xff, 0xb0, 0x0, 0x8f, 0xff, 0xff, 0xfd, 0x10,
    0x0, 0x4, 0xbf, 0xfd, 0x80, 0x0,

    /* U+00D3 "Ó" */
    0x0, 0x0, 0x0, 0x9f, 0xe2, 0x0, 0x0, 0x0,
    0x3, 0xff, 0x30, 0x0, 0x0, 0x0, 0x9, 0xd5,
    0x0, 0x0, 0x0, 0x0, 0x0, 0x0, 0x0, 0x0,
    0x0, 0x4, 0xbe, 0xfd, 0x70, 0x0, 0x0, 0x8f,
    0xff, 0xff, 0xfd, 0x10, 0x5, 0xff, 0xd6, 0x49,
    0xff, 0xb0, 0xc, 0xff, 0x10, 0x0, 0xaf, 0xf3,
    0x1f, 0xfa, 0x0, 0x0, 0x3f, 0xf7, 0x3f, 0xf7,
    0x0, 0x0, 0x1f, 0xf9, 0x3f, 0xf6, 0x0, 0x0,
    0xf, 0xfa, 0x3f, 0xf7, 0x0, 0x0, 0x1f, 0xf9,
    0x1f, 0xfa, 0x0, 0x0, 0x3f, 0xf7, 0xc, 0xff,
    0x10, 0x0, 0xaf, 0xf3, 0x5, 0xff, 0xd5, 0x5a,
    0xff, 0xb0, 0x0, 0x8f, 0xff, 0xff, 0xfd, 0x10,
    0x0, 0x4, 0xbf, 0xfd, 0x80, 0x0,

    /* U+00D4 "Ô" */
    0x0, 0x0, 0x2e, 0xf7, 0x0, 0x0, 0x0, 0x3,
    0xfd, 0x9f, 0x80, 0x0, 0x0, 0x7, 0x71, 0x5,
    0x82, 0x0, 0x0, 0x0, 0x0, 0x0, 0x0, 0x0,
    0x0, 0x4, 0xbe, 0xfd, 0x70, 0x0, 0x0, 0x8f,
    0xff, 0xff, 0xfd, 0x10, 0x5, 0xff, 0xd6, 0x49,
    0xff, 0xb0, 0xc, 0xff, 0x10, 0x0, 0xaf, 0xf3,
    0x1f, 0xfa, 0x0, 0x0, 0x3f, 0xf7, 0x3f, 0xf7,
    0x0, 0x0, 0x1f, 0xf9, 0x3f, 0xf6, 0x0, 0x0,
    0xf, 0xfa, 0x3f, 0xf7, 0x0, 0x0, 0x1f, 0xf9,
    0x1f, 0xfa, 0x0, 0x0, 0x3f, 0xf7, 0xc, 0xff,
    0x10, 0x0, 0xaf, 0xf3, 0x5, 0xff, 0xd5, 0x5a,
    0xff, 0xb0, 0x0, 0x8f, 0xff, 0xff, 0xfd, 0x10,
    0x0, 0x4, 0xbf, 0xfd, 0x80, 0x0,

    /* U+00D5 "Õ" */
    0x0, 0x1, 0x88, 0x21, 0xb4, 0x0, 0x0, 0xc,
    0xff, 0xff, 0xf3, 0x0, 0x0, 0xa, 0x51, 0x69,
    0x40, 0x0, 0x0, 0x0, 0x0, 0x0, 0x0, 0x0,
    0x0, 0x4, 0xbe, 0xfd, 0x70, 0x0, 0x0, 0x8f,
    0xff, 0xff, 0xfd, 0x10, 0x5, 0xff, 0xd6, 0x49,
    0xff, 0xb0, 0xc, 0xff, 0x10, 0x0, 0xaf, 0xf3,
    0x1f, 0xfa, 0x0, 0x0, 0x3f, 0xf7, 0x3f, 0xf7,
    0x0, 0x0, 0x1f, 0xf9, 0x3f, 0xf6, 0x0, 0x0,
    0xf, 0xfa, 0x3f, 0xf7, 0x0, 0x0, 0x1f, 0xf9,
    0x1f, 0xfa, 0x0, 0x0, 0x3f, 0xf7, 0xc, 0xff,
    0x10, 0x0, 0xaf, 0xf3, 0x5, 0xff, 0xd5, 0x5a,
    0xff, 0xb0, 0x0, 0x8f, 0xff, 0xff, 0xfd, 0x10,
    0x0, 0x4, 0xbf, 0xfd, 0x80, 0x0,

    /* U+00D6 "Ö" */
    0x0, 0x2, 0x30, 0x1, 0x40, 0x0, 0x0, 0x1f,
    0xf2, 0xc, 0xf7, 0x0, 0x0, 0xd, 0xe1, 0x9,
    0xf4, 0x0, 0x0, 0x0, 0x0, 0x0, 0x0, 0x0,
    0x0, 0x4, 0xbe, 0xfd, 0x70, 0x0, 0x0, 0x8f,
    0xff, 0xff, 0xfd, 0x10, 0x5, 0xff, 0xd6, 0x49,
    0xff, 0xb0, 0xc, 0xff, 0x10, 0x0, 0xaf, 0xf3,
    0x1f, 0xfa, 0x0, 0x0, 0x3f, 0xf7, 0x3f, 0xf7,
    0x0, 0x0, 0x1f, 0xf9, 0x3f, 0xf6, 0x0, 0x0,
    0xf, 0xfa, 0x3f, 0xf7, 0x0, 0x0, 0x1f, 0xf9,
    0x1f, 0xfa, 0x0, 0x0, 0x3f, 0xf7, 0xc, 0xff,
    0x10, 0x0, 0xaf, 0xf3, 0x5, 0xff, 0xd5, 0x5a,
    0xff, 0xb0, 0x0, 0x8f, 0xff, 0xff, 0xfd, 0x10,
    0x0, 0x4, 0xbf, 0xfd, 0x80, 0x0,

    /* U+00D7 "×" */
    0x2, 0x30, 0x0, 0x5, 0x1, 0xde, 0x20, 0x9,
    0xf7, 0x1d, 0xfe, 0x29, 0xff, 0x60, 0x1d, 0xff,
    0xff, 0x60, 0x0, 0x1e, 0xff, 0x80, 0x0, 0x6,
    0xff, 0xfd, 0x10, 0x5, 0xff, 0xae, 0xfc, 0x2,
    0xff, 0xa0, 0x3f, 0xfa, 0x8, 0xa0, 0x0, 0x3d,
    0x20, 0x0, 0x0, 0x0, 0x0,

    /* U+00D8 "Ø" */
    0x0, 0x0, 0x0, 0x0, 0x7, 0xf1, 0x0, 0x4,
    0xbe, 0xfd, 0x7d, 0xa0, 0x0, 0x7f, 0xff, 0xff,
    0xff, 0x40, 0x4, 0xff, 0xe6, 0x49, 0xff, 0xb0,
    0xb, 0xff, 0x20, 0x9, 0xff, 0xf3, 0xf, 0xfb,
    0x0, 0x3f, 0x9f, 0xf8, 0x2f, 0xf8, 0x0, 0xcd,
    0xf, 0xfa, 0x2f, 0xf7, 0x6, 0xf3, 0xf, 0xfb,
    0x1f, 0xf8, 0x1f, 0x90, 0xf, 0xfa, 0xf, 0xfb,
    0xae, 0x10, 0x2f, 0xf8, 0xa, 0xff, 0xf6, 0x0,
    0x9f, 0xf4, 0x3, 0xff, 0xf6, 0x49, 0xff, 0xc0,
    0x0, 0x9f, 0xff, 0xff, 0xfe, 0x20, 0x1, 0xfb,
    0xae, 0xfd, 0x81, 0x0, 0x4, 0x70, 0x0, 0x0,
    0x0, 0x0,

    /* U+00D9 "Ù" */
    0x1, 0xdf, 0xb0, 0x0, 0x0, 0x0, 0x2e, 0xf5,
    0x0, 0x0, 0x0, 0x3, 0xcb, 0x0, 0x0, 0x0,
    0x0, 0x0, 0x0, 0x0, 0xff, 0xa0, 0x0, 0xd,
    0xfd, 0xff, 0xa0, 0x0, 0xd, 0xfd, 0xff, 0xa0,
    0x0, 0xd, 0xfd, 0xff, 0xa0, 0x0, 0xd, 0xfd,
    0xff, 0xa0, 0x0, 0xd, 0xfd, 0xff, 0xa0, 0x0,
    0xd, 0xfd, 0xff, 0xa0, 0x0, 0xd, 0xfd, 0xff,
    0xa0, 0x0, 0xd, 0xfd, 0xff, 0xb0, 0x0, 0xd,
    0xfd, 0xdf, 0xd0, 0x0, 0xf, 0xfb, 0x9f, 0xfa,
    0x44, 0xbf, 0xf6, 0x1d, 0xff, 0xff, 0xff, 0xb0,
    0x0, 0x8d, 0xff, 0xc6, 0x0,

    /* U+00DA "Ú" */
    0x0, 0x0, 0xd, 0xfb, 0x0, 0x0, 0x0, 0x8f,
    0xd0, 0x0, 0x0, 0x1, 0xcc, 0x10, 0x0, 0x0,
    0x0, 0x0, 0x0, 0x0, 0xff, 0xa0, 0x0, 0xd,
    0xfd, 0xff, 0xa0, 0x0, 0xd, 0xfd, 0xff, 0xa0,
    0x0, 0xd, 0xfd, 0xff, 0xa0, 0x0, 0xd, 0xfd,
    0xff, 0xa0, 0x0, 0xd, 0xfd, 0xff, 0xa0, 0x0,
    0xd, 0xfd, 0xff, 0xa0, 0x0, 0xd, 0xfd, 0xff,
    0xa0, 0x0, 0xd, 0xfd, 0xff, 0xb0, 0x0, 0xd,
    0xfd, 0xdf, 0xd0, 0x0, 0xf, 0xfb, 0x9f, 0xfa,
    0x44, 0xbf, 0xf6, 0x1d, 0xff, 0xff, 0xff, 0xb0,
    0x0, 0x8d, 0xff, 0xc6, 0x0,

    /* U+00DB "Û" */
    0x0, 0x6, 0xff, 0x30, 0x0, 0x0, 0x7f, 0xac,
    0xf4, 0x0, 0x2, 0x86, 0x0, 0x77, 0x0, 0x0,
    0x0, 0x0, 0x0, 0x0, 0xff, 0xa0, 0x0, 0xd,
    0xfd, 0xff, 0xa0, 0x0, 0xd, 0xfd, 0xff, 0xa0,
    0x0, 0xd, 0xfd, 0xff, 0xa0, 0x0, 0xd, 0xfd,
    0xff, 0xa0, 0x0, 0xd, 0xfd, 0xff, 0xa0, 0x0,
    0xd, 0xfd, 0xff, 0xa0, 0x0, 0xd, 0xfd, 0xff,
    0xa0, 0x0, 0xd, 0xfd, 0xff, 0xb0, 0x0, 0xd,
    0xfd, 0xdf, 0xd0, 0x0, 0xf, 0xfb, 0x9f, 0xfa,
    0x44, 0xbf, 0xf6, 0x1d, 0xff, 0xff, 0xff, 0xb0,
    0x0, 0x8d, 0xff, 0xc6, 0x0,

    /* U+00DC "Ü" */
    0x0, 0x31, 0x0, 0x22, 0x0, 0x5, 0xfd, 0x1,
    0xff, 0x20, 0x3, 0xea, 0x0, 0xdd, 0x10, 0x0,
    0x0, 0x0, 0x0, 0x0, 0xff, 0xa0, 0x0, 0xd,
    0xfd, 0xff, 0xa0, 0x0, 0xd, 0xfd, 0xff, 0xa0,
    0x0, 0xd, 0xfd, 0xff, 0xa0, 0x0, 0xd, 0xfd,
    0xff, 0xa0, 0x0, 0xd, 0xfd, 0xff, 0xa0, 0x0,
    0xd, 0xfd, 0xff, 0xa0, 0x0, 0xd, 0xfd, 0xff,
    0xa0, 0x0, 0xd, 0xfd, 0xff, 0xb0, 0x0, 0xd,
    0xfd, 0xdf, 0xd0, 0x0, 0xf, 0xfb, 0x9f, 0xfa,
    0x44, 0xbf, 0xf6, 0x1d, 0xff, 0xff, 0xff, 0xb0,
    0x0, 0x8d, 0xff, 0xc6, 0x0,

    /* U+00DD "Ý" */
    0x0, 0x0, 0x2, 0xcd, 0x60, 0x0, 0x0, 0x0,
    0xb, 0xfb, 0x0, 0x0, 0x0, 0x0, 0x5f, 0xc0,
    0x0, 0x0, 0x0, 0x0, 0x0, 0x0, 0x0, 0x0,
    0xbf, 0xf2, 0x0, 0x0, 0xff, 0xd0, 0x3f, 0xf9,
    0x0, 0x7, 0xff, 0x50, 0xb, 0xff, 0x10, 0xe,
    0xfd, 0x0, 0x3, 0xff, 0x70, 0x5f, 0xf5, 0x0,
    0x0, 0xbf, 0xe0, 0xdf, 0xd0, 0x0, 0x0, 0x3f,
    0xfa, 0xff, 0x50, 0x0, 0x0, 0xa, 0xff, 0xfc,
    0x0, 0x0, 0x0, 0x2, 0xff, 0xf4, 0x0, 0x0,
    0x0, 0x0, 0xcf, 0xe0, 0x0, 0x0, 0x0, 0x0,
    0xcf, 0xe0, 0x0, 0x0, 0x0, 0x0, 0xcf, 0xe0,
    0x0, 0x0, 0x0, 0x0, 0xcf, 0xe0, 0x0, 0x0,
    0x0, 0x0, 0xcf, 0xe0, 0x0, 0x0,

    /* U+00DE "Þ" */
    0xdf, 0xb0, 0x0, 0x0, 0x0, 0xdf, 0xb0, 0x0,
    0x0, 0x0, 0xdf, 0xff, 0xff, 0xc5, 0x0, 0xdf,
    0xff, 0xff, 0xff, 0x70, 0xdf, 0xb1, 0x14, 0xdf,
    0xf1, 0xdf, 0xb0, 0x0, 0x4f, 0xf5, 0xdf, 0xb0,
    0x0, 0x3f, 0xf5, 0xdf, 0xb0, 0x2, 0xcf, 0xf2,
    0xdf, 0xff, 0xff, 0xff, 0x80, 0xdf, 0xff, 0xff,
    0xd6, 0x0, 0xdf, 0xb1, 0x10, 0x0, 0x0, 0xdf,
    0xb0, 0x0, 0x0, 0x0, 0xdf, 0xb0, 0x0, 0x0,
    0x0,

    /* U+00DF "ß" */
    0x2, 0xae, 0xfd, 0x60, 0x0, 0x1e, 0xff, 0xff,
    0xf8, 0x0, 0x8f, 0xf5, 0x3d, 0xff, 0x0, 0xbf,
    0xc0, 0x8, 0xff, 0x0, 0xcf, 0xb0, 0xb, 0xfd,
    0x0, 0xcf, 0xb0, 0x3f, 0xf5, 0x0, 0xcf, 0xb0,
    0x6f, 0xf2, 0x0, 0xcf, 0xb0, 0x4f, 0xfb, 0x0,
    0xcf, 0xb0, 0xa, 0xff, 0xb0, 0xcf, 0xb0, 0x0,
    0x9f, 0xf7, 0xcf, 0xb0, 0x0, 0xd, 0xfb, 0xcf,
    0xb1, 0x20, 0x1e, 0xfa, 0xcf, 0xb5, 0xff, 0xff,
    0xf4, 0xcf, 0xb6, 0xef, 0xeb, 0x40,

    /* U+00E0 "à" */
    0x1, 0xef, 0xa0, 0x0, 0x0, 0x0, 0x2f, 0xf4,
    0x0, 0x0, 0x0, 0x4, 0xca, 0x0, 0x0, 0x0,
    0x0, 0x0, 0x0, 0x0, 0x0, 0x6c, 0xfe, 0xa2,
    0x0, 0x9, 0xff, 0xff, 0xff, 0x20, 0x1f, 0xf9,
    0x3, 0xff, 0x80, 0x2, 0x20, 0x0, 0xef, 0xa0,
    0x1, 0x9d, 0xff, 0xff, 0xa0, 0xd, 0xfe, 0x98,
    0xff, 0xa0, 0x4f, 0xf4, 0x0, 0xef, 0xa0, 0x5f,
    0xf6, 0x5, 0xff, 0xa0, 0x1e, 0xff, 0xff, 0xff,
    0xb0, 0x2, 0xbf, 0xe8, 0xaf, 0xe0,

    /* U+00E1 "á" */
    0x0, 0x0, 0xe, 0xfa, 0x0, 0x0, 0x0, 0x9f,
    0xc0, 0x0, 0x0, 0x1, 0xcc, 0x10, 0x0, 0x0,
    0x0, 0x0, 0x0, 0x0, 0x0, 0x6c, 0xfe, 0xa2,
    0x0, 0x9, 0xff, 0xff, 0xff, 0x20, 0x1f, 0xf9,
    0x3, 0xff, 0x80, 0x2, 0x20, 0x0, 0xef, 0xa0,
    0x1, 0x9d, 0xff, 0xff, 0xa0, 0xd, 0xfe, 0x98,
    0xff, 0xa0, 0x4f, 0xf4, 0x0, 0xef, 0xa0, 0x5f,
    0xf6, 0x5, 0xff, 0xa0, 0x1e, 0xff, 0xff, 0xff,
    0xb0, 0x2, 0xbf, 0xe8, 0xaf, 0xe0,

    /* U+00E2 "â" */
    0x0, 0x6, 0xfe, 0x20, 0x0, 0x0, 0x7f, 0xbd,
    0xe2, 0x0, 0x2, 0xa8, 0x1, 0x98, 0x0, 0x0,
    0x0, 0x0, 0x0, 0x0, 0x0, 0x6c, 0xfe, 0xa2,
    0x0, 0x9, 0xff, 0xff, 0xff, 0x20, 0x1f, 0xf9,
    0x3, 0xff, 0x80, 0x2, 0x20, 0x0, 0xef, 0xa0,
    0x1, 0x9d, 0xff, 0xff, 0xa0, 0xd, 0xfe, 0x98,
    0xff, 0xa0, 0x4f, 0xf4, 0x0, 0xef, 0xa0, 0x5f,
    0xf6, 0x5, 0xff, 0xa0, 0x1e, 0xff, 0xff, 0xff,
    0xb0, 0x2, 0xbf, 0xe8, 0xaf, 0xe0,

    /* U+00E3 "ã" */
    0x0, 0x0, 0x0, 0x0, 0x0, 0x0, 0x8f, 0xa1,
    0x8f, 0x10, 0x3, 0xfc, 0xef, 0xfc, 0x0, 0x4,
    0xa0, 0x7, 0x81, 0x0, 0x0, 0x0, 0x0, 0x0,
    0x0, 0x0, 0x6c, 0xfe, 0xa2, 0x0, 0x9, 0xff,
    0xff, 0xff, 0x20, 0x1f, 0xf9, 0x3, 0xff, 0x80,
    0x2, 0x20, 0x0, 0xef, 0xa0, 0x1, 0x9d, 0xff,
    0xff, 0xa0, 0xd, 0xfe, 0x98, 0xff, 0xa0, 0x4f,
    0xf4, 0x0, 0xef, 0xa0, 0x5f, 0xf6, 0x5, 0xff,
    0xa0, 0x1e, 0xff, 0xff, 0xff, 0xb0, 0x2, 0xbf,
    0xe8, 0xaf, 0xe0,

    /* U+00E4 "ä" */
    0x4, 0xf9, 0x1, 0xdd, 0x0, 0x6, 0xfc, 0x2,
    0xff, 0x10, 0x0, 0x41, 0x0, 0x22, 0x0, 0x0,
    0x6c, 0xfe, 0xa2, 0x0, 0x9, 0xff, 0xff, 0xff,
    0x20, 0x1f, 0xf9, 0x3, 0xff, 0x80, 0x2, 0x20,
    0x0, 0xef, 0xa0, 0x1, 0x9d, 0xff, 0xff, 0xa0,
    0xd, 0xfe, 0x98, 0xff, 0xa0, 0x4f, 0xf4, 0x0,
    0xef, 0xa0, 0x5f, 0xf6, 0x5, 0xff, 0xa0, 0x1e,
    0xff, 0xff, 0xff, 0xb0, 0x2, 0xbf, 0xe8, 0xaf,
    0xe0,

    /* U+00E5 "å" */
    0x0, 0x5, 0xdc, 0x20, 0x0, 0x0, 0xe, 0x15,
    0xb0, 0x0, 0x0, 0xe, 0x15, 0xb0, 0x0, 0x0,
    0x5, 0xdc, 0x20, 0x0, 0x0, 0x0, 0x0, 0x0,
    0x0, 0x0, 0x6c, 0xfe, 0xa2, 0x0, 0x9, 0xff,
    0xff, 0xff, 0x20, 0x1f, 0xf9, 0x3, 0xff, 0x80,
    0x2, 0x20, 0x0, 0xef, 0xa0, 0x1, 0x9d, 0xff,
    0xff, 0xa0, 0xd, 0xfe, 0x98, 0xff, 0xa0, 0x4f,
    0xf4, 0x0, 0xef, 0xa0, 0x5f, 0xf6, 0x5, 0xff,
    0xa0, 0x1e, 0xff, 0xff, 0xff, 0xb0, 0x2, 0xbf,
    0xe8, 0xaf, 0xe0,

    /* U+00E6 "æ" */
    0x0, 0x5c, 0xee, 0xb3, 0x5c, 0xfe, 0xa1, 0x0,
    0x8f, 0xff, 0xff, 0xff, 0xff, 0xff, 0xd0, 0xf,
    0xfc, 0x33, 0xef, 0xfa, 0x25, 0xff, 0x60, 0x22,
    0x10, 0xa, 0xff, 0x0, 0xc, 0xfa, 0x2, 0x9e,
    0xff, 0xff, 0xff, 0xff, 0xff, 0xb1, 0xef, 0xfd,
    0xde, 0xff, 0xdd, 0xdd, 0xd9, 0x5f, 0xf5, 0x0,
    0xaf, 0xf1, 0x0, 0x0, 0x5, 0xff, 0x72, 0x4d,
    0xff, 0xc3, 0x24, 0x90, 0x1e, 0xff, 0xff, 0xfd,
    0xff, 0xff, 0xff, 0x50, 0x2b, 0xef, 0xd6, 0x6,
    0xcf, 0xfc, 0x70,

    /* U+00E7 "ç" */
    0x0, 0x4c, 0xff, 0xb3, 0x0, 0x5f, 0xff, 0xff,
    0xf3, 0xe, 0xfc, 0x34, 0xef, 0xb4, 0xff, 0x50,
    0x6, 0xcb, 0x6f, 0xf2, 0x0, 0x0, 0x6, 0xff,
    0x20, 0x0, 0x0, 0x4f, 0xf4, 0x0, 0x48, 0x70,
    0xef, 0xc2, 0x3d, 0xfb, 0x5, 0xff, 0xff, 0xff,
    0x30, 0x5, 0xcf, 0xfb, 0x20, 0x0, 0x3, 0xfe,
    0x40, 0x0, 0x0, 0x4, 0xff, 0x0, 0x0, 0x0,
    0xbf, 0xe0, 0x0, 0x0, 0xf, 0xc3, 0x0,

    /* U+00E8 "è" */
    0x2, 0xef, 0x90, 0x0, 0x0, 0x0, 0x3f, 0xf3,
    0x0, 0x0, 0x0, 0x4, 0xca, 0x0, 0x0, 0x0,
    0x0, 0x0, 0x0, 0x0, 0x0, 0x3b, 0xff, 0xc4,
    0x0, 0x3, 0xff, 0xff, 0xff, 0x50, 0xd, 0xfe,
    0x33, 0xcf, 0xd0, 0x2f, 0xf6, 0x0, 0x4f, 0xf2,
    0x5f, 0xff, 0xff, 0xff, 0xf3, 0x5f, 0xfd, 0xcc,
    0xcc, 0xc3, 0x3f, 0xf7, 0x0, 0x0, 0x0, 0xd,
    0xff, 0x62, 0x4d, 0x60, 0x3, 0xff, 0xff, 0xff,
    0xc0, 0x0, 0x2a, 0xef, 0xd8, 0x0,

    /* U+00E9 "é" */
    0x0, 0x0, 0x1e, 0xfa, 0x0, 0x0, 0x0, 0xaf,
    0xb0, 0x0, 0x0, 0x2, 0xcb, 0x10, 0x0, 0x0,
    0x0, 0x0, 0x0, 0x0, 0x0, 0x3b, 0xff, 0xc4,
    0x0, 0x3, 0xff, 0xff, 0xff, 0x50, 0xd, 0xfe,
    0x33, 0xcf, 0xd0, 0x2f, 0xf6, 0x0, 0x4f, 0xf2,
    0x5f, 0xff, 0xff, 0xff, 0xf3, 0x5f, 0xfd, 0xcc,
    0xcc, 0xc3, 0x3f, 0xf7, 0x0, 0x0, 0x0, 0xd,
    0xff, 0x62, 0x4d, 0x60, 0x3, 0xff, 0xff, 0xff,
    0xc0, 0x0, 0x2a, 0xef, 0xd8, 0x0,

    /* U+00EA "ê" */
    0x0, 0x7, 0xfe, 0x20, 0x0, 0x0, 0x8f, 0xae,
    0xe2, 0x0, 0x3, 0xa7, 0x1, 0x98, 0x0, 0x0,
    0x0, 0x0, 0x0, 0x0, 0x0, 0x3b, 0xff, 0xc4,
    0x0, 0x3, 0xff, 0xff, 0xff, 0x50, 0xd, 0xfe,
    0x33, 0xcf, 0xd0, 0x2f, 0xf6, 0x0, 0x4f, 0xf2,
    0x5f, 0xff, 0xff, 0xff, 0xf3, 0x5f, 0xfd, 0xcc,
    0xcc, 0xc3, 0x3f, 0xf7, 0x0, 0x0, 0x0, 0xd,
    0xff, 0x62, 0x4d, 0x60, 0x3, 0xff, 0xff, 0xff,
    0xc0, 0x0, 0x2a, 0xef, 0xd8, 0x0,

    /* U+00EB "ë" */
    0x4, 0xf8, 0x1, 0xdc, 0x0, 0x7, 0xfb, 0x2,
    0xff, 0x10, 0x0, 0x31, 0x0, 0x22, 0x0, 0x0,
    0x3b, 0xff, 0xc4, 0x0, 0x3, 0xff, 0xff, 0xff,
    0x50, 0xd, 0xfe, 0x33, 0xcf, 0xd0, 0x2f, 0xf6,
    0x0, 0x4f, 0xf2, 0x5f, 0xff, 0xff, 0xff, 0xf3,
    0x5f, 0xfd, 0xcc, 0xcc, 0xc3, 0x3f, 0xf7, 0x0,
    0x0, 0x0, 0xd, 0xff, 0x62, 0x4d, 0x60, 0x3,
    0xff, 0xff, 0xff, 0xc0, 0x0, 0x2a, 0xef, 0xd8,
    0x0,

    /* U+00EC "ì" */
    0x5f, 0xf4, 0x0, 0x7f, 0xd0, 0x0, 0x8c, 0x60,
    0x0, 0x0, 0x0, 0xdf, 0xb0, 0xd, 0xfb, 0x0,
    0xdf, 0xb0, 0xd, 0xfb, 0x0, 0xdf, 0xb0, 0xd,
    0xfb, 0x0, 0xdf, 0xb0, 0xd, 0xfb, 0x0, 0xdf,
    0xb0, 0xd, 0xfb,

    /* U+00ED "í" */
    0x5, 0xff, 0x40, 0xef, 0x60, 0x6c, 0x80, 0x0,
    0x0, 0x0, 0xdf, 0xb0, 0xd, 0xfb, 0x0, 0xdf,
    0xb0, 0xd, 0xfb, 0x0, 0xdf, 0xb0, 0xd, 0xfb,
    0x0, 0xdf, 0xb0, 0xd, 0xfb, 0x0, 0xdf, 0xb0,
    0xd, 0xfb, 0x0,

    /* U+00EE "î" */
    0x0, 0xbf, 0xa0, 0x1, 0xcf, 0x9f, 0xb0, 0x69,
    0x40, 0x49, 0x50, 0x0, 0x0, 0x0, 0x0, 0xdf,
    0xb0, 0x0, 0xd, 0xfb, 0x0, 0x0, 0xdf, 0xb0,
    0x0, 0xd, 0xfb, 0x0, 0x0, 0xdf, 0xb0, 0x0,
    0xd, 0xfb, 0x0, 0x0, 0xdf, 0xb0, 0x0, 0xd,
    0xfb, 0x0, 0x0, 0xdf, 0xb0, 0x0, 0xd, 0xfb,
    0x0,

    /* U+00EF "ï" */
    0x9f, 0x40, 0x5f, 0x8c, 0xf6, 0x8, 0xfb, 0x13,
    0x0, 0x4, 0x0, 0xd, 0xfb, 0x0, 0x0, 0xdf,
    0xb0, 0x0, 0xd, 0xfb, 0x0, 0x0, 0xdf, 0xb0,
    0x0, 0xd, 0xfb, 0x0, 0x0, 0xdf, 0xb0, 0x0,
    0xd, 0xfb, 0x0, 0x0, 0xdf, 0xb0, 0x0, 0xd,
    0xfb, 0x0, 0x0, 0xdf, 0xb0, 0x0,

    /* U+00F0 "ð" */
    0x0, 0x25, 0x0, 0x0, 0x0, 0x0, 0x8f, 0xf8,
    0x19, 0x40, 0x0, 0x8f, 0xff, 0xfe, 0x30, 0x0,
    0x2, 0xef, 0xfd, 0x0, 0x0, 0xb, 0xd9, 0xff,
    0x90, 0x0, 0x2, 0x0, 0xbf, 0xf1, 0x0, 0x5c,
    0xfd, 0xbf, 0xf6, 0x5, 0xff, 0xff, 0xff, 0xf9,
    0xe, 0xfe, 0x30, 0x4f, 0xfa, 0x2f, 0xf7, 0x0,
    0xd, 0xfb, 0x3f, 0xf5, 0x0, 0xe, 0xfa, 0x2f,
    0xf7, 0x0, 0x2f, 0xf7, 0xd, 0xfe, 0x53, 0xcf,
    0xf1, 0x3, 0xff, 0xff, 0xff, 0x50, 0x0, 0x2b,
    0xff, 0xc4, 0x0,

    /* U+00F1 "ñ" */
    0x0, 0x0, 0x0, 0x0, 0x0, 0x0, 0x5e, 0xc3,
    0x4f, 0x40, 0x0, 0xfd, 0xdf, 0xfe, 0x0, 0x1,
    0xa3, 0x5, 0x93, 0x0, 0x0, 0x0, 0x0, 0x0,
    0x0, 0x1f, 0xf7, 0xae, 0xea, 0x10, 0x1f, 0xff,
    0xff, 0xff, 0xb0, 0x1f, 0xfc, 0x10, 0xbf, 0xf0,
    0x1f, 0xf7, 0x0, 0x6f, 0xf1, 0x1f, 0xf7, 0x0,
    0x6f, 0xf2, 0x1f, 0xf7, 0x0, 0x6f, 0xf2, 0x1f,
    0xf7, 0x0, 0x6f, 0xf2, 0x1f, 0xf7, 0x0, 0x6f,
    0xf2, 0x1f, 0xf7, 0x0, 0x6f, 0xf2, 0x1f, 0xf7,
    0x0, 0x6f, 0xf2,

    /* U+00F2 "ò" */
    0x0, 0xbf, 0xd0, 0x0, 0x0, 0x0, 0x1d, 0xf8,
    0x0, 0x0, 0x0, 0x2, 0xcc, 0x10, 0x0, 0x0,
    0x0, 0x0, 0x0, 0x0, 0x0, 0x3b, 0xff, 0xc5,
    0x0, 0x4, 0xff, 0xff, 0xff, 0x70, 0xe, 0xfe,
    0x43, 0xcf, 0xf1, 0x4f, 0xf5, 0x0, 0x3f, 0xf6,
    0x6f, 0xf2, 0x0, 0xf, 0xf8, 0x6f, 0xf2, 0x0,
    0xf, 0xf8, 0x4f, 0xf5, 0x0, 0x3f, 0xf6, 0xe,
    0xfe, 0x43, 0xcf, 0xf1, 0x4, 0xff, 0xff, 0xff,
    0x70, 0x0, 0x4b, 0xff, 0xc5, 0x0,

    /* U+00F3 "ó" */
    0x0, 0x0, 0xb, 0xfd, 0x10, 0x0, 0x0, 0x5f,
    0xe2, 0x0, 0x0, 0x0, 0xbc, 0x30, 0x0, 0x0,
    0x0, 0x0, 0x0, 0x0, 0x0, 0x3b, 0xff, 0xc5,
    0x0, 0x4, 0xff, 0xff, 0xff, 0x70, 0xe, 0xfe,
    0x43, 0xcf, 0xf1, 0x4f, 0xf5, 0x0, 0x3f, 0xf6,
    0x6f, 0xf2, 0x0, 0xf, 0xf8, 0x6f, 0xf2, 0x0,
    0xf, 0xf8, 0x4f, 0xf5, 0x0, 0x3f, 0xf6, 0xe,
    0xfe, 0x43, 0xcf, 0xf1, 0x4, 0xff, 0xff, 0xff,
    0x70, 0x0, 0x4b, 0xff, 0xc5, 0x0,

    /* U+00F4 "ô" */
    0x0, 0x3, 0xff, 0x50, 0x0, 0x0, 0x4f, 0xdb,
    0xf5, 0x0, 0x1, 0x99, 0x10, 0x89, 0x10, 0x0,
    0x0, 0x0, 0x0, 0x0, 0x0, 0x3b, 0xff, 0xc5,
    0x0, 0x4, 0xff, 0xff, 0xff, 0x70, 0xe, 0xfe,
    0x43, 0xcf, 0xf1, 0x4f, 0xf5, 0x0, 0x3f, 0xf6,
    0x6f, 0xf2, 0x0, 0xf, 0xf8, 0x6f, 0xf2, 0x0,
    0xf, 0xf8, 0x4f, 0xf5, 0x0, 0x3f, 0xf6, 0xe,
    0xfe, 0x43, 0xcf, 0xf1, 0x4, 0xff, 0xff, 0xff,
    0x70, 0x0, 0x4b, 0xff, 0xc5, 0x0,

    /* U+00F5 "õ" */
    0x0, 0x0, 0x0, 0x0, 0x0, 0x0, 0x5e, 0xc3,
    0x4f, 0x40, 0x0, 0xfd, 0xdf, 0xfe, 0x0, 0x1,
    0xa3, 0x5, 0x93, 0x0, 0x0, 0x0, 0x0, 0x0,
    0x0, 0x0, 0x3b, 0xff, 0xc5, 0x0, 0x4, 0xff,
    0xff, 0xff, 0x70, 0xe, 0xfe, 0x43, 0xcf, 0xf1,
    0x4f, 0xf5, 0x0, 0x3f, 0xf6, 0x6f, 0xf2, 0x0,
    0xf, 0xf8, 0x6f, 0xf2, 0x0, 0xf, 0xf8, 0x4f,
    0xf5, 0x0, 0x3f, 0xf6, 0xe, 0xfe, 0x43, 0xcf,
    0xf1, 0x4, 0xff, 0xff, 0xff, 0x70, 0x0, 0x4b,
    0xff, 0xc5, 0x0,

    /* U+00F6 "ö" */
    0x1, 0xec, 0x0, 0xbe, 0x20, 0x3, 0xff, 0x0,
    0xef, 0x50, 0x0, 0x32, 0x0, 0x13, 0x0, 0x0,
    0x3b, 0xff, 0xc5, 0x0, 0x4, 0xff, 0xff, 0xff,
    0x70, 0xe, 0xfe, 0x43, 0xcf, 0xf1, 0x4f, 0xf5,
    0x0, 0x3f, 0xf6, 0x6f, 0xf2, 0x0, 0xf, 0xf8,
    0x6f, 0xf2, 0x0, 0xf, 0xf8, 0x4f, 0xf5, 0x0,
    0x3f, 0xf6, 0xe, 0xfe, 0x43, 0xcf, 0xf1, 0x4,
    0xff, 0xff, 0xff, 0x70, 0x0, 0x4b, 0xff, 0xc5,
    0x0,

    /* U+00F7 "÷" */
    0x0, 0x1, 0xde, 0x30, 0x0, 0x0, 0x4, 0xff,
    0x70, 0x0, 0x0, 0x0, 0x9a, 0x10, 0x0, 0x1,
    0x11, 0x11, 0x11, 0x10, 0x7f, 0xff, 0xff, 0xff,
    0xf9, 0x7f, 0xff, 0xff, 0xff, 0xf9, 0x0, 0x0,
    0x0, 0x0, 0x0, 0x0, 0x0, 0x9a, 0x10, 0x0,
    0x0, 0x4, 0xff, 0x70, 0x0, 0x0, 0x1, 0xde,
    0x30, 0x0,

    /* U+00F8 "ø" */
    0x0, 0x0, 0x0, 0xe, 0x70, 0x0, 0x3b, 0xff,
    0xdf, 0x10, 0x4, 0xff, 0xff, 0xff, 0x70, 0xe,
    0xfe, 0x47, 0xff, 0xf1, 0x4f, 0xf5, 0xd, 0xbf,
    0xf6, 0x6f, 0xf2, 0x5f, 0x1f, 0xf8, 0x6f, 0xf2,
    0xd9, 0xf, 0xf8, 0x4f, 0xfa, 0xf1, 0x3f, 0xf6,
    0xe, 0xff, 0xb3, 0xcf, 0xf1, 0x4, 0xff, 0xff,
    0xff, 0x70, 0x0, 0xce, 0xef, 0xc5, 0x0, 0x4,
    0xf2, 0x0, 0x0, 0x0,

    /* U+00F9 "ù" */
    0x0, 0xcf, 0xd0, 0x0, 0x0, 0x0, 0x1d, 0xf7,
    0x0, 0x0, 0x0, 0x2, 0xcc, 0x10, 0x0, 0x0,
    0x0, 0x0, 0x0, 0x0, 0x1f, 0xf7, 0x0, 0x6f,
    0xf2, 0x1f, 0xf7, 0x0, 0x6f, 0xf2, 0x1f, 0xf7,
    0x0, 0x6f, 0xf2, 0x1f, 0xf7, 0x0, 0x6f, 0xf2,
    0x1f, 0xf7, 0x0, 0x6f, 0xf2, 0x1f, 0xf7, 0x0,
    0x6f, 0xf2, 0x1f, 0xf7, 0x0, 0x6f, 0xf2, 0xf,
    0xfd, 0x34, 0xdf, 0xf2, 0xa, 0xff, 0xff, 0xff,
    0xf2, 0x0, 0x9e, 0xfb, 0x6f, 0xf2,

    /* U+00FA "ú" */
    0x0, 0x0, 0xc, 0xfd, 0x0, 0x0, 0x0, 0x5f,
    0xe1, 0x0, 0x0, 0x0, 0xbc, 0x30, 0x0, 0x0,
    0x0, 0x0, 0x0, 0x0, 0x1f, 0xf7, 0x0, 0x6f,
    0xf2, 0x1f, 0xf7, 0x0, 0x6f, 0xf2, 0x1f, 0xf7,
    0x0, 0x6f, 0xf2, 0x1f, 0xf7, 0x0, 0x6f, 0xf2,
    0x1f, 0xf7, 0x0, 0x6f, 0xf2, 0x1f, 0xf7, 0x0,
    0x6f, 0xf2, 0x1f, 0xf7, 0x0, 0x6f, 0xf2, 0xf,
    0xfd, 0x34, 0xdf, 0xf2, 0xa, 0xff, 0xff, 0xff,
    0xf2, 0x0, 0x9e, 0xfb, 0x6f, 0xf2,

    /* U+00FB "û" */
    0x0, 0x4, 0xff, 0x50, 0x0, 0x0, 0x5f, 0xbb,
    0xf5, 0x0, 0x1, 0x87, 0x0, 0x78, 0x10, 0x0,
    0x0, 0x0, 0x0, 0x0, 0x1f, 0xf7, 0x0, 0x6f,
    0xf2, 0x1f, 0xf7, 0x0, 0x6f, 0xf2, 0x1f, 0xf7,
    0x0, 0x6f, 0xf2, 0x1f, 0xf7, 0x0, 0x6f, 0xf2,
    0x1f, 0xf7, 0x0, 0x6f, 0xf2, 0x1f, 0xf7, 0x0,
    0x6f, 0xf2, 0x1f, 0xf7, 0x0, 0x6f, 0xf2, 0xf,
    0xfd, 0x34, 0xdf, 0xf2, 0xa, 0xff, 0xff, 0xff,
    0xf2, 0x0, 0x9e, 0xfb, 0x6f, 0xf2,

    /* U+00FC "ü" */
    0x1, 0xec, 0x0, 0xbe, 0x20, 0x3, 0xff, 0x0,
    0xef, 0x40, 0x0, 0x32, 0x0, 0x13, 0x0, 0x1f,
    0xf7, 0x0, 0x6f, 0xf2, 0x1f, 0xf7, 0x0, 0x6f,
    0xf2, 0x1f, 0xf7, 0x0, 0x6f, 0xf2, 0x1f, 0xf7,
    0x0, 0x6f, 0xf2, 0x1f, 0xf7, 0x0, 0x6f, 0xf2,
    0x1f, 0xf7, 0x0, 0x6f, 0xf2, 0x1f, 0xf7, 0x0,
    0x6f, 0xf2, 0xf, 0xfd, 0x34, 0xdf, 0xf2, 0xa,
    0xff, 0xff, 0xff, 0xf2, 0x0, 0x9e, 0xfb, 0x6f,
    0xf2,

    /* U+00FD "ý" */
    0x0, 0x0, 0x3f, 0xf6, 0x0, 0x0, 0x0, 0xdf,
    0x80, 0x0, 0x0, 0x5, 0xd9, 0x0, 0x0, 0x0,
    0x0, 0x0, 0x0, 0x0, 0xcf, 0xe0, 0x0, 0xdf,
    0xd0, 0x7f, 0xf3, 0x2, 0xff, 0x80, 0x2f, 0xf7,
    0x6, 0xff, 0x20, 0xc, 0xfc, 0xb, 0xfd, 0x0,
    0x7, 0xff, 0x1f, 0xf8, 0x0, 0x2, 0xff, 0x9f,
    0xf2, 0x0, 0x0, 0xcf, 0xff, 0xd0, 0x0, 0x0,
    0x7f, 0xff, 0x80, 0x0, 0x0, 0x2f, 0xff, 0x20,
    0x0, 0x0, 0xd, 0xfd, 0x0, 0x0, 0x0, 0xd,
    0xf8, 0x0, 0x0, 0x2, 0x7f, 0xf2, 0x0, 0x0,
    0xf, 0xff, 0xb0, 0x0, 0x0, 0xd, 0xfb, 0x10,
    0x0, 0x0,

    /* U+00FE "þ" */
    0xff, 0x80, 0x0, 0x0, 0xf, 0xf8, 0x0, 0x0,
    0x0, 0xff, 0x80, 0x0, 0x0, 0xf, 0xf8, 0x0,
    0x0, 0x0, 0xff, 0xaa, 0xfe, 0x90, 0xf, 0xff,
    0xff, 0xff, 0xa0, 0xff, 0xe4, 0x3c, 0xff, 0x2f,
    0xf8, 0x0, 0x3f, 0xf6, 0xff, 0x80, 0x0, 0xff,
    0x8f, 0xf8, 0x0, 0xf, 0xf8, 0xff, 0x80, 0x3,
    0xff, 0x6f, 0xfe, 0x43, 0xcf, 0xf1, 0xff, 0xff,
    0xff, 0xf9, 0xf, 0xfa, 0xaf, 0xe9, 0x0, 0xff,
    0x80, 0x0, 0x0, 0xf, 0xf8, 0x0, 0x0, 0x0,
    0xff, 0x80, 0x0, 0x0, 0xf, 0xf8, 0x0, 0x0,
    0x0,

    /* U+00FF "ÿ" */
    0x7, 0xf5, 0x3, 0xea, 0x0, 0xa, 0xf8, 0x6,
    0xfd, 0x0, 0x0, 0x40, 0x0, 0x31, 0x0, 0xcf,
    0xe0, 0x0, 0xdf, 0xd0, 0x7f, 0xf3, 0x2, 0xff,
    0x80, 0x2f, 0xf7, 0x6, 0xff, 0x20, 0xc, 0xfc,
    0xb, 0xfd, 0x0, 0x7, 0xff, 0x1f, 0xf8, 0x0,
    0x2, 0xff, 0x9f, 0xf2, 0x0, 0x0, 0xcf, 0xff,
    0xd0, 0x0, 0x0, 0x7f, 0xff, 0x80, 0x0, 0x0,
    0x2f, 0xff, 0x20, 0x0, 0x0, 0xd, 0xfd, 0x0,
    0x0, 0x0, 0xd, 0xf8, 0x0, 0x0, 0x2, 0x7f,
    0xf2, 0x0, 0x0, 0xf, 0xff, 0xb0, 0x0, 0x0,
    0xd, 0xfb, 0x10, 0x0, 0x0,

    /* U+0E01 "ก" */
    0x0, 0x3b, 0xef, 0xda, 0x30, 0x5, 0xff, 0xff,
    0xff, 0xf4, 0xe, 0xff, 0x52, 0x7f, 0xfc, 0xd,
    0xfe, 0x50, 0xc, 0xff, 0x0, 0x9f, 0xf4, 0xb,
    0xff, 0x7, 0xff, 0x70, 0xb, 0xff, 0xc, 0xfe,
    0x0, 0xb, 0xff, 0xd, 0xfe, 0x0, 0xb, 0xff,
    0xd, 0xfe, 0x0, 0xb, 0xff, 0xd, 0xfe, 0x0,
    0xb, 0xff,

    /* U+0E02 "ข" */
    0x1c, 0xfe, 0x70, 0x4f, 0xf6, 0xe, 0xff, 0xf0,
    0x4f, 0xf6, 0x0, 0x7f, 0xf0, 0x4f, 0xf6, 0x0,
    0xdf, 0xb0, 0x4f, 0xf6, 0x7, 0xff, 0x20, 0x4f,
    0xf6, 0xb, 0xfe, 0x0, 0x4f, 0xf6, 0xc, 0xff,
    0x0, 0x4f, 0xf6, 0xa, 0xff, 0x62, 0xbf, 0xf4,
    0x3, 0xff, 0xff, 0xff, 0xd0, 0x0, 0x3b, 0xef,
    0xd8, 0x10,

    /* U+0E03 "ฃ" */
    0x4f, 0xb3, 0xf8, 0x2f, 0xf9, 0x2f, 0xff, 0xf8,
    0x2f, 0xf9, 0x3, 0x7f, 0xf5, 0x2f, 0xf9, 0x0,
    0xcf, 0xc0, 0x2f, 0xf9, 0x6, 0xff, 0x20, 0x2f,
    0xf9, 0xb, 0xff, 0x0, 0x2f, 0xf9, 0xb, 0xff,
    0x0, 0x2f, 0xf8, 0x9, 0xff, 0x72, 0x9f, 0xf6,
    0x3, 0xff, 0xff, 0xff, 0xe1, 0x0, 0x3b, 0xef,
    0xd9, 0x20,

    /* U+0E04 "ค" */
    0x1, 0x9e, 0xff, 0xc7, 0x0, 0x1e, 0xff, 0xff,
    0xff, 0x90, 0x7f, 0xfa, 0x34, 0xef, 0xf1, 0xaf,
    0xf1, 0x0, 0x6f, 0xf5, 0xbf, 0xe0, 0x0, 0x5f,
    0xf5, 0xbf, 0xe7, 0xe8, 0x5f, 0xf6, 0xbf, 0xff,
    0xf8, 0x5f, 0xf6, 0xbf, 0xf8, 0x10, 0x5f, 0xf6,
    0xbf, 0xf0, 0x0, 0x5f, 0xf6, 0xbf, 0xe0, 0x0,
    0x5f, 0xf6,

    /* U+0E05 "ฅ" */
    0x1a, 0xfe, 0x68, 0xfe, 0x90, 0x8f, 0xff, 0xff,
    0xff, 0xf6, 0xbf, 0xf4, 0xda, 0x6f, 0xf8, 0xbf,
    0xe0, 0x11, 0x1f, 0xf9, 0xbf, 0xe0, 0x0, 0x1f,
    0xf9, 0xbf, 0xe7, 0xea, 0x1f, 0xf9, 0xbf, 0xff,
    0xfa, 0x1f, 0xf9, 0xbf, 0xf8, 0x10, 0x1f, 0xf9,
    0xbf, 0xf0, 0x0, 0x1f, 0xf9, 0xbf, 0xe0, 0x0,
    0x1f, 0xf9,

    /* U+0E06 "ฆ" */
    0x3f, 0xc2, 0xfb, 0x7, 0xff, 0x31, 0xff, 0xff,
    0xa0, 0x7f, 0xf3, 0x3, 0x7f, 0xf7, 0x7, 0xff,
    0x30, 0xb, 0xfe, 0x0, 0x7f, 0xf3, 0x5, 0xff,
    0x40, 0x7, 0xff, 0x30, 0x9f, 0xf0, 0x0, 0x7f,
    0xf3, 0xa, 0xff, 0x30, 0x8, 0xff, 0x30, 0xaf,
    0xfd, 0x66, 0xff, 0xf1, 0xa, 0xfb, 0xff, 0xff,
    0xfb, 0x0, 0xaf, 0x63, 0xcf, 0xea, 0x10,

    /* U+0E07 "ง" */
    0xcf, 0xe0, 0xdf, 0xd8, 0x0, 0x7f, 0xf3, 0xaf,
    0xff, 0xa0, 0x3f, 0xf8, 0x1, 0xdf, 0xf2, 0xe,
    0xfc, 0x0, 0x5f, 0xf6, 0x9, 0xff, 0x10, 0x3f,
    0xf7, 0x5, 0xff, 0x50, 0x5f, 0xf7, 0x1, 0xff,
    0x90, 0xaf, 0xf3, 0x0, 0xcf, 0xe5, 0xff, 0xd0,
    0x0, 0x7f, 0xff, 0xff, 0x40, 0x0, 0x3f, 0xfe,
    0xb3, 0x0,

    /* U+0E08 "จ" */
    0x18, 0xdf, 0xfe, 0xa3, 0x0, 0x4f, 0xff, 0xff,
    0xff, 0x30, 0x4a, 0x42, 0x3a, 0xff, 0xc0, 0x0,
    0x0, 0x0, 0xcf, 0xf1, 0x9, 0xaa, 0x50, 0x9f,
    0xf3, 0xf, 0xff, 0x80, 0x8f, 0xf3, 0x0, 0xff,
    0x80, 0xbf, 0xf1, 0x0, 0xff, 0x85, 0xff, 0xd0,
    0x0, 0xff, 0xff, 0xff, 0x40, 0x0, 0xff, 0xfe,
    0xb3, 0x0,

    /* U+0E09 "ฉ" */
    0x19, 0xce, 0xfe, 0xb3, 0x6, 0xff, 0xff, 0xff,
    0xf3, 0x59, 0x52, 0x39, 0xff, 0xb0, 0x0, 0x0,
    0xe, 0xfe, 0x6a, 0x90, 0x0, 0xcf, 0xfa, 0xff,
    0x0, 0xc, 0xff, 0xaf, 0xf0, 0x0, 0xef, 0xf9,
    0xff, 0x95, 0xbf, 0xff, 0x5f, 0xff, 0xff, 0xbf,
    0xf0, 0x7d, 0xfd, 0x62, 0xff,

    /* U+0E0A "ช" */
    0x1c, 0xfe, 0x70, 0xe, 0xfc, 0xa, 0xdf, 0xf1,
    0x6f, 0xf8, 0x0, 0x7f, 0xf4, 0xff, 0xd0, 0x1,
    0xef, 0xb1, 0x9f, 0xf5, 0x7, 0xff, 0x30, 0x2f,
    0xf8, 0xa, 0xff, 0x0, 0x1f, 0xf9, 0xb, 0xff,
    0x0, 0x2f, 0xf8, 0x9, 0xff, 0x72, 0x8f, 0xf6,
    0x2, 0xff, 0xff, 0xff, 0xe1, 0x0, 0x2a, 0xef,
    0xd9, 0x10,

    /* U+0E0B "ซ" */
    0x4f, 0xc4, 0xf7, 0xd, 0xfd, 0x2f, 0xff, 0xf6,
    0x4f, 0xfa, 0x3, 0x8f, 0xf5, 0xff, 0xd1, 0x0,
    0xcf, 0xc0, 0x8f, 0xf6, 0x7, 0xff, 0x30, 0xf,
    0xf9, 0xa, 0xff, 0x0, 0xf, 0xfa, 0xb, 0xff,
    0x0, 0xf, 0xfa, 0x8, 0xff, 0x72, 0x8f, 0xf7,
    0x2, 0xff, 0xff, 0xff, 0xe1, 0x0, 0x3b, 0xef,
    0xea, 0x20,

    /* U+0E0C "ฌ" */
    0x0, 0x4b, 0xef, 0xda, 0x20, 0x0, 0x4f, 0xf6,
    0x6, 0xff, 0xff, 0xff, 0xf2, 0x0, 0x4f, 0xf6,
    0xe, 0xff, 0x42, 0x7f, 0xf9, 0x0, 0x4f, 0xf6,
    0xc, 0xff, 0x60, 0xf, 0xfb, 0x0, 0x4f, 0xf6,
    0x0, 0x9f, 0xf3, 0xe, 0xfc, 0x0, 0x4f, 0xf6,
    0x8, 0xff, 0x40, 0xe, 0xfc, 0x0, 0x4f, 0xf6,
    0xc, 0xfc, 0x0, 0xe, 0xfe, 0x0, 0x5f, 0xf6,
    0xd, 0xfd, 0x0, 0xe, 0xff, 0xb5, 0xdf, 0xf5,
    0xa, 0xff, 0xe3, 0xe, 0xfb, 0xff, 0xff, 0xf1,
    0x2, 0xcf, 0xe4, 0xe, 0xf3, 0x6d, 0xfd, 0x40,

    /* U+0E0D "ญ" */
    0x0, 0x4b, 0xef, 0xd9, 0x20, 0x0, 0x4f, 0xf7,
    0x5, 0xff, 0xff, 0xff, 0xe2, 0x0, 0x4f, 0xf7,
    0xe, 0xff, 0x52, 0x7f, 0xf8, 0x0, 0x4f, 0xf7,
    0xe, 0xfe, 0x50, 0xf, 0xfb, 0x0, 0x4f, 0xf7,
    0x0, 0x9f, 0xf4, 0xe, 0xfb, 0x0, 0x4f, 0xf7,
    0x7, 0xff, 0x60, 0xe, 0xfb, 0x0, 0x4f, 0xf7,
    0xc, 0xfd, 0x0, 0xe, 0xfc, 0x0, 0x7f, 0xf7,
    0xd, 0xfd, 0x0, 0xd, 0xff, 0x76, 0xff, 0xf7,
    0xb, 0xff, 0xe2, 0x8, 0xff, 0xff, 0xdf, 0xf7,
    0x2, 0xcf, 0xf5, 0x0, 0x9e, 0xfa, 0x4f, 0xf6,
    0x0, 0x0, 0x0, 0x0, 0x0, 0x0, 0x6f, 0xf4,
    0x0, 0x0, 0x0, 0x6, 0xb4, 0x26, 0xef, 0xf0,
    0x0, 0x0, 0x0, 0x6, 0xff, 0xff, 0xff, 0x60,
    0x0, 0x0, 0x0, 0x2, 0xae, 0xff, 0xc5, 0x0,

    /* U+0E0E "ฎ" */
    0x0, 0x2a, 0xef, 0xeb, 0x40, 0x0, 0x3f, 0xff,
    0xff, 0xff, 0x70, 0xa, 0xff, 0x82, 0x5f, 0xff,
    0x0, 0xaf, 0xf7, 0x0, 0x9f, 0xf2, 0x0, 0x6f,
    0xf7, 0x8, 0xff, 0x30, 0x2f, 0xfa, 0x10, 0x8f,
    0xf3, 0x4, 0xff, 0x50, 0x8, 0xff, 0x30, 0x5f,
    0xf4, 0x0, 0x8f, 0xf3, 0x5e, 0xff, 0x30, 0x8,
    0xff, 0x36, 0xef, 0x90, 0x0, 0x8f, 0xf3, 0x0,
    0x0, 0x0, 0x8, 0xff, 0x30, 0x6, 0xef, 0xfb,
    0xaf, 0xf3, 0x2, 0xff, 0xff, 0xff, 0xff, 0x30,
    0x5f, 0xf5, 0x3, 0xbf, 0xf3,

    /* U+0E0F "ฏ" */
    0x0, 0x2a, 0xef, 0xeb, 0x40, 0x0, 0x3f, 0xff,
    0xff, 0xff, 0x70, 0xa, 0xff, 0x82, 0x5f, 0xff,
    0x0, 0xaf, 0xf7, 0x0, 0x9f, 0xf2, 0x0, 0x6f,
    0xf7, 0x8, 0xff, 0x30, 0x2f, 0xfa, 0x10, 0x8f,
    0xf3, 0x4, 0xff, 0x50, 0x8, 0xff, 0x30, 0x5f,
    0xf4, 0x0, 0x8f, 0xf3, 0x5e, 0xff, 0x30, 0x8,
    0xff, 0x36, 0xef, 0x90, 0x0, 0x8f, 0xf3, 0x0,
    0x0, 0x0, 0x8, 0xff, 0x30, 0x2c, 0xfb, 0x29,
    0xaf, 0xf3, 0xb, 0xff, 0xff, 0xff, 0xff, 0x30,
    0xef, 0x74, 0xf5, 0xaf, 0xf3,

    /* U+0E10 "ฐ" */
    0x18, 0xcf, 0xfe, 0x9d, 0xfb, 0x4f, 0xff, 0xff,
    0xff, 0xd2, 0x4a, 0x42, 0x39, 0xff, 0xa0, 0x0,
    0x0, 0x0, 0xcf, 0xf1, 0x9, 0xaa, 0x50, 0x8f,
    0xf3, 0xe, 0xff, 0x80, 0x8f, 0xf3, 0x0, 0xef,
    0x80, 0xaf, 0xf2, 0x0, 0xef, 0x85, 0xff, 0xd0,
    0x0, 0xef, 0xff, 0xff, 0x40, 0x0, 0xef, 0xfe,
    0xb3, 0x0, 0x0, 0x0, 0x0, 0x3, 0x30, 0x7,
    0xed, 0x37, 0x5f, 0xf3, 0x1f, 0xff, 0xff, 0xff,
    0xf3, 0x4f, 0xd1, 0xc7, 0xaf, 0xf3,

    /* U+0E11 "ฑ" */
    0x4f, 0xa3, 0xf5, 0x9e, 0xe9, 0x2, 0xff, 0xff,
    0xef, 0xff, 0xf4, 0x3, 0x7f, 0xfc, 0x27, 0xff,
    0x60, 0xb, 0xfe, 0x10, 0x4f, 0xf7, 0x4, 0xff,
    0x70, 0x4, 0xff, 0x70, 0x6f, 0xf4, 0x0, 0x4f,
    0xf7, 0x7, 0xff, 0x30, 0x4, 0xff, 0x70, 0x7f,
    0xf3, 0x0, 0x4f, 0xf7, 0x7, 0xff, 0x30, 0x4,
    0xff, 0x70, 0x7f, 0xf3, 0x0, 0x4f, 0xf7,

    /* U+0E12 "ฒ" */
    0x0, 0x9f, 0xd4, 0x9e, 0xe5, 0x0, 0xd, 0xfe,
    0x7, 0xff, 0xff, 0xff, 0xff, 0x0, 0xd, 0xfe,
    0xd, 0xff, 0x4e, 0x8a, 0xff, 0x30, 0xd, 0xfe,
    0xf, 0xfb, 0x0, 0x7, 0xff, 0x30, 0xd, 0xfe,
    0xf, 0xfa, 0x0, 0x7, 0xff, 0x30, 0xd, 0xfe,
    0xf, 0xfa, 0x0, 0x7, 0xff, 0x30, 0xd, 0xfe,
    0xe, 0xfc, 0x0, 0x7, 0xff, 0x70, 0xd, 0xfe,
    0xb, 0xff, 0x51, 0x7, 0xff, 0xe6, 0x8f, 0xfc,
    0x4, 0xff, 0xff, 0x27, 0xfe, 0xcf, 0xff, 0xf8,
    0x0, 0x4c, 0xfe, 0x37, 0xfb, 0x1b, 0xfe, 0x90,

    /* U+0E13 "ณ" */
    0x0, 0x4b, 0xef, 0xd9, 0x20, 0x0, 0x4f, 0xf7,
    0x6, 0xff, 0xff, 0xff, 0xf2, 0x0, 0x4f, 0xf7,
    0xe, 0xff, 0x42, 0x7f, 0xf9, 0x0, 0x4f, 0xf7,
    0xc, 0xff, 0x60, 0xf, 0xfb, 0x0, 0x4f, 0xf7,
    0x0, 0x9f, 0xf3, 0xe, 0xfb, 0x0, 0x4f, 0xf7,
    0x8, 0xff, 0x40, 0xe, 0xfb, 0x0, 0x4f, 0xf7,
    0xc, 0xfc, 0x0, 0xe, 0xfc, 0x0, 0x7f, 0xf7,
    0xd, 0xfd, 0x0, 0xd, 0xff, 0x77, 0xff, 0xf7,
    0xa, 0xff, 0xe3, 0x9, 0xff, 0xff, 0xce, 0xf7,
    0x2, 0xcf, 0xe4, 0x1, 0xae, 0xfa, 0x1b, 0xf7,

    /* U+0E14 "ด" */
    0x0, 0x2a, 0xdf, 0xfc, 0x60, 0x0, 0x3f, 0xff,
    0xff, 0xff, 0x80, 0xb, 0xff, 0x83, 0x4e, 0xff,
    0x0, 0xff, 0xd0, 0x0, 0x9f, 0xf2, 0x1f, 0xfa,
    0x0, 0x8, 0xff, 0x21, 0xff, 0xa0, 0x0, 0x8f,
    0xf2, 0xf, 0xfc, 0x0, 0x8, 0xff, 0x20, 0xcf,
    0xf6, 0x20, 0x8f, 0xf2, 0x4, 0xff, 0xff, 0x18,
    0xff, 0x20, 0x5, 0xcf, 0xf2, 0x8f, 0xf2,

    /* U+0E15 "ต" */
    0x0, 0x9e, 0xe6, 0x8e, 0xe9, 0x0, 0x7f, 0xff,
    0xff, 0xff, 0xf4, 0xd, 0xff, 0x4d, 0xa6, 0xff,
    0x70, 0xff, 0xc0, 0x0, 0x3f, 0xf8, 0xf, 0xfb,
    0x0, 0x3, 0xff, 0x80, 0xff, 0xb0, 0x0, 0x3f,
    0xf8, 0xe, 0xfd, 0x0, 0x3, 0xff, 0x80, 0xbf,
    0xf6, 0x10, 0x3f, 0xf8, 0x3, 0xff, 0xff, 0x33,
    0xff, 0x80, 0x4, 0xcf, 0xe4, 0x3f, 0xf8,

    /* U+0E16 "ถ" */
    0x0, 0x4b, 0xef, 0xda, 0x30, 0x5, 0xff, 0xff,
    0xff, 0xf4, 0xe, 0xff, 0x52, 0x7f, 0xfc, 0xd,
    0xfe, 0x50, 0xc, 0xff, 0x0, 0x9f, 0xf3, 0xb,
    0xff, 0x8, 0xff, 0x40, 0xb, 0xff, 0xc, 0xfc,
    0x0, 0xb, 0xff, 0xd, 0xfd, 0x0, 0xb, 0xff,
    0xa, 0xff, 0xe3, 0xb, 0xff, 0x2, 0xcf, 0xe4,
    0xb, 0xff,

    /* U+0E17 "ท" */
    0x9f, 0x73, 0xcf, 0xea, 0x10, 0x9f, 0xdf, 0xff,
    0xff, 0xc0, 0x9f, 0xfe, 0x43, 0xdf, 0xf2, 0x9f,
    0xf5, 0x0, 0x7f, 0xf4, 0x9f, 0xf2, 0x0, 0x6f,
    0xf5, 0x9f, 0xf1, 0x0, 0x6f, 0xf5, 0x9f, 0xf1,
    0x0, 0x6f, 0xf5, 0x9f, 0xf1, 0x0, 0x6f, 0xf5,
    0x9f, 0xf1, 0x0, 0x6f, 0xf5, 0x9f, 0xf1, 0x0,
    0x6f, 0xf5,

    /* U+0E18 "ธ" */
    0x1, 0x8d, 0xff, 0xeb, 0x50, 0xd, 0xff, 0xff,
    0xff, 0x90, 0x1f, 0xfb, 0x0, 0x14, 0x40, 0xe,
    0xff, 0xd9, 0x40, 0x0, 0x2, 0xbf, 0xff, 0xfe,
    0x40, 0x5, 0x74, 0x49, 0xff, 0xf1, 0xc, 0xf8,
    0x0, 0x5f, 0xf5, 0xc, 0xf8, 0x0, 0x7f, 0xf4,
    0xc, 0xff, 0xee, 0xff, 0xd0, 0x5, 0xad, 0xff,
    0xe9, 0x10,

    /* U+0E19 "น" */
    0xbf, 0xf0, 0x0, 0x8f, 0xf3, 0xbf, 0xf0, 0x0,
    0x8f, 0xf3, 0xbf, 0xf0, 0x0, 0x8f, 0xf3, 0xbf,
    0xf0, 0x0, 0x8f, 0xf3, 0xbf, 0xf0, 0x0, 0x8f,
    0xf3, 0xbf, 0xf0, 0x0, 0x9f, 0xf3, 0xbf, 0xf0,
    0x0, 0xdf, 0xf3, 0x9f, 0xfa, 0x5a, 0xff, 0xf3,
    0x2f, 0xff, 0xff, 0xaf, 0xf3, 0x4, 0xcf, 0xe8,
    0xe, 0xf3,

    /* U+0E1A "บ" */
    0xbf, 0xf0, 0x0, 0x8f, 0xf2, 0xbf, 0xf0, 0x0,
    0x8f, 0xf2, 0xbf, 0xf0, 0x0, 0x8f, 0xf2, 0xbf,
    0xf0, 0x0, 0x8f, 0xf2, 0xbf, 0xf0, 0x0, 0x8f,
    0xf2, 0xbf, 0xf0, 0x0, 0x8f, 0xf2, 0xaf, 0xf0,
    0x0, 0xaf, 0xf1, 0x7f, 0xf9, 0x25, 0xff, 0xe0,
    0x1e, 0xff, 0xff, 0xff, 0x60, 0x2, 0xae, 0xff,
    0xc5, 0x0,

    /* U+0E1B "ป" */
    0x0, 0x0, 0x0, 0x8f, 0xf2, 0x0, 0x0, 0x0,
    0x8f, 0xf2, 0x0, 0x0, 0x0, 0x8f, 0xf2, 0xbf,
    0xf0, 0x0, 0x8f, 0xf2, 0xbf, 0xf0, 0x0, 0x8f,
    0xf2, 0xbf, 0xf0, 0x0, 0x8f, 0xf2, 0xbf, 0xf0,
    0x0, 0x8f, 0xf2, 0xbf, 0xf0, 0x0, 0x8f, 0xf2,
    0xbf, 0xf0, 0x0, 0x8f, 0xf2, 0xaf, 0xf0, 0x0,
    0x9f, 0xf1, 0x7f, 0xf9, 0x25, 0xff, 0xe0, 0x1e,
    0xff, 0xff, 0xff, 0x70, 0x2, 0xae, 0xff, 0xc5,
    0x0,

    /* U+0E1C "ผ" */
    0x1b, 0xfe, 0x30, 0xa, 0xfd, 0x8f, 0xff, 0x10,
    0xa, 0xfd, 0xaf, 0xe0, 0x0, 0xa, 0xfd, 0xaf,
    0xe0, 0x45, 0xa, 0xfd, 0xaf, 0xd0, 0xef, 0x2a,
    0xfd, 0xaf, 0xd7, 0xff, 0xaa, 0xfd, 0xaf, 0xce,
    0xda, 0xfb, 0xfd, 0xaf, 0xff, 0x41, 0xff, 0xfd,
    0xaf, 0xfb, 0x0, 0x8f, 0xfd, 0xaf, 0xf3, 0x0,
    0x1e, 0xfd,

    /* U+0E1D "ฝ" */
    0x0, 0x0, 0x0, 0xa, 0xfd, 0x0, 0x0, 0x0,
    0xa, 0xfd, 0x0, 0x0, 0x0, 0xa, 0xfd, 0x1b,
    0xfe, 0x30, 0xa, 0xfd, 0x8f, 0xff, 0x10, 0xa,
    0xfd, 0xaf, 0xe0, 0x0, 0xa, 0xfd, 0xaf, 0xe0,
    0x45, 0xa, 0xfd, 0xaf, 0xd0, 0xef, 0x2a, 0xfd,
    0xaf, 0xd7, 0xff, 0xaa, 0xfd, 0xaf, 0xce, 0xda,
    0xfb, 0xfd, 0xaf, 0xff, 0x41, 0xff, 0xfd, 0xaf,
    0xfb, 0x0, 0x8f, 0xfd, 0xaf, 0xf3, 0x0, 0x1e,
    0xfd,

    /* U+0E1E "พ" */
    0x5f, 0xf4, 0x6, 0xf7, 0x2, 0xff, 0x72, 0xff,
    0x60, 0xbf, 0xc0, 0x4f, 0xf4, 0xf, 0xf8, 0xf,
    0xff, 0x17, 0xff, 0x10, 0xdf, 0xa4, 0xfe, 0xf5,
    0x9f, 0xe0, 0xa, 0xfc, 0x8f, 0x8f, 0x9b, 0xfc,
    0x0, 0x8f, 0xdc, 0xf2, 0xfd, 0xcf, 0x90, 0x5,
    0xff, 0xfd, 0xc, 0xff, 0xf6, 0x0, 0x2f, 0xff,
    0x80, 0x8f, 0xff, 0x40, 0x0, 0xff, 0xf4, 0x3,
    0xff, 0xf1, 0x0, 0xd, 0xff, 0x0, 0xe, 0xfe,
    0x0,

    /* U+0E1F "ฟ" */
    0x0, 0x0, 0x0, 0x0, 0x0, 0xef, 0xb0, 0x0,
    0x0, 0x0, 0x0, 0xf, 0xf8, 0x0, 0x0, 0x0,
    0x0, 0x1, 0xff, 0x65, 0xff, 0x30, 0x7f, 0x70,
    0x3f, 0xf3, 0x3f, 0xf6, 0xb, 0xfc, 0x5, 0xff,
    0x10, 0xff, 0x80, 0xff, 0xf0, 0x7f, 0xf0, 0xd,
    0xfa, 0x4f, 0xef, 0x49, 0xfc, 0x0, 0xbf, 0xb8,
    0xf9, 0xf9, 0xbf, 0xa0, 0x8, 0xfd, 0xcf, 0x2f,
    0xcd, 0xf7, 0x0, 0x5f, 0xff, 0xc0, 0xdf, 0xff,
    0x50, 0x2, 0xff, 0xf8, 0x8, 0xff, 0xf2, 0x0,
    0xf, 0xff, 0x30, 0x4f, 0xff, 0x0, 0x0, 0xdf,
    0xe0, 0x0, 0xff, 0xd0, 0x0,

    /* U+0E20 "ภ" */
    0x0, 0x2a, 0xef, 0xeb, 0x40, 0x0, 0x3f, 0xff,
    0xff, 0xff, 0x70, 0xa, 0xff, 0x82, 0x5f, 0xff,
    0x0, 0x9f, 0xf7, 0x10, 0x9f, 0xf2, 0x0, 0x6f,
    0xf7, 0x8, 0xff, 0x30, 0x2f, 0xfa, 0x0, 0x8f,
    0xf3, 0x4, 0xff, 0x50, 0x8, 0xff, 0x30, 0x5f,
    0xf4, 0x0, 0x8f, 0xf3, 0x5e, 0xff, 0x30, 0x8,
    0xff, 0x36, 0xff, 0x90, 0x0, 0x8f, 0xf3,

    /* U+0E21 "ม" */
    0x9f, 0xf2, 0x0, 0x5f, 0xf6, 0x9f, 0xf2, 0x0,
    0x5f, 0xf6, 0x9f, 0xf2, 0x0, 0x5f, 0xf6, 0x9f,
    0xf2, 0x0, 0x5f, 0xf6, 0x9f, 0xf2, 0x0, 0x5f,
    0xf6, 0x9f, 0xf3, 0x0, 0x5f, 0xf6, 0x9f, 0xf7,
    0x0, 0x6f, 0xf5, 0x9f, 0xff, 0x76, 0xef, 0xf3,
    0x9f, 0xce, 0xff, 0xff, 0xd0, 0x9f, 0x82, 0xbf,
    0xeb, 0x20,

    /* U+0E22 "ย" */
    0x1, 0xaf, 0xfd, 0xc, 0xff, 0xc, 0xff, 0xfc,
    0xc, 0xff, 0xf, 0xfd, 0x0, 0xc, 0xff, 0xc,
    0xfd, 0x20, 0xc, 0xff, 0x1, 0xbf, 0xfa, 0xc,
    0xff, 0x7, 0xff, 0xc6, 0xc, 0xff, 0xf, 0xfc,
    0x0, 0xc, 0xfe, 0xf, 0xff, 0x30, 0x4f, 0xfc,
    0x9, 0xff, 0xff, 0xff, 0xf5, 0x0, 0x7c, 0xff,
    0xeb, 0x50,

    /* U+0E23 "ร" */
    0x1, 0x8d, 0xff, 0xda, 0x0, 0xcf, 0xff, 0xff,
    0xf0, 0x1f, 0xfb, 0x11, 0x37, 0x0, 0xff, 0xe7,
    0x10, 0x0, 0x6, 0xff, 0xff, 0xb3, 0x0, 0x3,
    0xaf, 0xff, 0xf3, 0x0, 0x0, 0x7, 0xff, 0x90,
    0xb8, 0x32, 0x5f, 0xf9, 0x2f, 0xff, 0xff, 0xff,
    0x41, 0x6b, 0xef, 0xeb, 0x40,

    /* U+0E24 "ฤ" */
    0x0, 0x4b, 0xef, 0xda, 0x30, 0x5, 0xff, 0xff,
    0xff, 0xf4, 0xe, 0xff, 0x52, 0x7f, 0xfc, 0xd,
    0xfe, 0x50, 0xc, 0xff, 0x0, 0x9f, 0xf3, 0xb,
    0xff, 0x8, 0xff, 0x40, 0xb, 0xff, 0xc, 0xfc,
    0x0, 0xb, 0xff, 0xd, 0xfd, 0x0, 0xb, 0xff,
    0xa, 0xff, 0xe3, 0xb, 0xff, 0x2, 0xcf, 0xe4,
    0xb, 0xff, 0x0, 0x0, 0x0, 0xb, 0xff, 0x0,
    0x0, 0x0, 0xb, 0xff, 0x0, 0x0, 0x0, 0xb,
    0xff, 0x0, 0x0, 0x0, 0xb, 0xff,

    /* U+0E25 "ล" */
    0x1, 0x8d, 0xff, 0xe9, 0x10, 0x6, 0xff, 0xff,
    0xff, 0xd0, 0x5, 0x93, 0x11, 0x9f, 0xf5, 0x0,
    0x0, 0x0, 0x3f, 0xf7, 0x0, 0x6b, 0xef, 0xff,
    0xf8, 0xa, 0xff, 0xfe, 0xdf, 0xf8, 0x2f, 0xfb,
    0x10, 0x2f, 0xf8, 0x3f, 0xf8, 0x0, 0x2f, 0xf8,
    0xe, 0xff, 0xd7, 0x2f, 0xf8, 0x3, 0xcf, 0xf8,
    0x2f, 0xf8,

    /* U+0E26 "ฦ" */
    0x0, 0x2a, 0xef, 0xeb, 0x40, 0x0, 0x3f, 0xff,
    0xff, 0xff, 0x70, 0xa, 0xff, 0x82, 0x5f, 0xff,
    0x0, 0x9f, 0xf7, 0x10, 0x9f, 0xf2, 0x0, 0x6f,
    0xf7, 0x8, 0xff, 0x30, 0x2f, 0xfa, 0x0, 0x8f,
    0xf3, 0x4, 0xff, 0x50, 0x8, 0xff, 0x30, 0x5f,
    0xf4, 0x0, 0x8f, 0xf3, 0x5e, 0xff, 0x30, 0x8,
    0xff, 0x36, 0xff, 0x90, 0x0, 0x8f, 0xf3, 0x0,
    0x0, 0x0, 0x8, 0xff, 0x30, 0x0, 0x0, 0x0,
    0x8f, 0xf3, 0x0, 0x0, 0x0, 0x8, 0xff, 0x30,
    0x0, 0x0, 0x0, 0x8f, 0xf3,

    /* U+0E27 "ว" */
    0xa, 0xef, 0xeb, 0x40, 0x1, 0xff, 0xff, 0xff,
    0x50, 0x17, 0x33, 0x8f, 0xfe, 0x0, 0x0, 0x0,
    0xaf, 0xf3, 0x0, 0x0, 0x7, 0xff, 0x50, 0x0,
    0x0, 0x7f, 0xf5, 0x0, 0x0, 0xa, 0xff, 0x30,
    0x74, 0x27, 0xff, 0xe0, 0x1f, 0xff, 0xff, 0xf5,
    0x1, 0x8d, 0xff, 0xc4, 0x0,

    /* U+0E28 "ศ" */
    0x0, 0x0, 0x0, 0x1, 0x66, 0x10, 0x19, 0xef,
    0xeb, 0xbf, 0xf0, 0x1e, 0xff, 0xff, 0xff, 0xf4,
    0x7, 0xff, 0xb3, 0x4d, 0xff, 0x10, 0xaf, 0xf1,
    0x0, 0x6f, 0xf4, 0xb, 0xff, 0x0, 0x4, 0xff,
    0x60, 0xbf, 0xf7, 0xe8, 0x4f, 0xf6, 0xb, 0xff,
    0xff, 0x84, 0xff, 0x60, 0xbf, 0xf8, 0x10, 0x4f,
    0xf6, 0xb, 0xff, 0x0, 0x4, 0xff, 0x60, 0xbf,
    0xf0, 0x0, 0x4f, 0xf6, 0x0,

    /* U+0E29 "ษ" */
    0xbf, 0xf0, 0x0, 0x3f, 0xf7, 0xb, 0xff, 0x0,
    0x3, 0xff, 0x70, 0xbf, 0xf0, 0x10, 0x3f, 0xf7,
    0xb, 0xff, 0x1f, 0xa3, 0xff, 0x70, 0xbf, 0xf2,
    0xff, 0xcf, 0xfd, 0x6b, 0xff, 0x8, 0xff, 0xff,
    0xf8, 0xaf, 0xf0, 0x0, 0x4f, 0xf6, 0x7, 0xff,
    0x92, 0x3c, 0xff, 0x30, 0x1e, 0xff, 0xff, 0xff,
    0xb0, 0x0, 0x19, 0xef, 0xfd, 0x80, 0x0,

    /* U+0E2A "ส" */
    0x0, 0x0, 0x0, 0x1, 0x99, 0x20, 0x18, 0xdf,
    0xfd, 0xbf, 0xf1, 0x6, 0xff, 0xff, 0xff, 0xf5,
    0x0, 0x59, 0x31, 0x19, 0xff, 0x50, 0x0, 0x0,
    0x0, 0x3f, 0xf7, 0x0, 0x6, 0xbe, 0xff, 0xff,
    0x80, 0xa, 0xff, 0xfe, 0xdf, 0xf8, 0x2, 0xff,
    0xb1, 0x2, 0xff, 0x80, 0x3f, 0xf8, 0x0, 0x2f,
    0xf8, 0x0, 0xef, 0xfd, 0x72, 0xff, 0x80, 0x3,
    0xcf, 0xf8, 0x2f, 0xf8, 0x0,

    /* U+0E2B "ห" */
    0x9f, 0xf1, 0x3, 0xff, 0xc0, 0x9f, 0xf1, 0x1e,
    0xfd, 0x10, 0x9f, 0xf2, 0xcf, 0xe2, 0x0, 0x9f,
    0xfb, 0xff, 0xfa, 0x0, 0x9f, 0xff, 0xff, 0xff,
    0xa0, 0x9f, 0xff, 0x61, 0xef, 0xf0, 0x9f, 0xf7,
    0x0, 0x9f, 0xf2, 0x9f, 0xf1, 0x0, 0x8f, 0xf2,
    0x9f, 0xf1, 0x0, 0x8f, 0xf2, 0x9f, 0xf1, 0x0,
    0x8f, 0xf2,

    /* U+0E2C "ฬ" */
    0x0, 0x0, 0x0, 0x0, 0x0, 0x68, 0x60, 0x0,
    0x0, 0x0, 0x0, 0x4f, 0xf9, 0x0, 0x0, 0x0,
    0x5f, 0xff, 0xf9, 0x15, 0xff, 0x40, 0x4, 0xcd,
    0xff, 0x90, 0x3f, 0xf6, 0x0, 0x0, 0xb, 0xff,
    0x1, 0xff, 0x70, 0x7d, 0x30, 0xaf, 0xf0, 0xe,
    0xf9, 0xd, 0xfa, 0xc, 0xfd, 0x0, 0xcf, 0xb3,
    0xfe, 0xf0, 0xef, 0xa0, 0xa, 0xfc, 0x9f, 0x7f,
    0x5f, 0xf8, 0x0, 0x8f, 0xde, 0xd1, 0xfb, 0xff,
    0x50, 0x5, 0xff, 0xf8, 0xc, 0xff, 0xf3, 0x0,
    0x3f, 0xff, 0x30, 0x7f, 0xff, 0x0, 0x1, 0xff,
    0xd0, 0x2, 0xff, 0xe0, 0x0,

    /* U+0E2D "อ" */
    0x4, 0xad, 0xff, 0xd7, 0x0, 0xa, 0xff, 0xff,
    0xff, 0xb0, 0x7, 0x74, 0x25, 0xdf, 0xf5, 0x0,
    0x0, 0x0, 0x3f, 0xfa, 0x1f, 0xff, 0xf4, 0xf,
    0xfc, 0x2f, 0xfd, 0xb3, 0xf, 0xfd, 0x1f, 0xf9,
    0x0, 0x1f, 0xfb, 0xe, 0xfe, 0x20, 0x9f, 0xf6,
    0x6, 0xff, 0xff, 0xff, 0xd0, 0x0, 0x5c, 0xff,
    0xd9, 0x10,

    /* U+0E2E "ฮ" */
    0x0, 0x0, 0x0, 0x1, 0x88, 0x10, 0x4a, 0xef,
    0xeb, 0xaf, 0xf1, 0xa, 0xff, 0xff, 0xff, 0xf5,
    0x0, 0x77, 0x42, 0x5d, 0xff, 0x30, 0x0, 0x0,
    0x0, 0x3f, 0xf9, 0x1, 0xff, 0xff, 0x40, 0xff,
    0xc0, 0x2f, 0xfd, 0xb3, 0xf, 0xfd, 0x1, 0xff,
    0x90, 0x1, 0xff, 0xb0, 0xe, 0xfe, 0x20, 0x9f,
    0xf7, 0x0, 0x6f, 0xff, 0xff, 0xfd, 0x0, 0x0,
    0x5c, 0xff, 0xd9, 0x10, 0x0,

    /* U+0E2F "ฯ" */
    0x8, 0xef, 0x64, 0xff, 0x66, 0xff, 0xe5, 0x4f,
    0xf6, 0xbf, 0xd0, 0x5, 0xff, 0x6b, 0xfe, 0x20,
    0xaf, 0xf6, 0x5f, 0xff, 0xff, 0xff, 0x60, 0x6d,
    0xfe, 0xaf, 0xf6, 0x0, 0x0, 0x4, 0xff, 0x60,
    0x0, 0x0, 0x4f, 0xf6, 0x0, 0x0, 0x4, 0xff,
    0x60, 0x0, 0x0, 0x4f, 0xf6,

    /* U+0E30 "ะ" */
    0x0, 0x0, 0x0, 0x2f, 0xe0, 0x0, 0x3f, 0xfd,
    0xc7, 0x9, 0xff, 0xfa, 0x0, 0x0, 0x0, 0x0,
    0x0, 0x0, 0x2f, 0xe0, 0x0, 0x3f, 0xfd, 0xc7,
    0x9, 0xff, 0xfa,

    /* U+0E31 "ั" */
    0x1f, 0xc0, 0x0, 0x0, 0x3f, 0xfc, 0xbb, 0xb5,
    0xa, 0xff, 0xff, 0xf7,

    /* U+0E32 "า" */
    0x5c, 0xef, 0xd5, 0xa, 0xff, 0xff, 0xf3, 0x54,
    0x29, 0xff, 0x80, 0x0, 0x2f, 0xf8, 0x0, 0x2,
    0xff, 0x90, 0x0, 0x2f, 0xf9, 0x0, 0x2, 0xff,
    0x90, 0x0, 0x2f, 0xf9, 0x0, 0x2, 0xff, 0x90,
    0x0, 0x2f, 0xf9,

    /* U+0E33 "ำ" */
    0x1a, 0xed, 0x50, 0x0, 0x0, 0x0, 0x7, 0xf3,
    0xaf, 0x0, 0x0, 0x0, 0x0, 0x2d, 0xff, 0x80,
    0x0, 0x0, 0x0, 0x0, 0x1, 0x0, 0x0, 0x0,
    0x0, 0x0, 0x0, 0x0, 0x0, 0x5c, 0xef, 0xd5,
    0x0, 0x0, 0x0, 0xa, 0xff, 0xff, 0xf3, 0x0,
    0x0, 0x0, 0x54, 0x29, 0xff, 0x80, 0x0, 0x0,
    0x0, 0x0, 0x2f, 0xf8, 0x0, 0x0, 0x0, 0x0,
    0x2, 0xff, 0x90, 0x0, 0x0, 0x0, 0x0, 0x2f,
    0xf9, 0x0, 0x0, 0x0, 0x0, 0x2, 0xff, 0x90,
    0x0, 0x0, 0x0, 0x0, 0x2f, 0xf9, 0x0, 0x0,
    0x0, 0x0, 0x2, 0xff, 0x90, 0x0, 0x0, 0x0,
    0x0, 0x2f, 0xf9,

    /* U+0E34 "ิ" */
    0x29, 0xde, 0xee, 0xee, 0x8a, 0xff, 0xff, 0xff,
    0xf9,

    /* U+0E35 "ี" */
    0x0, 0x0, 0x0, 0x11, 0x10, 0x0, 0x0, 0xb,
    0xf9, 0x29, 0xde, 0xee, 0xff, 0x9a, 0xff, 0xff,
    0xff, 0xf9,

    /* U+0E36 "ึ" */
    0x0, 0x0, 0x4, 0xee, 0x72, 0x9d, 0xee, 0xf8,
    0x4e, 0xaf, 0xff, 0xff, 0xff, 0x80,

    /* U+0E37 "ื" */
    0x0, 0x0, 0x11, 0x1, 0x10, 0x0, 0xe, 0xd1,
    0xf9, 0x29, 0xde, 0xff, 0xef, 0x9a, 0xff, 0xff,
    0xff, 0xf9,

    /* U+0E38 "ุ" */
    0x37, 0x60, 0x8f, 0xf8, 0xc, 0xf9, 0xb, 0xf9,

    /* U+0E39 "ู" */
    0x2, 0x0, 0x13, 0x1a, 0xfe, 0x9, 0xf9, 0x1f,
    0xf5, 0xbf, 0x90, 0xaf, 0xff, 0xf3, 0x0, 0x24,
    0x41, 0x0,

    /* U+0E3A "ฺ" */
    0x8, 0xb3, 0x1f, 0xfa, 0xc, 0xf5,

    /* U+0E3F "฿" */
    0x0, 0xb, 0x90, 0x0, 0xc, 0xff, 0xff, 0xea,
    0x10, 0xcf, 0xff, 0xff, 0xfc, 0xc, 0xf2, 0xb9,
    0x6f, 0xf1, 0xcf, 0x2b, 0x90, 0xff, 0x2c, 0xf2,
    0xb9, 0x5f, 0xc0, 0xcf, 0xff, 0xff, 0xa1, 0xc,
    0xfe, 0xff, 0xff, 0x70, 0xcf, 0x2b, 0x92, 0xff,
    0x3c, 0xf2, 0xb9, 0xc, 0xf6, 0xcf, 0x2b, 0x93,
    0xff, 0x5c, 0xff, 0xff, 0xff, 0xd0, 0xcf, 0xff,
    0xfd, 0x91, 0x0, 0x0, 0xb9, 0x0, 0x0, 0x0,
    0x6, 0x50, 0x0, 0x0,

    /* U+0E40 "เ" */
    0x7f, 0xf3, 0x7, 0xff, 0x30, 0x7f, 0xf3, 0x7,
    0xff, 0x30, 0x7f, 0xf3, 0x7, 0xff, 0x30, 0x7f,
    0xf3, 0x7, 0xff, 0x40, 0x5f, 0xff, 0x80, 0x9e,
    0xf8,

    /* U+0E41 "แ" */
    0x7f, 0xf3, 0x0, 0xff, 0xa0, 0x7, 0xff, 0x30,
    0xf, 0xfa, 0x0, 0x7f, 0xf3, 0x0, 0xff, 0xa0,
    0x7, 0xff, 0x30, 0xf, 0xfa, 0x0, 0x7f, 0xf3,
    0x0, 0xff, 0xa0, 0x7, 0xff, 0x30, 0xf, 0xfa,
    0x0, 0x7f, 0xf3, 0x0, 0xff, 0xa0, 0x7, 0xff,
    0x40, 0xf, 0xfb, 0x0, 0x5f, 0xff, 0x80, 0xef,
    0xff, 0x0, 0x9e, 0xf8, 0x4, 0xdf, 0xd0,

    /* U+0E42 "โ" */
    0x3b, 0xff, 0xff, 0xbb, 0xff, 0xfe, 0xea, 0x8,
    0xff, 0x20, 0x0, 0x2f, 0xf8, 0x0, 0x2, 0xff,
    0x90, 0x0, 0x2f, 0xf9, 0x0, 0x2, 0xff, 0x90,
    0x0, 0x2f, 0xf9, 0x0, 0x2, 0xff, 0x90, 0x0,
    0x2f, 0xf9, 0x0, 0x2, 0xff, 0x90, 0x0, 0x2f,
    0xf9, 0x0, 0x1, 0xff, 0xa0, 0x0, 0xf, 0xff,
    0xe0, 0x0, 0x5d, 0xfd, 0x0,

    /* U+0E43 "ใ" */
    0x5d, 0xfe, 0xb2, 0x9f, 0xff, 0xfc, 0x31, 0x2e,
    0xff, 0x0, 0x1f, 0xfb, 0x0, 0xcf, 0xf2, 0x5,
    0xff, 0x60, 0x7, 0xff, 0x30, 0x7, 0xff, 0x30,
    0x7, 0xff, 0x30, 0x7, 0xff, 0x30, 0x7, 0xff,
    0x30, 0x7, 0xff, 0x30, 0x7, 0xff, 0x40, 0x5,
    0xff, 0xf8, 0x0, 0x9e, 0xf8,

    /* U+0E44 "ไ" */
    0xaf, 0xff, 0xff, 0x3d, 0xff, 0xff, 0xf3, 0x0,
    0xaf, 0xe2, 0x0, 0xf, 0xfa, 0x0, 0x1, 0xff,
    0x90, 0x0, 0x1f, 0xf9, 0x0, 0x1, 0xff, 0x90,
    0x0, 0x1f, 0xf9, 0x0, 0x1, 0xff, 0x90, 0x0,
    0x1f, 0xf9, 0x0, 0x1, 0xff, 0x90, 0x0, 0x1f,
    0xf9, 0x0, 0x1, 0xff, 0xa0, 0x0, 0xf, 0xff,
    0xe0, 0x0, 0x5d, 0xfd, 0x0,

    /* U+0E45 "ๅ" */
    0x5c, 0xef, 0xd5, 0xa, 0xff, 0xff, 0xf3, 0x54,
    0x29, 0xff, 0x70, 0x0, 0x2f, 0xf8, 0x0, 0x2,
    0xff, 0x90, 0x0, 0x2f, 0xf9, 0x0, 0x2, 0xff,
    0x90, 0x0, 0x2f, 0xf9, 0x0, 0x2, 0xff, 0x90,
    0x0, 0x2f, 0xf9, 0x0, 0x2, 0xff, 0x90, 0x0,
    0x2f, 0xf9, 0x0, 0x2, 0xff, 0x90, 0x0, 0x2f,
    0xf9,

    /* U+0E46 "ๆ" */
    0xa, 0xfd, 0x6b, 0xfd, 0x60, 0x9f, 0xff, 0xff,
    0xff, 0xf0, 0xdf, 0xb2, 0xf4, 0x9f, 0xf2, 0xef,
    0x90, 0x71, 0x8f, 0xf3, 0xcf, 0xc1, 0x0, 0x8f,
    0xf3, 0x7f, 0xff, 0x20, 0x8f, 0xf3, 0x9, 0xee,
    0x30, 0x8f, 0xf3, 0x0, 0x0, 0x0, 0x8f, 0xf3,
    0x0, 0x0, 0x0, 0x8f, 0xf3, 0x0, 0x0, 0x0,
    0x8f, 0xf3, 0x0, 0x0, 0x0, 0x8f, 0xf3, 0x0,
    0x0, 0x0, 0x8f, 0xf3, 0x0, 0x0, 0x0, 0x8f,
    0xf3, 0x0, 0x0, 0x0, 0x8f, 0xf3,

    /* U+0E47 "็" */
    0x0, 0x0, 0x0, 0x0, 0xb, 0xff, 0xff, 0xf3,
    0x7f, 0xa3, 0x33, 0x30, 0x7f, 0x8a, 0x5a, 0xe2,
    0x2e, 0xfc, 0xff, 0xd0, 0x0, 0x30, 0x13, 0x0,

    /* U+0E48 "่" */
    0x0, 0x0, 0xf, 0xf7, 0xf, 0xf7, 0xf, 0xf7,
    0xf, 0xf7,

    /* U+0E49 "้" */
    0xaf, 0xd3, 0x0, 0x6, 0xdf, 0x80, 0x0, 0x1c,
    0xfd, 0xbb, 0xd, 0xff, 0xff, 0xf0,

    /* U+0E4A "๊" */
    0x0, 0x0, 0x0, 0x0, 0x0, 0x8f, 0xbb, 0xfa,
    0x0, 0x1f, 0xf8, 0x9e, 0xf1, 0x0, 0xff, 0x41,
    0xef, 0xb4, 0x7, 0xed, 0x4f, 0xff, 0x60,

    /* U+0E4B "๋" */
    0x0, 0x0, 0x0, 0x9f, 0x90, 0xdf, 0xff, 0xd7,
    0xdf, 0xc7, 0x9, 0xf9, 0x0,

    /* U+0E4C "์" */
    0x5, 0xbc, 0xd8, 0xf, 0xff, 0xfa, 0xf, 0xf5,
    0x0, 0x4, 0x30, 0x0,

    /* U+0E4D "ํ" */
    0x9, 0xec, 0x40, 0x6f, 0x3a, 0xe0, 0x7f, 0x19,
    0xf0, 0x1c, 0xff, 0x60, 0x0, 0x10, 0x0,

    /* U+0E4E "๎" */
    0x0, 0x0, 0x0, 0x0, 0xb, 0xf9, 0x5, 0x9f,
    0x92, 0x2f, 0xfc, 0x20, 0x1d, 0x70, 0x0,

    /* U+0E4F "๏" */
    0x0, 0x26, 0x77, 0x50, 0x0, 0x9, 0xff, 0xff,
    0xfe, 0x40, 0x6f, 0xd3, 0x1, 0x7f, 0xf1, 0xcf,
    0x37, 0xfd, 0x2a, 0xf6, 0xef, 0xf, 0xff, 0x87,
    0xf8, 0xdf, 0x1d, 0xff, 0x68, 0xf7, 0x9f, 0x83,
    0x98, 0x1e, 0xf3, 0x2e, 0xfc, 0x99, 0xef, 0xa0,
    0x2, 0x9e, 0xff, 0xc7, 0x0,

    /* U+0E50 "๐" */
    0x0, 0x4c, 0xff, 0xd6, 0x0, 0x5, 0xff, 0xff,
    0xff, 0x80, 0xd, 0xfe, 0x21, 0xcf, 0xf1, 0x1f,
    0xf8, 0x0, 0x5f, 0xf4, 0x2f, 0xf7, 0x0, 0x4f,
    0xf5, 0x1f, 0xf8, 0x0, 0x6f, 0xf4, 0xc, 0xfe,
    0x31, 0xcf, 0xf0, 0x4, 0xff, 0xff, 0xff, 0x70,
    0x0, 0x4b, 0xff, 0xc6, 0x0,

    /* U+0E51 "๑" */
    0x0, 0x7c, 0xdc, 0x81, 0x0, 0xbf, 0xff, 0xff,
    0xd0, 0x1f, 0xf7, 0x6, 0xff, 0x63, 0xff, 0x30,
    0xe, 0xfa, 0x1f, 0xfe, 0x50, 0xef, 0xb0, 0x9f,
    0xf9, 0xf, 0xfa, 0x0, 0x35, 0x18, 0xff, 0x60,
    0x0, 0xef, 0xff, 0xd0, 0x0, 0xe, 0xfe, 0x91,
    0x0,

    /* U+0E52 "๒" */
    0x8, 0x83, 0x0, 0x0, 0x0, 0x0, 0xff, 0x70,
    0x0, 0x0, 0x0, 0xf, 0xf7, 0x18, 0x62, 0x86,
    0x0, 0xff, 0x7a, 0xff, 0xff, 0xf6, 0xf, 0xf7,
    0xef, 0x57, 0xcf, 0x90, 0xff, 0x7e, 0xf1, 0xc,
    0xfa, 0xf, 0xf7, 0x8f, 0xf1, 0xcf, 0x90, 0xff,
    0x90, 0x57, 0x1e, 0xf8, 0xc, 0xff, 0x50, 0x18,
    0xff, 0x50, 0x4f, 0xff, 0xff, 0xff, 0xd0, 0x0,
    0x3a, 0xef, 0xfd, 0x80, 0x0,

    /* U+0E53 "๓" */
    0x0, 0x0, 0x0, 0x0, 0x0, 0x3, 0xdf, 0xb8,
    0xff, 0x80, 0xc, 0xff, 0xff, 0xff, 0xf1, 0xf,
    0xfa, 0x58, 0x7f, 0xf2, 0x2f, 0xf7, 0x0, 0x6f,
    0xf3, 0x1f, 0xf7, 0x0, 0x6f, 0xf3, 0xf, 0xfb,
    0x0, 0x6f, 0xf3, 0xa, 0xff, 0xf1, 0x6f, 0xf3,
    0x1, 0xbf, 0xe3, 0x6f, 0xf3,

    /* U+0E54 "๔" */
    0x0, 0x0, 0x0, 0x58, 0x50, 0x0, 0x0, 0xb,
    0xfa, 0x0, 0x0, 0x1, 0xef, 0x90, 0x8, 0xef,
    0xff, 0xf5, 0x8, 0xff, 0xfe, 0xc7, 0x0, 0xef,
    0xe1, 0x0, 0x0, 0x1f, 0xf8, 0x5, 0xef, 0x51,
    0xff, 0x70, 0xdf, 0xc2, 0xf, 0xfb, 0xd, 0xf4,
    0x0, 0x8f, 0xff, 0xff, 0xfb, 0x0, 0x7d, 0xff,
    0xff, 0xc0,

    /* U+0E55 "๕" */
    0x0, 0x1b, 0xd7, 0xb, 0xa0, 0x8, 0xd4, 0xf3,
    0xff, 0x0, 0x7d, 0x3f, 0x6f, 0xe0, 0x6, 0xff,
    0xff, 0xfa, 0x6, 0xff, 0xff, 0xfb, 0x10, 0xef,
    0xe3, 0x0, 0x0, 0x1f, 0xf8, 0x4, 0xdf, 0x71,
    0xff, 0x70, 0xcf, 0xc3, 0xf, 0xfb, 0xb, 0xf6,
    0x0, 0x8f, 0xff, 0xef, 0xfc, 0x0, 0x8d, 0xff,
    0xff, 0xe0,

    /* U+0E56 "๖" */
    0x7f, 0xb0, 0x0, 0x0, 0x4, 0xff, 0x0, 0x0,
    0x0, 0xf, 0xf8, 0xde, 0xb2, 0x0, 0xdf, 0xff,
    0xff, 0xd0, 0xa, 0xfa, 0x7, 0xff, 0x50, 0x12,
    0x10, 0x1f, 0xf8, 0x0, 0x0, 0x0, 0xff, 0x90,
    0x0, 0x0, 0x1f, 0xf7, 0x1, 0xb6, 0x7, 0xff,
    0x40, 0x9f, 0xff, 0xff, 0xc0, 0x0, 0x8d, 0xfe,
    0xa1, 0x0,

    /* U+0E57 "๗" */
    0x0, 0x0, 0x0, 0x0, 0x0, 0x78, 0x40, 0x0,
    0x0, 0x0, 0x0, 0xf, 0xf8, 0x0, 0x0, 0x0,
    0x0, 0x0, 0xff, 0x80, 0x3d, 0xfa, 0xaf, 0xf4,
    0xf, 0xf8, 0xd, 0xff, 0xff, 0xff, 0xb0, 0xff,
    0x81, 0xff, 0x96, 0x6a, 0xfc, 0xf, 0xf8, 0x2f,
    0xf7, 0x0, 0xaf, 0xc0, 0xff, 0x81, 0xff, 0x70,
    0xa, 0xfc, 0xf, 0xf7, 0xf, 0xfb, 0x0, 0xaf,
    0xc3, 0xff, 0x50, 0xaf, 0xff, 0x1a, 0xff, 0xff,
    0xd0, 0x1, 0xbf, 0xe3, 0xaf, 0xfe, 0x91, 0x0,

    /* U+0E58 "๘" */
    0x0, 0x0, 0x0, 0x58, 0x60, 0x0, 0x0, 0x0,
    0xaf, 0xd0, 0x0, 0x0, 0x0, 0xdf, 0xc0, 0x0,
    0x7d, 0xff, 0xff, 0x80, 0x8, 0xff, 0xfe, 0xd9,
    0x0, 0xe, 0xfb, 0x0, 0x0, 0x0, 0x1f, 0xf5,
    0x0, 0x8, 0xc0, 0x2f, 0xf5, 0x1, 0xe, 0xf4,
    0xf, 0xfd, 0xac, 0x3e, 0xf5, 0xa, 0xff, 0xff,
    0xff, 0xf2, 0x0, 0xae, 0x58, 0xfe, 0x60,

    /* U+0E59 "๙" */
    0x0, 0x0, 0x0, 0x9, 0xc5, 0x0, 0x0, 0x0,
    0xd, 0xf7, 0x0, 0x9d, 0xb5, 0xdf, 0xf6, 0xa,
    0xff, 0xff, 0xff, 0xd1, 0xf, 0xfb, 0x6f, 0xf1,
    0x0, 0x1f, 0xf7, 0xf, 0xf2, 0x0, 0x2f, 0xf7,
    0xb, 0xf7, 0x0, 0x1f, 0xf8, 0x6, 0xfc, 0x0,
    0xe, 0xfc, 0x1, 0xff, 0x20, 0x9, 0xff, 0xf1,
    0xcf, 0x70, 0x1, 0xbf, 0xe3, 0x8f, 0xd0,

    /* U+0E5A "๚" */
    0x8, 0xef, 0x64, 0xff, 0x60, 0x3f, 0xf8, 0x6f,
    0xfe, 0x54, 0xff, 0x60, 0x3f, 0xf8, 0xbf, 0xd0,
    0x5, 0xff, 0x60, 0x3f, 0xf8, 0xbf, 0xe2, 0xa,
    0xff, 0x71, 0xaf, 0xf8, 0x5f, 0xff, 0xff, 0xff,
    0xff, 0xff, 0xf8, 0x6, 0xdf, 0xea, 0xff, 0xfe,
    0x9f, 0xf8, 0x0, 0x0, 0x4, 0xff, 0x60, 0x3f,
    0xf8, 0x0, 0x0, 0x4, 0xff, 0x60, 0x3f, 0xf8,
    0x0, 0x0, 0x4, 0xff, 0x60, 0x3f, 0xf8, 0x0,
    0x0, 0x4, 0xff, 0x60, 0x3f, 0xf8,

    /* U+0E5B "๛" */
    0x0, 0x8b, 0xb4, 0x0, 0x0, 0x0, 0x0, 0x0,
    0xa, 0xff, 0xff, 0x13, 0x20, 0x30, 0x0, 0x0,
    0xf, 0xf5, 0x9f, 0x5f, 0xe4, 0xf7, 0xd9, 0x0,
    0xf, 0xf3, 0x5e, 0x5f, 0xfb, 0xfd, 0xfe, 0x10,
    0xe, 0xf8, 0x0, 0xaf, 0xbf, 0x9f, 0xdf, 0xf5,
    0x8, 0xff, 0xef, 0xf8, 0x4c, 0x3b, 0x56, 0xc3,
    0x0, 0x7d, 0xfd, 0x70, 0x0, 0x0, 0x0, 0x0
};


/*---------------------
 *  GLYPH DESCRIPTION
 *--------------------*/

static const lv_font_fmt_txt_glyph_dsc_t glyph_dsc[] = {
    {.bitmap_index = 0, .adv_w = 0, .box_w = 0, .box_h = 0, .ofs_x = 0, .ofs_y = 0} /* id = 0 reserved */,
    {.bitmap_index = 0, .adv_w = 72, .box_w = 0, .box_h = 0, .ofs_x = 0, .ofs_y = 0},
    {.bitmap_index = 0, .adv_w = 78, .box_w = 3, .box_h = 13, .ofs_x = 1, .ofs_y = 0},
    {.bitmap_index = 20, .adv_w = 92, .box_w = 6, .box_h = 5, .ofs_x = 0, .ofs_y = 9},
    {.bitmap_index = 35, .adv_w = 172, .box_w = 11, .box_h = 13, .ofs_x = 0, .ofs_y = 0},
    {.bitmap_index = 107, .adv_w = 165, .box_w = 10, .box_h = 18, .ofs_x = 0, .ofs_y = -2},
    {.bitmap_index = 197, .adv_w = 213, .box_w = 13, .box_h = 13, .ofs_x = 0, .ofs_y = 0},
    {.bitmap_index = 282, .adv_w = 189, .box_w = 12, .box_h = 13, .ofs_x = 0, .ofs_y = 0},
    {.bitmap_index = 360, .adv_w = 47, .box_w = 3, .box_h = 5, .ofs_x = 0, .ofs_y = 9},
    {.bitmap_index = 368, .adv_w = 101, .box_w = 5, .box_h = 20, .ofs_x = 1, .ofs_y = -5},
    {.bitmap_index = 418, .adv_w = 102, .box_w = 6, .box_h = 20, .ofs_x = 0, .ofs_y = -5},
    {.bitmap_index = 478, .adv_w = 131, .box_w = 9, .box_h = 8, .ofs_x = 0, .ofs_y = 5},
    {.bitmap_index = 514, .adv_w = 157, .box_w = 10, .box_h = 10, .ofs_x = 0, .ofs_y = 1},
    {.bitmap_index = 564, .adv_w = 70, .box_w = 4, .box_h = 6, .ofs_x = 0, .ofs_y = -4},
    {.bitmap_index = 576, .adv_w = 112, .box_w = 6, .box_h = 3, .ofs_x = 0, .ofs_y = 5},
    {.bitmap_index = 585, .adv_w = 84, .box_w = 3, .box_h = 3, .ofs_x = 1, .ofs_y = 0},
    {.bitmap_index = 590, .adv_w = 108, .box_w = 8, .box_h = 15, .ofs_x = -1, .ofs_y = -2},
    {.bitmap_index = 650, .adv_w = 165, .box_w = 10, .box_h = 13, .ofs_x = 0, .ofs_y = 0},
    {.bitmap_index = 715, .adv_w = 165, .box_w = 7, .box_h = 13, .ofs_x = 1, .ofs_y = 0},
    {.bitmap_index = 761, .adv_w = 165, .box_w = 10, .box_h = 13, .ofs_x = 0, .ofs_y = 0},
    {.bitmap_index = 826, .adv_w = 165, .box_w = 10, .box_h = 13, .ofs_x = 0, .ofs_y = 0},
    {.bitmap_index = 891, .adv_w = 165, .box_w = 10, .box_h = 13, .ofs_x = 0, .ofs_y = 0},
    {.bitmap_index = 956, .adv_w = 165, .box_w = 10, .box_h = 13, .ofs_x = 0, .ofs_y = 0},
    {.bitmap_index = 1021, .adv_w = 165, .box_w = 10, .box_h = 13, .ofs_x = 0, .ofs_y = 0},
    {.bitmap_index = 1086, .adv_w = 165, .box_w = 10, .box_h = 13, .ofs_x = 0, .ofs_y = 0},
    {.bitmap_index = 1151, .adv_w = 165, .box_w = 10, .box_h = 13, .ofs_x = 0, .ofs_y = 0},
    {.bitmap_index = 1216, .adv_w = 165, .box_w = 10, .box_h = 13, .ofs_x = 0, .ofs_y = 0},
    {.bitmap_index = 1281, .adv_w = 81, .box_w = 3, .box_h = 10, .ofs_x = 1, .ofs_y = 0},
    {.bitmap_index = 1296, .adv_w = 76, .box_w = 4, .box_h = 14, .ofs_x = 0, .ofs_y = -4},
    {.bitmap_index = 1324, .adv_w = 147, .box_w = 9, .box_h = 9, .ofs_x = 0, .ofs_y = 1},
    {.bitmap_index = 1365, .adv_w = 165, .box_w = 9, .box_h = 6, .ofs_x = 1, .ofs_y = 3},
    {.bitmap_index = 1392, .adv_w = 149, .box_w = 8, .box_h = 9, .ofs_x = 1, .ofs_y = 1},
    {.bitmap_index = 1428, .adv_w = 143, .box_w = 9, .box_h = 13, .ofs_x = 0, .ofs_y = 0},
    {.bitmap_index = 1487, .adv_w = 258, .box_w = 16, .box_h = 17, .ofs_x = 0, .ofs_y = -4},
    {.bitmap_index = 1623, .adv_w = 194, .box_w = 13, .box_h = 13, .ofs_x = 0, .ofs_y = 0},
    {.bitmap_index = 1708, .adv_w = 184, .box_w = 10, .box_h = 13, .ofs_x = 1, .ofs_y = 0},
    {.bitmap_index = 1773, .adv_w = 189, .box_w = 12, .box_h = 13, .ofs_x = 0, .ofs_y = 0},
    {.bitmap_index = 1851, .adv_w = 187, .box_w = 10, .box_h = 13, .ofs_x = 1, .ofs_y = 0},
    {.bitmap_index = 1916, .adv_w = 162, .box_w = 9, .box_h = 13, .ofs_x = 1, .ofs_y = 0},
    {.bitmap_index = 1975, .adv_w = 158, .box_w = 9, .box_h = 13, .ofs_x = 1, .ofs_y = 0},
    {.bitmap_index = 2034, .adv_w = 196, .box_w = 12, .box_h = 13, .ofs_x = 0, .ofs_y = 0},
    {.bitmap_index = 2112, .adv_w = 204, .box_w = 11, .box_h = 13, .ofs_x = 1, .ofs_y = 0},
    {.bitmap_index = 2184, .adv_w = 84, .box_w = 3, .box_h = 13, .ofs_x = 1, .ofs_y = 0},
    {.bitmap_index = 2204, .adv_w = 161, .box_w = 9, .box_h = 13, .ofs_x = 0, .ofs_y = 0},
    {.bitmap_index = 2263, .adv_w = 183, .box_w = 11, .box_h = 13, .ofs_x = 1, .ofs_y = 0},
    {.bitmap_index = 2335, .adv_w = 156, .box_w = 9, .box_h = 13, .ofs_x = 1, .ofs_y = 0},
    {.bitmap_index = 2394, .adv_w = 252, .box_w = 14, .box_h = 13, .ofs_x = 1, .ofs_y = 0},
    {.bitmap_index = 2485, .adv_w = 203, .box_w = 11, .box_h = 13, .ofs_x = 1, .ofs_y = 0},
    {.bitmap_index = 2557, .adv_w = 199, .box_w = 12, .box_h = 13, .ofs_x = 0, .ofs_y = 0},
    {.bitmap_index = 2635, .adv_w = 186, .box_w = 10, .box_h = 13, .ofs_x = 1, .ofs_y = 0},
    {.bitmap_index = 2700, .adv_w = 199, .box_w = 12, .box_h = 16, .ofs_x = 0, .ofs_y = -3},
    {.bitmap_index = 2796, .adv_w = 184, .box_w = 11, .box_h = 13, .ofs_x = 1, .ofs_y = 0},
    {.bitmap_index = 2868, .adv_w = 177, .box_w = 11, .box_h = 13, .ofs_x = 0, .ofs_y = 0},
    {.bitmap_index = 2940, .adv_w = 178, .box_w = 11, .box_h = 13, .ofs_x = 0, .ofs_y = 0},
    {.bitmap_index = 3012, .adv_w = 190, .box_w = 10, .box_h = 13, .ofs_x = 1, .ofs_y = 0},
    {.bitmap_index = 3077, .adv_w = 188, .box_w = 12, .box_h = 13, .ofs_x = 0, .ofs_y = 0},
    {.bitmap_index = 3155, .adv_w = 252, .box_w = 16, .box_h = 13, .ofs_x = 0, .ofs_y = 0},
    {.bitmap_index = 3259, .adv_w = 183, .box_w = 12, .box_h = 13, .ofs_x = 0, .ofs_y = 0},
    {.bitmap_index = 3337, .adv_w = 178, .box_w = 12, .box_h = 13, .ofs_x = 0, .ofs_y = 0},
    {.bitmap_index = 3415, .adv_w = 175, .box_w = 11, .box_h = 13, .ofs_x = 0, .ofs_y = 0},
    {.bitmap_index = 3487, .adv_w = 80, .box_w = 4, .box_h = 19, .ofs_x = 1, .ofs_y = -3},
    {.bitmap_index = 3525, .adv_w = 122, .box_w = 8, .box_h = 15, .ofs_x = 0, .ofs_y = -2},
    {.bitmap_index = 3585, .adv_w = 80, .box_w = 4, .box_h = 19, .ofs_x = 0, .ofs_y = -3},
    {.bitmap_index = 3623, .adv_w = 126, .box_w = 8, .box_h = 7, .ofs_x = 0, .ofs_y = 7},
    {.bitmap_index = 3651, .adv_w = 129, .box_w = 9, .box_h = 3, .ofs_x = 0, .ofs_y = -2},
    {.bitmap_index = 3665, .adv_w = 95, .box_w = 5, .box_h = 3, .ofs_x = 0, .ofs_y = 11},
    {.bitmap_index = 3673, .adv_w = 154, .box_w = 10, .box_h = 10, .ofs_x = 0, .ofs_y = 0},
    {.bitmap_index = 3723, .adv_w = 162, .box_w = 10, .box_h = 14, .ofs_x = 0, .ofs_y = 0},
    {.bitmap_index = 3793, .adv_w = 150, .box_w = 9, .box_h = 10, .ofs_x = 0, .ofs_y = 0},
    {.bitmap_index = 3838, .adv_w = 162, .box_w = 10, .box_h = 14, .ofs_x = 0, .ofs_y = 0},
    {.bitmap_index = 3908, .adv_w = 156, .box_w = 10, .box_h = 10, .ofs_x = 0, .ofs_y = 0},
    {.bitmap_index = 3958, .adv_w = 103, .box_w = 7, .box_h = 14, .ofs_x = 0, .ofs_y = 0},
    {.bitmap_index = 4007, .adv_w = 165, .box_w = 10, .box_h = 14, .ofs_x = 0, .ofs_y = -4},
    {.bitmap_index = 4077, .adv_w = 161, .box_w = 10, .box_h = 14, .ofs_x = 0, .ofs_y = 0},
    {.bitmap_index = 4147, .adv_w = 76, .box_w = 4, .box_h = 14, .ofs_x = 0, .ofs_y = 0},
    {.bitmap_index = 4175, .adv_w = 75, .box_w = 5, .box_h = 18, .ofs_x = -1, .ofs_y = -4},
    {.bitmap_index = 4220, .adv_w = 154, .box_w = 10, .box_h = 14, .ofs_x = 0, .ofs_y = 0},
    {.bitmap_index = 4290, .adv_w = 76, .box_w = 3, .box_h = 14, .ofs_x = 1, .ofs_y = 0},
    {.bitmap_index = 4311, .adv_w = 249, .box_w = 15, .box_h = 10, .ofs_x = 0, .ofs_y = 0},
    {.bitmap_index = 4386, .adv_w = 161, .box_w = 10, .box_h = 10, .ofs_x = 0, .ofs_y = 0},
    {.bitmap_index = 4436, .adv_w = 163, .box_w = 10, .box_h = 10, .ofs_x = 0, .ofs_y = 0},
    {.bitmap_index = 4486, .adv_w = 162, .box_w = 10, .box_h = 14, .ofs_x = 0, .ofs_y = -4},
    {.bitmap_index = 4556, .adv_w = 163, .box_w = 10, .box_h = 14, .ofs_x = 0, .ofs_y = -4},
    {.bitmap_index = 4626, .adv_w = 105, .box_w = 7, .box_h = 11, .ofs_x = 0, .ofs_y = 0},
    {.bitmap_index = 4665, .adv_w = 148, .box_w = 9, .box_h = 10, .ofs_x = 0, .ofs_y = 0},
    {.bitmap_index = 4710, .adv_w = 97, .box_w = 6, .box_h = 13, .ofs_x = 0, .ofs_y = 0},
    {.bitmap_index = 4749, .adv_w = 161, .box_w = 10, .box_h = 10, .ofs_x = 0, .ofs_y = 0},
    {.bitmap_index = 4799, .adv_w = 146, .box_w = 9, .box_h = 10, .ofs_x = 0, .ofs_y = 0},
    {.bitmap_index = 4844, .adv_w = 212, .box_w = 13, .box_h = 10, .ofs_x = 0, .ofs_y = 0},
    {.bitmap_index = 4909, .adv_w = 147, .box_w = 10, .box_h = 10, .ofs_x = 0, .ofs_y = 0},
    {.bitmap_index = 4959, .adv_w = 145, .box_w = 10, .box_h = 14, .ofs_x = 0, .ofs_y = -4},
    {.bitmap_index = 5029, .adv_w = 147, .box_w = 9, .box_h = 10, .ofs_x = 0, .ofs_y = 0},
    {.bitmap_index = 5074, .adv_w = 95, .box_w = 6, .box_h = 18, .ofs_x = 0, .ofs_y = -3},
    {.bitmap_index = 5128, .adv_w = 73, .box_w = 3, .box_h = 16, .ofs_x = 1, .ofs_y = -3},
    {.bitmap_index = 5152, .adv_w = 95, .box_w = 6, .box_h = 18, .ofs_x = 0, .ofs_y = -3},
    {.bitmap_index = 5206, .adv_w = 187, .box_w = 11, .box_h = 5, .ofs_x = 0, .ofs_y = 3},
    {.bitmap_index = 5234, .adv_w = 72, .box_w = 0, .box_h = 0, .ofs_x = 0, .ofs_y = 0},
    {.bitmap_index = 5234, .adv_w = 81, .box_w = 3, .box_h = 14, .ofs_x = 1, .ofs_y = -4},
    {.bitmap_index = 5255, .adv_w = 166, .box_w = 10, .box_h = 15, .ofs_x = 0, .ofs_y = -2},
    {.bitmap_index = 5330, .adv_w = 171, .box_w = 11, .box_h = 13, .ofs_x = 0, .ofs_y = 0},
    {.bitmap_index = 5402, .adv_w = 199, .box_w = 12, .box_h = 13, .ofs_x = 0, .ofs_y = -1},
    {.bitmap_index = 5480, .adv_w = 154, .box_w = 10, .box_h = 13, .ofs_x = 0, .ofs_y = 0},
    {.bitmap_index = 5545, .adv_w = 73, .box_w = 3, .box_h = 16, .ofs_x = 1, .ofs_y = -3},
    {.bitmap_index = 5569, .adv_w = 181, .box_w = 11, .box_h = 17, .ofs_x = 0, .ofs_y = -4},
    {.bitmap_index = 5663, .adv_w = 134, .box_w = 8, .box_h = 3, .ofs_x = 0, .ofs_y = 11},
    {.bitmap_index = 5675, .adv_w = 226, .box_w = 14, .box_h = 14, .ofs_x = 0, .ofs_y = -1},
    {.bitmap_index = 5773, .adv_w = 128, .box_w = 6, .box_h = 7, .ofs_x = 1, .ofs_y = 6},
    {.bitmap_index = 5794, .adv_w = 144, .box_w = 9, .box_h = 8, .ofs_x = 0, .ofs_y = 1},
    {.bitmap_index = 5830, .adv_w = 159, .box_w = 8, .box_h = 5, .ofs_x = 1, .ofs_y = 3},
    {.bitmap_index = 5850, .adv_w = 112, .box_w = 6, .box_h = 3, .ofs_x = 0, .ofs_y = 5},
    {.bitmap_index = 5859, .adv_w = 226, .box_w = 14, .box_h = 14, .ofs_x = 0, .ofs_y = -1},
    {.bitmap_index = 5957, .adv_w = 144, .box_w = 7, .box_h = 2, .ofs_x = 1, .ofs_y = 12},
    {.bitmap_index = 5964, .adv_w = 112, .box_w = 5, .box_h = 7, .ofs_x = 1, .ofs_y = 8},
    {.bitmap_index = 5982, .adv_w = 155, .box_w = 9, .box_h = 12, .ofs_x = 0, .ofs_y = 0},
    {.bitmap_index = 6036, .adv_w = 107, .box_w = 7, .box_h = 7, .ofs_x = 0, .ofs_y = 6},
    {.bitmap_index = 6061, .adv_w = 107, .box_w = 7, .box_h = 7, .ofs_x = 0, .ofs_y = 6},
    {.bitmap_index = 6086, .adv_w = 96, .box_w = 6, .box_h = 3, .ofs_x = 0, .ofs_y = 11},
    {.bitmap_index = 6095, .adv_w = 177, .box_w = 9, .box_h = 14, .ofs_x = 1, .ofs_y = -4},
    {.bitmap_index = 6158, .adv_w = 141, .box_w = 8, .box_h = 13, .ofs_x = 0, .ofs_y = 0},
    {.bitmap_index = 6210, .adv_w = 87, .box_w = 4, .box_h = 3, .ofs_x = 1, .ofs_y = 5},
    {.bitmap_index = 6216, .adv_w = 77, .box_w = 5, .box_h = 5, .ofs_x = 0, .ofs_y = -4},
    {.bitmap_index = 6229, .adv_w = 107, .box_w = 4, .box_h = 7, .ofs_x = 1, .ofs_y = 6},
    {.bitmap_index = 6243, .adv_w = 132, .box_w = 7, .box_h = 7, .ofs_x = 1, .ofs_y = 6},
    {.bitmap_index = 6268, .adv_w = 144, .box_w = 9, .box_h = 8, .ofs_x = 0, .ofs_y = 1},
    {.bitmap_index = 6304, .adv_w = 207, .box_w = 13, .box_h = 14, .ofs_x = 0, .ofs_y = 0},
    {.bitmap_index = 6395, .adv_w = 219, .box_w = 13, .box_h = 14, .ofs_x = 0, .ofs_y = -1},
    {.bitmap_index = 6486, .adv_w = 233, .box_w = 14, .box_h = 14, .ofs_x = 0, .ofs_y = 0},
    {.bitmap_index = 6584, .adv_w = 143, .box_w = 9, .box_h = 14, .ofs_x = 0, .ofs_y = -4},
    {.bitmap_index = 6647, .adv_w = 194, .box_w = 13, .box_h = 17, .ofs_x = 0, .ofs_y = 0},
    {.bitmap_index = 6758, .adv_w = 194, .box_w = 13, .box_h = 17, .ofs_x = 0, .ofs_y = 0},
    {.bitmap_index = 6869, .adv_w = 194, .box_w = 13, .box_h = 17, .ofs_x = 0, .ofs_y = 0},
    {.bitmap_index = 6980, .adv_w = 194, .box_w = 13, .box_h = 17, .ofs_x = 0, .ofs_y = 0},
    {.bitmap_index = 7091, .adv_w = 194, .box_w = 13, .box_h = 17, .ofs_x = 0, .ofs_y = 0},
    {.bitmap_index = 7202, .adv_w = 194, .box_w = 13, .box_h = 18, .ofs_x = 0, .ofs_y = 0},
    {.bitmap_index = 7319, .adv_w = 271, .box_w = 17, .box_h = 13, .ofs_x = 0, .ofs_y = 0},
    {.bitmap_index = 7430, .adv_w = 189, .box_w = 12, .box_h = 17, .ofs_x = 0, .ofs_y = -4},
    {.bitmap_index = 7532, .adv_w = 162, .box_w = 9, .box_h = 17, .ofs_x = 1, .ofs_y = 0},
    {.bitmap_index = 7609, .adv_w = 162, .box_w = 9, .box_h = 17, .ofs_x = 1, .ofs_y = 0},
    {.bitmap_index = 7686, .adv_w = 162, .box_w = 9, .box_h = 17, .ofs_x = 1, .ofs_y = 0},
    {.bitmap_index = 7763, .adv_w = 162, .box_w = 9, .box_h = 17, .ofs_x = 1, .ofs_y = 0},
    {.bitmap_index = 7840, .adv_w = 84, .box_w = 5, .box_h = 17, .ofs_x = -1, .ofs_y = 0},
    {.bitmap_index = 7883, .adv_w = 84, .box_w = 5, .box_h = 17, .ofs_x = 1, .ofs_y = 0},
    {.bitmap_index = 7926, .adv_w = 84, .box_w = 7, .box_h = 17, .ofs_x = -1, .ofs_y = 0},
    {.bitmap_index = 7986, .adv_w = 84, .box_w = 7, .box_h = 17, .ofs_x = -1, .ofs_y = 0},
    {.bitmap_index = 8046, .adv_w = 192, .box_w = 12, .box_h = 13, .ofs_x = 0, .ofs_y = 0},
    {.bitmap_index = 8124, .adv_w = 203, .box_w = 11, .box_h = 17, .ofs_x = 1, .ofs_y = 0},
    {.bitmap_index = 8218, .adv_w = 199, .box_w = 12, .box_h = 17, .ofs_x = 0, .ofs_y = 0},
    {.bitmap_index = 8320, .adv_w = 199, .box_w = 12, .box_h = 17, .ofs_x = 0, .ofs_y = 0},
    {.bitmap_index = 8422, .adv_w = 199, .box_w = 12, .box_h = 17, .ofs_x = 0, .ofs_y = 0},
    {.bitmap_index = 8524, .adv_w = 199, .box_w = 12, .box_h = 17, .ofs_x = 0, .ofs_y = 0},
    {.bitmap_index = 8626, .adv_w = 199, .box_w = 12, .box_h = 17, .ofs_x = 0, .ofs_y = 0},
    {.bitmap_index = 8728, .adv_w = 153, .box_w = 9, .box_h = 10, .ofs_x = 0, .ofs_y = 1},
    {.bitmap_index = 8773, .adv_w = 198, .box_w = 12, .box_h = 15, .ofs_x = 0, .ofs_y = -1},
    {.bitmap_index = 8863, .adv_w = 190, .box_w = 10, .box_h = 17, .ofs_x = 1, .ofs_y = 0},
    {.bitmap_index = 8948, .adv_w = 190, .box_w = 10, .box_h = 17, .ofs_x = 1, .ofs_y = 0},
    {.bitmap_index = 9033, .adv_w = 190, .box_w = 10, .box_h = 17, .ofs_x = 1, .ofs_y = 0},
    {.bitmap_index = 9118, .adv_w = 190, .box_w = 10, .box_h = 17, .ofs_x = 1, .ofs_y = 0},
    {.bitmap_index = 9203, .adv_w = 178, .box_w = 12, .box_h = 17, .ofs_x = 0, .ofs_y = 0},
    {.bitmap_index = 9305, .adv_w = 175, .box_w = 10, .box_h = 13, .ofs_x = 1, .ofs_y = 0},
    {.bitmap_index = 9370, .adv_w = 182, .box_w = 10, .box_h = 14, .ofs_x = 1, .ofs_y = 0},
    {.bitmap_index = 9440, .adv_w = 154, .box_w = 10, .box_h = 14, .ofs_x = 0, .ofs_y = 0},
    {.bitmap_index = 9510, .adv_w = 154, .box_w = 10, .box_h = 14, .ofs_x = 0, .ofs_y = 0},
    {.bitmap_index = 9580, .adv_w = 154, .box_w = 10, .box_h = 14, .ofs_x = 0, .ofs_y = 0},
    {.bitmap_index = 9650, .adv_w = 154, .box_w = 10, .box_h = 15, .ofs_x = 0, .ofs_y = 0},
    {.bitmap_index = 9725, .adv_w = 154, .box_w = 10, .box_h = 13, .ofs_x = 0, .ofs_y = 0},
    {.bitmap_index = 9790, .adv_w = 154, .box_w = 10, .box_h = 15, .ofs_x = 0, .ofs_y = 0},
    {.bitmap_index = 9865, .adv_w = 243, .box_w = 15, .box_h = 10, .ofs_x = 0, .ofs_y = 0},
    {.bitmap_index = 9940, .adv_w = 150, .box_w = 9, .box_h = 14, .ofs_x = 0, .ofs_y = -4},
    {.bitmap_index = 10003, .adv_w = 156, .box_w = 10, .box_h = 14, .ofs_x = 0, .ofs_y = 0},
    {.bitmap_index = 10073, .adv_w = 156, .box_w = 10, .box_h = 14, .ofs_x = 0, .ofs_y = 0},
    {.bitmap_index = 10143, .adv_w = 156, .box_w = 10, .box_h = 14, .ofs_x = 0, .ofs_y = 0},
    {.bitmap_index = 10213, .adv_w = 156, .box_w = 10, .box_h = 13, .ofs_x = 0, .ofs_y = 0},
    {.bitmap_index = 10278, .adv_w = 79, .box_w = 5, .box_h = 14, .ofs_x = -1, .ofs_y = 0},
    {.bitmap_index = 10313, .adv_w = 79, .box_w = 5, .box_h = 14, .ofs_x = 1, .ofs_y = 0},
    {.bitmap_index = 10348, .adv_w = 79, .box_w = 7, .box_h = 14, .ofs_x = -1, .ofs_y = 0},
    {.bitmap_index = 10397, .adv_w = 79, .box_w = 7, .box_h = 13, .ofs_x = -1, .ofs_y = 0},
    {.bitmap_index = 10443, .adv_w = 166, .box_w = 10, .box_h = 15, .ofs_x = 0, .ofs_y = 0},
    {.bitmap_index = 10518, .adv_w = 161, .box_w = 10, .box_h = 15, .ofs_x = 0, .ofs_y = 0},
    {.bitmap_index = 10593, .adv_w = 163, .box_w = 10, .box_h = 14, .ofs_x = 0, .ofs_y = 0},
    {.bitmap_index = 10663, .adv_w = 163, .box_w = 10, .box_h = 14, .ofs_x = 0, .ofs_y = 0},
    {.bitmap_index = 10733, .adv_w = 163, .box_w = 10, .box_h = 14, .ofs_x = 0, .ofs_y = 0},
    {.bitmap_index = 10803, .adv_w = 163, .box_w = 10, .box_h = 15, .ofs_x = 0, .ofs_y = 0},
    {.bitmap_index = 10878, .adv_w = 163, .box_w = 10, .box_h = 13, .ofs_x = 0, .ofs_y = 0},
    {.bitmap_index = 10943, .adv_w = 164, .box_w = 10, .box_h = 10, .ofs_x = 0, .ofs_y = 1},
    {.bitmap_index = 10993, .adv_w = 163, .box_w = 10, .box_h = 12, .ofs_x = 0, .ofs_y = -1},
    {.bitmap_index = 11053, .adv_w = 161, .box_w = 10, .box_h = 14, .ofs_x = 0, .ofs_y = 0},
    {.bitmap_index = 11123, .adv_w = 161, .box_w = 10, .box_h = 14, .ofs_x = 0, .ofs_y = 0},
    {.bitmap_index = 11193, .adv_w = 161, .box_w = 10, .box_h = 14, .ofs_x = 0, .ofs_y = 0},
    {.bitmap_index = 11263, .adv_w = 161, .box_w = 10, .box_h = 13, .ofs_x = 0, .ofs_y = 0},
    {.bitmap_index = 11328, .adv_w = 145, .box_w = 10, .box_h = 18, .ofs_x = 0, .ofs_y = -4},
    {.bitmap_index = 11418, .adv_w = 163, .box_w = 9, .box_h = 18, .ofs_x = 1, .ofs_y = -4},
    {.bitmap_index = 11499, .adv_w = 145, .box_w = 10, .box_h = 17, .ofs_x = 0, .ofs_y = -4},
    {.bitmap_index = 11584, .adv_w = 180, .box_w = 10, .box_h = 10, .ofs_x = 0, .ofs_y = 0},
    {.bitmap_index = 11634, .adv_w = 170, .box_w = 10, .box_h = 10, .ofs_x = 0, .ofs_y = 0},
    {.bitmap_index = 11684, .adv_w = 173, .box_w = 10, .box_h = 10, .ofs_x = 0, .ofs_y = 0},
    {.bitmap_index = 11734, .adv_w = 186, .box_w = 10, .box_h = 10, .ofs_x = 1, .ofs_y = 0},
    {.bitmap_index = 11784, .adv_w = 190, .box_w = 10, .box_h = 10, .ofs_x = 1, .ofs_y = 0},
    {.bitmap_index = 11834, .adv_w = 184, .box_w = 11, .box_h = 10, .ofs_x = 0, .ofs_y = 0},
    {.bitmap_index = 11889, .adv_w = 164, .box_w = 10, .box_h = 10, .ofs_x = 0, .ofs_y = 0},
    {.bitmap_index = 11939, .adv_w = 161, .box_w = 10, .box_h = 10, .ofs_x = 0, .ofs_y = 0},
    {.bitmap_index = 11989, .adv_w = 179, .box_w = 9, .box_h = 10, .ofs_x = 1, .ofs_y = 0},
    {.bitmap_index = 12034, .adv_w = 173, .box_w = 10, .box_h = 10, .ofs_x = 0, .ofs_y = 0},
    {.bitmap_index = 12084, .adv_w = 174, .box_w = 10, .box_h = 10, .ofs_x = 0, .ofs_y = 0},
    {.bitmap_index = 12134, .adv_w = 267, .box_w = 16, .box_h = 10, .ofs_x = 0, .ofs_y = 0},
    {.bitmap_index = 12214, .adv_w = 270, .box_w = 16, .box_h = 14, .ofs_x = 0, .ofs_y = -4},
    {.bitmap_index = 12326, .adv_w = 183, .box_w = 11, .box_h = 14, .ofs_x = 0, .ofs_y = -4},
    {.bitmap_index = 12403, .adv_w = 183, .box_w = 11, .box_h = 14, .ofs_x = 0, .ofs_y = -4},
    {.bitmap_index = 12480, .adv_w = 165, .box_w = 10, .box_h = 14, .ofs_x = 0, .ofs_y = -4},
    {.bitmap_index = 12550, .adv_w = 187, .box_w = 11, .box_h = 10, .ofs_x = 0, .ofs_y = 0},
    {.bitmap_index = 12605, .adv_w = 271, .box_w = 16, .box_h = 10, .ofs_x = 0, .ofs_y = 0},
    {.bitmap_index = 12685, .adv_w = 270, .box_w = 16, .box_h = 10, .ofs_x = 0, .ofs_y = 0},
    {.bitmap_index = 12765, .adv_w = 183, .box_w = 11, .box_h = 10, .ofs_x = 0, .ofs_y = 0},
    {.bitmap_index = 12820, .adv_w = 188, .box_w = 11, .box_h = 10, .ofs_x = 0, .ofs_y = 0},
    {.bitmap_index = 12875, .adv_w = 180, .box_w = 10, .box_h = 10, .ofs_x = 0, .ofs_y = 0},
    {.bitmap_index = 12925, .adv_w = 185, .box_w = 10, .box_h = 10, .ofs_x = 1, .ofs_y = 0},
    {.bitmap_index = 12975, .adv_w = 161, .box_w = 10, .box_h = 10, .ofs_x = 0, .ofs_y = 0},
    {.bitmap_index = 13025, .adv_w = 186, .box_w = 10, .box_h = 10, .ofs_x = 1, .ofs_y = 0},
    {.bitmap_index = 13075, .adv_w = 183, .box_w = 10, .box_h = 10, .ofs_x = 1, .ofs_y = 0},
    {.bitmap_index = 13125, .adv_w = 183, .box_w = 10, .box_h = 13, .ofs_x = 1, .ofs_y = 0},
    {.bitmap_index = 13190, .adv_w = 196, .box_w = 10, .box_h = 10, .ofs_x = 1, .ofs_y = 0},
    {.bitmap_index = 13240, .adv_w = 197, .box_w = 10, .box_h = 13, .ofs_x = 1, .ofs_y = 0},
    {.bitmap_index = 13305, .adv_w = 209, .box_w = 13, .box_h = 10, .ofs_x = 0, .ofs_y = 0},
    {.bitmap_index = 13370, .adv_w = 207, .box_w = 13, .box_h = 13, .ofs_x = 0, .ofs_y = 0},
    {.bitmap_index = 13455, .adv_w = 183, .box_w = 11, .box_h = 10, .ofs_x = 0, .ofs_y = 0},
    {.bitmap_index = 13510, .adv_w = 186, .box_w = 10, .box_h = 10, .ofs_x = 1, .ofs_y = 0},
    {.bitmap_index = 13560, .adv_w = 179, .box_w = 10, .box_h = 10, .ofs_x = 0, .ofs_y = 0},
    {.bitmap_index = 13610, .adv_w = 149, .box_w = 9, .box_h = 10, .ofs_x = 0, .ofs_y = 0},
    {.bitmap_index = 13655, .adv_w = 180, .box_w = 10, .box_h = 14, .ofs_x = 0, .ofs_y = -4},
    {.bitmap_index = 13725, .adv_w = 173, .box_w = 10, .box_h = 10, .ofs_x = 0, .ofs_y = 0},
    {.bitmap_index = 13775, .adv_w = 183, .box_w = 11, .box_h = 14, .ofs_x = 0, .ofs_y = -4},
    {.bitmap_index = 13852, .adv_w = 148, .box_w = 9, .box_h = 10, .ofs_x = 0, .ofs_y = 0},
    {.bitmap_index = 13897, .adv_w = 190, .box_w = 11, .box_h = 11, .ofs_x = 1, .ofs_y = 0},
    {.bitmap_index = 13958, .adv_w = 194, .box_w = 11, .box_h = 10, .ofs_x = 1, .ofs_y = 0},
    {.bitmap_index = 14013, .adv_w = 173, .box_w = 11, .box_h = 11, .ofs_x = 0, .ofs_y = 0},
    {.bitmap_index = 14074, .adv_w = 179, .box_w = 10, .box_h = 10, .ofs_x = 1, .ofs_y = 0},
    {.bitmap_index = 14124, .adv_w = 204, .box_w = 13, .box_h = 13, .ofs_x = 0, .ofs_y = 0},
    {.bitmap_index = 14209, .adv_w = 171, .box_w = 10, .box_h = 10, .ofs_x = 0, .ofs_y = 0},
    {.bitmap_index = 14259, .adv_w = 172, .box_w = 11, .box_h = 11, .ofs_x = 0, .ofs_y = 0},
    {.bitmap_index = 14320, .adv_w = 156, .box_w = 9, .box_h = 10, .ofs_x = 0, .ofs_y = 0},
    {.bitmap_index = 14365, .adv_w = 103, .box_w = 6, .box_h = 9, .ofs_x = 0, .ofs_y = 1},
    {.bitmap_index = 14392, .adv_w = 0, .box_w = 8, .box_h = 3, .ofs_x = -7, .ofs_y = 11},
    {.bitmap_index = 14404, .adv_w = 125, .box_w = 7, .box_h = 10, .ofs_x = 0, .ofs_y = 0},
    {.bitmap_index = 14439, .adv_w = 125, .box_w = 13, .box_h = 14, .ofs_x = -6, .ofs_y = 0},
    {.bitmap_index = 14530, .adv_w = 0, .box_w = 9, .box_h = 2, .ofs_x = -10, .ofs_y = 11},
    {.bitmap_index = 14539, .adv_w = 0, .box_w = 9, .box_h = 4, .ofs_x = -10, .ofs_y = 11},
    {.bitmap_index = 14557, .adv_w = 0, .box_w = 9, .box_h = 3, .ofs_x = -10, .ofs_y = 11},
    {.bitmap_index = 14571, .adv_w = 0, .box_w = 9, .box_h = 4, .ofs_x = -10, .ofs_y = 11},
    {.bitmap_index = 14589, .adv_w = 0, .box_w = 4, .box_h = 4, .ofs_x = -5, .ofs_y = -5},
    {.bitmap_index = 14597, .adv_w = 0, .box_w = 7, .box_h = 5, .ofs_x = -8, .ofs_y = -5},
    {.bitmap_index = 14615, .adv_w = 0, .box_w = 4, .box_h = 3, .ofs_x = -5, .ofs_y = -4},
    {.bitmap_index = 14621, .adv_w = 167, .box_w = 9, .box_h = 15, .ofs_x = 1, .ofs_y = -2},
    {.bitmap_index = 14689, .adv_w = 98, .box_w = 5, .box_h = 10, .ofs_x = 1, .ofs_y = 0},
    {.bitmap_index = 14714, .adv_w = 185, .box_w = 11, .box_h = 10, .ofs_x = 1, .ofs_y = 0},
    {.bitmap_index = 14769, .adv_w = 101, .box_w = 7, .box_h = 15, .ofs_x = 0, .ofs_y = 0},
    {.bitmap_index = 14822, .adv_w = 97, .box_w = 6, .box_h = 15, .ofs_x = 0, .ofs_y = 0},
    {.bitmap_index = 14867, .adv_w = 100, .box_w = 7, .box_h = 15, .ofs_x = 0, .ofs_y = 0},
    {.bitmap_index = 14920, .adv_w = 125, .box_w = 7, .box_h = 14, .ofs_x = 0, .ofs_y = -4},
    {.bitmap_index = 14969, .adv_w = 183, .box_w = 10, .box_h = 14, .ofs_x = 1, .ofs_y = -4},
    {.bitmap_index = 15039, .adv_w = 0, .box_w = 8, .box_h = 6, .ofs_x = -9, .ofs_y = 10},
    {.bitmap_index = 15063, .adv_w = 0, .box_w = 4, .box_h = 5, .ofs_x = -5, .ofs_y = 11},
    {.bitmap_index = 15073, .adv_w = 0, .box_w = 7, .box_h = 4, .ofs_x = -7, .ofs_y = 11},
    {.bitmap_index = 15087, .adv_w = 0, .box_w = 9, .box_h = 5, .ofs_x = -9, .ofs_y = 11},
    {.bitmap_index = 15110, .adv_w = 0, .box_w = 5, .box_h = 5, .ofs_x = -6, .ofs_y = 11},
    {.bitmap_index = 15123, .adv_w = 0, .box_w = 6, .box_h = 4, .ofs_x = -6, .ofs_y = 10},
    {.bitmap_index = 15135, .adv_w = 0, .box_w = 6, .box_h = 5, .ofs_x = -6, .ofs_y = 10},
    {.bitmap_index = 15150, .adv_w = 0, .box_w = 6, .box_h = 5, .ofs_x = -6, .ofs_y = 10},
    {.bitmap_index = 15165, .adv_w = 185, .box_w = 10, .box_h = 9, .ofs_x = 1, .ofs_y = 0},
    {.bitmap_index = 15210, .adv_w = 163, .box_w = 10, .box_h = 9, .ofs_x = 0, .ofs_y = 0},
    {.bitmap_index = 15255, .adv_w = 154, .box_w = 9, .box_h = 9, .ofs_x = 0, .ofs_y = 0},
    {.bitmap_index = 15296, .adv_w = 185, .box_w = 11, .box_h = 11, .ofs_x = 0, .ofs_y = 0},
    {.bitmap_index = 15357, .adv_w = 163, .box_w = 10, .box_h = 9, .ofs_x = 0, .ofs_y = 0},
    {.bitmap_index = 15402, .adv_w = 155, .box_w = 9, .box_h = 11, .ofs_x = 0, .ofs_y = 0},
    {.bitmap_index = 15452, .adv_w = 160, .box_w = 9, .box_h = 11, .ofs_x = 0, .ofs_y = 0},
    {.bitmap_index = 15502, .adv_w = 151, .box_w = 9, .box_h = 11, .ofs_x = 0, .ofs_y = 0},
    {.bitmap_index = 15552, .adv_w = 216, .box_w = 13, .box_h = 11, .ofs_x = 0, .ofs_y = 0},
    {.bitmap_index = 15624, .adv_w = 163, .box_w = 10, .box_h = 11, .ofs_x = 0, .ofs_y = 0},
    {.bitmap_index = 15679, .adv_w = 158, .box_w = 10, .box_h = 11, .ofs_x = 0, .ofs_y = 0},
    {.bitmap_index = 15734, .adv_w = 238, .box_w = 14, .box_h = 10, .ofs_x = 0, .ofs_y = 0},
    {.bitmap_index = 15804, .adv_w = 261, .box_w = 16, .box_h = 7, .ofs_x = 0, .ofs_y = 1}
};

/*---------------------
 *  CHARACTER MAPPING
 *--------------------*/



/*Collect the unicode lists and glyph_id offsets*/
static const lv_font_fmt_txt_cmap_t cmaps[] =
{
    {
        .range_start = 32, .range_length = 95, .glyph_id_start = 1,
        .unicode_list = NULL, .glyph_id_ofs_list = NULL, .list_length = 0, .type = LV_FONT_FMT_TXT_CMAP_FORMAT0_TINY
    },
    {
        .range_start = 160, .range_length = 96, .glyph_id_start = 96,
        .unicode_list = NULL, .glyph_id_ofs_list = NULL, .list_length = 0, .type = LV_FONT_FMT_TXT_CMAP_FORMAT0_TINY
    },
    {
        .range_start = 3585, .range_length = 58, .glyph_id_start = 192,
        .unicode_list = NULL, .glyph_id_ofs_list = NULL, .list_length = 0, .type = LV_FONT_FMT_TXT_CMAP_FORMAT0_TINY
    },
    {
        .range_start = 3647, .range_length = 29, .glyph_id_start = 250,
        .unicode_list = NULL, .glyph_id_ofs_list = NULL, .list_length = 0, .type = LV_FONT_FMT_TXT_CMAP_FORMAT0_TINY
    }
};



/*--------------------
 *  ALL CUSTOM DATA
 *--------------------*/

#if LVGL_VERSION_MAJOR == 8
/*Store all the custom data of the font*/
static  lv_font_fmt_txt_glyph_cache_t cache;
#endif

#if LVGL_VERSION_MAJOR >= 8
static const lv_font_fmt_txt_dsc_t font_dsc = {
#else
static lv_font_fmt_txt_dsc_t font_dsc = {
#endif
    .glyph_bitmap = glyph_bitmap,
    .glyph_dsc = glyph_dsc,
    .cmaps = cmaps,
    .kern_dsc = NULL,
    .kern_scale = 0,
    .cmap_num = 4,
    .bpp = 4,
    .kern_classes = 0,
    .bitmap_format = 0,
#if LVGL_VERSION_MAJOR == 8
    .cache = &cache
#endif
};

extern const lv_font_t lv_font_montserrat_18;


/*-----------------
 *  PUBLIC FONT
 *----------------*/

/*Initialize a public general font descriptor*/
#if LVGL_VERSION_MAJOR >= 8
const lv_font_t font_thai_18 = {
#else
lv_font_t font_thai_18 = {
#endif
    .get_glyph_dsc = lv_font_get_glyph_dsc_fmt_txt,    /*Function pointer to get glyph's data*/
    .get_glyph_bitmap = lv_font_get_bitmap_fmt_txt,    /*Function pointer to get glyph's bitmap*/
    .line_height = 23,          /*The maximum line height required by the font*/
    .base_line = 5,             /*Baseline measured from the bottom of the line*/
#if !(LVGL_VERSION_MAJOR == 6 && LVGL_VERSION_MINOR == 0)
    .subpx = LV_FONT_SUBPX_NONE,
#endif
#if LV_VERSION_CHECK(7, 4, 0) || LVGL_VERSION_MAJOR >= 8
    .underline_position = -1,
    .underline_thickness = 1,
#endif
    .dsc = &font_dsc,          /*The custom font data. Will be accessed by `get_glyph_bitmap/dsc` */
#if LV_VERSION_CHECK(8, 2, 0) || LVGL_VERSION_MAJOR >= 9
    .fallback = &lv_font_montserrat_18,
#endif
    .user_data = NULL,
};



#endif /*#if FONT_THAI_18*/

